launch_id,trial,attempt,final,coll,gpu_set,n_gpus,algo,proto,config,size_bytes,status,qc_flags,placement,iters,warmup,ops_in_region,t_op_us,algbw_gbs,busbw_gbs,region_s,timed_s,wall_per_op_us,energy_counter_j,energy_integrated_j,energy_integrated_lag05_j,p_avg_w,idle_w,idle_source,e_op_j,e_op_dyn_j,e_op_rate_j,j_per_byte,j_per_byte_dyn,gb_per_j,gb_per_j_dyn,edp_js,edp_dyn_js,temp_mean_c,temp_max_c,clk_gr_mean_mhz,clk_mem_mean_mhz,util_gpu_mean,util_mem_mean,pstates,n_samples_min,t_wall_start,selected
t1__reduce_scatter__2gpu_nvlink__Ring__default__67108864,1,0,True,reduce_scatter,2gpu_nvlink,2,Ring,default,Ring/auto,67108864,ok,,oop,2237,187,2424,1045.4399999999998,64.19,32.1,2.550688765011728,2.33864928,1052.264342001538,677.164,599.4494112243862,675.136832253333,265.48280185681,49.952906152086925,trial,0.27935808580858085,0.22679442388539053,0.27754634037318343,4.1627598674383886e-09,3.3795002681820174e-09,0.24022524283039265,0.2959017371340361,0.00029205211722772276,0.00023709996250674266,33.0,34.0,1922.9411764705883,7600.0,92.44117647058823,26.676470588235297,[2],51,1791258144.3741567,RING/SIMPLE[0-3]
t1__reduce_scatter__2gpu_nvlink__Ring__default__67108864,1,0,True,reduce_scatter,2gpu_nvlink,2,Ring,default,Ring/auto,67108864,ok,,ip,2237,187,2424,1043.21,64.33,32.16,2.528752686455846,2.33366077,1043.2148046435007,704.843,701.4416077211977,690.9229297541249,278.7314883638808,49.952906152086925,trial,0.29077681518151816,0.23866520394869364,0.2907754759760841,4.33291219445345e-09,3.55638867540201e-09,0.230791660463394,0.28118411435638746,0.00030334128136551156,0.0002489779274113167,33.970588235294116,35.0,1935.0,7600.0,100.0,29.0,[2],51,1791258144.3741567,RING/SIMPLE[0-3]
t1__all_gather__2gpu_nvlink__Ring__default__67108864,1,0,True,all_gather,2gpu_nvlink,2,Ring,default,Ring/auto,67108864,ok,,oop,2436,203,2639,967.1999999999999,69.39,34.69,2.5721918558701873,2.3560992,974.6842955173123,707.5419999999999,641.39051913041,691.5774451413602,275.07357135326686,49.952906152086925,trial,0.26810989010989006,0.21942157696800083,0.2660511582128797,3.995148690192253e-09,3.2696362878084306e-09,0.2503035750471351,0.30584441570113574,0.00025931588571428564,0.0002122245492434504,34.375,35.0,1920.0,7600.0,91.35576923076923,28.384615384615383,[2],52,1791258151.464016,RING/SIMPLE[0-3]
t1__all_gather__2gpu_nvlink__Ring__default__67108864,1,0,True,all_gather,2gpu_nvlink,2,Ring,default,Ring/auto,67108864,ok,,ip,2436,203,2639,941.19,71.3,35.65,2.483924051746726,2.29273884,941.2368517418439,680.031,682.5482346789036,669.4536659837793,273.77286335377033,49.952906152086925,trial,0.2576851079954528,0.2106675918735067,0.25767228125993513,3.839807331494284e-09,3.139191744826834e-09,0.26042973349156145,0.318553335153206,0.00024253064679424023,0.0001982782307954258,35.010000000000005,36.0,1927.5,7600.0,100.0,26.48,[2],50,1791258151.464016,RING/SIMPLE[0-3]
t1__all_reduce__4gpu__default__LL128__1048576,1,0,True,all_reduce,4gpu,4,default,LL128,auto/LL128,1048576,ok,,oop,9340,779,10119,262.86,3.99,5.98,2.676334003917873,2.4551124,264.4860167919629,1184.143,1107.1599092117824,1174.967496703897,442.4496338149643,102.25405975734952,trial,0.1170217412787825,0.08997697231275376,0.11630231074460151,1.1160062911871194e-07,8.580872756266952e-08,0.008960522963865007,0.011653826229618197,3.076033491254077e-05,2.3651346942130452e-05,33.410377358490564,35.0,1930.9669811320755,7600.0,93.18867924528303,2.792452830188679,[2],53,1791258158.517131,RING/LL128[0-7]
t1__all_reduce__4gpu__default__LL128__1048576,1,0,True,all_reduce,4gpu,4,default,LL128,auto/LL128,1048576,ok,,ip,9340,779,10119,262.18,4.0,6.0,2.649666441604495,2.4487612,261.8506217614878,1200.998,1196.497971800999,1183.6813482736743,453.26384526828986,102.25405975734952,trial,0.1186874197055045,0.09191213058040619,0.11883671495244023,1.131891438536687e-07,8.765423830071086e-08,0.008834769536668669,0.011408461466168376,3.1117467698389166e-05,2.4097522395570893e-05,34.04245283018868,36.0,1938.75,7600.0,100.0,2.0943396226415096,[2],53,1791258158.517131,RING/LL128[0-7]
t1__reduce_scatter__4gpu__Ring__default__1048576,1,0,True,reduce_scatter,4gpu,4,Ring,default,Ring/auto,1048576,ok,,oop,25089,2091,27180,99.53999999999999,10.53,7.9,2.7260246807709336,2.49735906,100.2952421181359,1120.284,1056.3850571063683,1111.6161134434649,410.95886178227045,102.25405975734952,trial,0.041217218543046365,0.030961622862120654,0.0409068451018072,3.9307802718206753e-08,2.9527304517861036e-08,0.02544024165300941,0.03386695861097314,4.102761933774835e-06,3.08191993969549e-06,34.03636363636363,35.0,1926.2045454545453,7600.0,91.5090909090909,0.9272727272727272,[2],55,1791258166.9899068,RING/SIMPLE[0-7]
t1__reduce_scatter__4gpu__Ring__default__1048576,1,0,True,reduce_scatter,4gpu,4,Ring,default,Ring/auto,1048576,ok,,ip,25089,2091,27180,99.62,10.53,7.89,2.7054664408788085,2.49936618,99.53886831783696,1130.454,1137.6619886186759,1129.5356442851237,417.8407031479563,102.25405975734952,trial,0.04159139072847682,0.03141313733932577,0.0416252908475994,3.9664641121365375e-08,2.995790227825715e-08,0.025211371431301054,0.03338017430966053,4.1433343443708605e-06,3.129376741743633e-06,34.53703703703704,36.0,1938.75,7600.0,99.44444444444444,1.0,[2],54,1791258166.9899068,RING/SIMPLE[0-7]
t1__reduce_scatter__4gpu__Ring__LL128__67108864,1,0,True,reduce_scatter,4gpu,4,Ring,LL128,Ring/LL128,67108864,ok,,oop,301,26,327,8029.36,8.36,6.27,2.647765239700675,2.4168373599999997,8097.141405812462,1188.8400000000001,1103.3364491422838,1175.1755761904956,448.9975101170209,102.25405975734952,trial,3.63559633027523,2.807630749101573,3.6051626478332026,5.41746069531922e-08,4.183695836516578e-08,0.018458832583022104,0.02390231123571876,0.029191511750458716,0.022543478031606203,34.910377358490564,36.0,1926.7924528301887,7600.0,91.67924528301887,2.7735849056603774,[2],53,1791258175.3830364,RING/LL128[0-7]
t1__reduce_scatter__4gpu__Ring__LL128__67108864,1,0,True,reduce_scatter,4gpu,4,Ring,LL128,Ring/LL128,67108864,ok,,ip,301,26,327,8071.91,8.31,6.24,2.6356275770813227,2.42964491,8060.023171502517,1213.0880000000002,1213.8533201597193,1202.195602642662,460.26533131944467,102.25405975734952,trial,3.709749235474007,2.8855791444495664,3.7152203305307387,5.527957134655128e-08,4.2998479969048e-08,0.018089865309029517,0.023256636065271133,0.029944761951314992,0.0232921351518739,35.45754716981132,36.0,1938.75,7600.0,100.0,3.0,[2],53,1791258175.3830364,RING/LL128[0-7]
t1__reduce_scatter__4gpu__Ring__LL128__1048576,1,0,True,reduce_scatter,4gpu,4,Ring,LL128,Ring/LL128,1048576,ok,,oop,18081,1507,19588,134.5,7.8,5.85,2.646227477118373,2.4318945,135.09431678162002,1173.855,1088.204936283002,1154.339779425084,443.59565084641827,102.25405975734952,trial,0.059927251378394934,0.04611330903732886,0.05966361503884325,5.715108049239629e-08,4.397707847340475e-08,0.017497481961571065,0.022739118529775747,8.060215310394118e-06,6.202240065520731e-06,35.49528301886792,36.0,1930.0471698113206,7600.0,91.72641509433963,2.0,[2],53,1791258183.7246535,RING/LL128[0-7]
t1__reduce_scatter__4gpu__Ring__LL128__1048576,1,0,True,reduce_scatter,4gpu,4,Ring,LL128,Ring/LL128,1048576,ok,,ip,18081,1507,19588,134.23,7.81,5.86,2.6247957656159997,2.4270126299999997,134.00019224096386,1176.91,1181.9802914793631,1171.2218778836807,448.38155235433993,102.25405975734952,trial,0.06008321421278334,0.0463811505478795,0.06018625577252305,5.729981824186644e-08,4.423251204288435e-08,0.01745206233951619,0.022607804843425554,8.064969843781908e-06,6.225741838041865e-06,35.7688679245283,37.0,1935.0,7600.0,99.39622641509433,2.018867924528302,[2],53,1791258183.7246535,RING/LL128[0-7]
t1__all_reduce__4gpu__Tree__LL128__1048576,1,0,True,all_reduce,4gpu,4,Tree,LL128,Tree/LL128,1048576,ok,,oop,13813,1152,14965,177.92,5.89,8.84,2.688607081770897,2.4576089599999995,179.65967803347124,1223.218,1142.2483070763085,1215.693982541089,454.9634672517141,102.25405975734952,trial,0.08173859004343469,0.06336765858981394,0.08094710009342497,7.795199398368329e-08,6.043210848790545e-08,0.012828408215052425,0.01654749478416982,1.4542929940527897e-05,1.1274373816299695e-05,36.120370370370374,37.0,1925.0694444444446,7600.0,92.07407407407408,3.7037037037037037,[2],54,1791258192.0627036,TREE/LL128[0-7]
t1__all_reduce__4gpu__Tree__LL128__1048576,1,0,True,all_reduce,4gpu,4,Tree,LL128,Tree/LL128,1048576,ok,,ip,13813,1152,14965,178.97999999999996,5.86,8.79,2.6736575681716204,2.47225074,178.6607128748159,1240.603,1245.7485169221363,1231.9050999220717,464.0096827539459,102.25405975734952,trial,0.08290030070163716,0.06463151749104507,0.08304845301930122,7.905988760150639e-08,6.163741826157099e-08,0.012648639282671409,0.016223911192326315,1.4837495819579016e-05,1.1567749000547244e-05,36.5,37.0,1935.0,7600.0,100.0,4.0,[2],54,1791258192.0627036,TREE/LL128[0-7]
t1__all_reduce__2gpu_nvlink__Tree__default__67108864,1,0,True,all_reduce,2gpu_nvlink,2,Tree,default,Tree/auto,67108864,ok,,oop,1588,133,1721,1513.05,44.35,44.35,2.6193243274465203,2.4027233999999997,1521.9781100793261,743.1990000000001,681.3071167145305,735.3426588036324,283.7369134522247,49.952906152086925,trial,0.43184137129575834,0.35581414159743513,0.4293081368988886,6.434937883850311e-09,5.3020438789939155e-09,0.1554016554704729,0.18860651153074842,0.0006533975868390471,0.0005383645869439992,37.23584905660377,38.0,1916.6037735849059,7600.0,92.27358490566039,29.320754716981135,[2],53,1791258200.407321,TREE/SIMPLE[0-3]
t1__all_reduce__2gpu_nvlink__Tree__default__67108864,1,0,True,all_reduce,2gpu_nvlink,2,Tree,default,Tree/auto,67108864,ok,,ip,1588,133,1721,1511.7,44.39,44.39,2.6016564471647143,2.4005796,1511.7120552961733,756.057,760.538338695392,748.3101024495893,290.6060101916804,49.952906152086925,trial,0.4393126089482859,0.36379819852109774,0.4393091056067633,6.546268000428168e-09,5.4210155981942674e-09,0.1527587932444247,0.18446727958744458,0.0006641088709471237,0.0005499537367043434,37.63461538461539,38.0,1927.5,7600.0,100.0,32.0,[2],52,1791258200.407321,TREE/SIMPLE[0-3]
t1__all_reduce__2gpu_nvlink__default__default__1048576,1,0,True,all_reduce,2gpu_nvlink,2,default,default,auto/auto,1048576,ok,,oop,46101,3842,49943,49.81,21.05,21.05,2.5096678929403424,2.29629081,50.2506435925023,565.985,537.522668083401,564.4888583953577,225.52187147634442,49.952906152086925,trial,0.011332619185871895,0.008822453502413658,0.011233244418236716,1.0807627855178733e-08,8.413747312940272e-09,0.09252724218486355,0.11885310585237194,5.644777616482791e-07,4.3944640895522433e-07,37.269999999999996,38.0,1918.5,7600.0,92.67,3.76,[2],50,1791258207.4510643,RING/SIMPLE[0-3]
t1__all_reduce__2gpu_nvlink__default__default__1048576,1,0,True,all_reduce,2gpu_nvlink,2,default,default,auto/auto,1048576,ok,,ip,46101,3842,49943,49.48,21.19,21.19,2.471609582193196,2.2810774799999995,49.488608657733735,575.42,570.8738545652876,564.3193562050366,232.8118502799289,49.952906152086925,trial,0.0115215345493863,0.00904943472550917,0.01151953035185088,1.0987791585336972e-08,8.630213475712939e-09,0.09101009900246777,0.11587198889276494,5.700855295036341e-07,4.477660302181937e-07,37.5,38.0,1927.5,7600.0,99.0,4.0,[2],49,1791258207.4510643,RING/SIMPLE[0-3]
t1__reduce_scatter__4gpu__Ring__LL128__4096,1,0,True,reduce_scatter,4gpu,4,Ring,LL128,Ring/LL128,4096,ok,,oop,115775,9648,125423,19.54,0.21,0.16,2.4829240003600717,2.2622435,19.79640098195763,961.3600000000001,915.0882806117158,958.3466229949894,387.1886533218836,102.25405975734952,trial,0.007664941836824188,0.005640679467834639,0.0075656662859096046,1.8713236906309052e-06,1.3771190107018162e-06,0.0005343810934509444,0.0007261536528279961,1.4977296349154463e-07,1.1021887680148885e-07,35.22,37.0,1924.275,7600.0,89.14,0.0,[2],50,1791258214.4548213,RING/LL128[0-0]
t1__reduce_scatter__4gpu__Ring__LL128__4096,1,0,True,reduce_scatter,4gpu,4,Ring,LL128,Ring/LL128,4096,ok,,ip,115775,9648,125423,19.53,0.21,0.16,2.448621340095997,2.2610857500000003,19.522905209538894,955.8870000000001,970.4403574457514,964.4709796723641,390.3776318320108,102.25405975734952,trial,0.007621305502180621,0.005625009186247361,0.007624075149679172,1.8606702886183157e-06,1.373293258361172e-06,0.0005374407309650618,0.0007281765885848419,1.4884409645758754e-07,1.0985642940741096e-07,35.5,37.0,1935.0,7600.0,97.4234693877551,0.0,[2],49,1791258214.4548213,RING/LL128[0-0]
t1__all_gather__2gpu_nvlink__Ring__LL128__4096,1,0,True,all_gather,2gpu_nvlink,2,Ring,LL128,Ring/LL128,4096,ok,,oop,198676,16557,215233,11.42,0.36,0.18,2.4768699686974287,2.26887992,11.507854133415547,479.82899999999995,470.2966540648648,484.55176237256427,193.72393628412362,49.952906152086925,trial,0.0022293468009087825,0.0016544960433703699,0.0022123273523646917,5.442741213156207e-07,4.039296980884692e-07,0.001837309474833743,0.0024756783290070905,2.5459140466378294e-08,1.8894344815289624e-08,36.44,37.0,1916.25,7600.0,87.86,0.0,[2],50,1791258222.3255985,RING/LL128[0-0]
t1__all_gather__2gpu_nvlink__Ring__LL128__4096,1,0,True,all_gather,2gpu_nvlink,2,Ring,LL128,Ring/LL128,4096,ok,,ip,198676,16557,215233,11.05,0.37,0.19,2.3774557476863265,2.1953698000000004,11.045962968904984,476.354,475.268537235445,472.7618377692048,200.36293018853218,49.952906152086925,trial,0.0022132015072038208,0.0016614235556586827,0.002214010378583281,5.403323992196828e-07,4.056209852682331e-07,0.0018507126380800836,0.0024653556801029664,2.445587665460222e-08,1.8358730290028444e-08,36.5,37.0,1927.5,7600.0,95.74468085106383,0.0,[2],47,1791258222.3255985,RING/LL128[0-0]
t1__all_reduce__4gpu__Ring__default__4096,1,0,True,all_reduce,4gpu,4,Ring,default,Ring/auto,4096,ok,,oop,184758,15397,200155,11.889999999999999,0.34,0.52,2.4041453255340457,2.19677262,12.011417778891587,923.8290000000001,877.930690586345,919.3614646021049,384.2650401322079,102.25405975734952,trial,0.004615567934850491,0.0033873517035172204,0.004568911327171952,1.1268476403443583e-06,8.269901619915089e-07,0.000887431418585041,0.0012092042275229236,5.487910274537234e-08,4.027561175481975e-08,35.10937499999999,37.0,1924.453125,7600.0,88.16666666666667,0.0,[2],48,1791258228.8364842,RING/LL[0-0]
t1__all_reduce__4gpu__Ring__default__4096,1,0,True,all_reduce,4gpu,4,Ring,default,Ring/auto,4096,ok,,ip,184758,15397,200155,11.869999999999997,0.35,0.52,2.3749557388946414,2.1930774599999996,11.8655828677507,919.0450000000001,933.9700849258819,928.7486831380297,386.97352752676755,102.25405975734952,trial,0.004591666458494667,0.003378362438879904,0.00459337577174273,1.1210123189684246e-06,8.247955173046641e-07,0.0008920508571397483,0.0012124217203166717,5.4503080862331687e-08,4.0101162149504453e-08,35.5,37.0,1935.0,7600.0,96.0,0.0,[2],47,1791258228.8364842,RING/LL[0-0]
t1__all_reduce__2gpu_nvlink__Tree__LL128__4096,1,0,True,all_reduce,2gpu_nvlink,2,Tree,LL128,Tree/LL128,4096,ok,,oop,147602,12301,159903,15.1,0.27,0.27,2.433860896155238,2.2287901999999997,15.220858246282047,486.66700000000003,465.2460944847068,481.4664494247912,199.95678502776647,49.952906152086925,trial,0.003043513880289926,0.0022831877767591807,0.0030193474539192736,7.430453809301577e-07,5.574188908103469e-07,0.0013458128206761504,0.0017939829748974806,4.595705959237788e-08,3.447613542906363e-08,36.4375,37.0,1920.78125,7600.0,89.67708333333334,0.0,[2],48,1791258236.7047205,TREE/LL128[0-0]
t1__all_reduce__2gpu_nvlink__Tree__LL128__4096,1,0,True,all_reduce,2gpu_nvlink,2,Tree,LL128,Tree/LL128,4096,ok,,ip,147602,12301,159903,15.09,0.27,0.27,2.4130652714520693,2.22731418,15.090806748166509,483.147,487.29038954962573,484.09534511166487,200.22127280016127,49.952906152086925,trial,0.003021500534699161,0.00226767088144872,0.0030213390065544337,7.376710289792874e-07,5.536305862911914e-07,0.001355617830598141,0.001806258586071025,4.559444306861034e-08,3.421915360106118e-08,36.5,37.0,1927.5,7600.0,97.0,0.0,[2],49,1791258236.7047205,TREE/LL128[0-0]
t1__all_reduce__2gpu_nvlink__Tree__default__4096,1,0,True,all_reduce,2gpu_nvlink,2,Tree,default,Tree/auto,4096,ok,,oop,282686,23558,306244,7.929999999999999,0.52,0.52,2.4478323785588145,2.2416999799999995,7.9930786515288945,492.31899999999996,468.1454876912798,481.22309745522205,201.12447417247483,49.952906152086925,trial,0.001607603740807983,0.0012083262330619107,0.0015949170801877251,3.92481382033199e-07,2.9500152174363055e-07,0.0025478915581157746,0.003389813022283473,1.2748297664607304e-08,9.58202702818095e-09,36.46938775510204,37.0,1921.9897959183672,7600.0,86.59183673469389,0.0,[2],49,1791258243.2196875,TREE/LL[0-0]
t1__all_reduce__2gpu_nvlink__Tree__default__4096,1,0,True,all_reduce,2gpu_nvlink,2,Tree,default,Tree/auto,4096,ok,,ip,282686,23558,306244,7.929999999999999,0.52,0.52,2.428795083425939,2.2416999799999995,7.930914837273348,476.57000000000005,484.8591500504384,482.28664493045693,196.21663566931048,49.952906152086925,trial,0.0015561774271495932,0.001160005182583084,0.0015559979208576318,3.7992612967519365e-07,2.8320439027907325e-07,0.002632090614180498,0.003531018707070844,1.2340486997296272e-08,9.198841097883854e-09,36.5,37.0,1927.5,7600.0,94.0,0.0,[2],48,1791258243.2196875,TREE/LL[0-0]
t1__reduce_scatter__4gpu__default__LL128__4096,1,0,True,reduce_scatter,4gpu,4,default,LL128,auto/LL128,4096,ok,,oop,115496,9625,125121,19.45,0.21,0.16,2.4639631947502494,2.2463971999999996,19.69264307950104,947.681,905.307537100406,948.3517131986155,384.6165405470102,102.25405975734952,trial,0.007574116255464711,0.005560463553233256,0.007480791713639347,1.8491494764318141e-06,1.3575350471760879e-06,0.0005407891642862946,0.0007366292325786919,1.4731656116878862e-07,1.0815101611038682e-07,34.825,37.0,1927.725,7600.0,88.785,0.0,[2],50,1791258249.7572649,RING/LL128[0-0]
t1__reduce_scatter__4gpu__default__LL128__4096,1,0,True,reduce_scatter,4gpu,4,default,LL128,auto/LL128,4096,ok,,ip,115496,9625,125121,19.45,0.21,0.16,2.4337166948243976,2.2463971999999996,19.450905082475344,964.2030000000001,962.8900656477908,957.267255561819,396.18539086759694,102.25405975734952,trial,0.007706164432829022,0.005717230422191055,0.00770580585237476,1.881387800983648e-06,1.395808208542738e-06,0.0005315225279323959,0.0007164308060947911,1.4988489821852446e-07,1.11200131711616e-07,35.161458333333336,37.0,1938.75,7600.0,97.52083333333334,0.0,[2],48,1791258249.7572649,RING/LL128[0-0]
t1__all_reduce__2gpu_nvlink__Ring__LL128__1048576,1,0,True,all_reduce,2gpu_nvlink,2,Ring,LL128,Ring/LL128,1048576,ok,,oop,46875,3907,50782,49.31999999999999,21.26,21.26,2.5245998799800873,2.3118749999999997,49.714463392148545,606.8969999999999,562.2287295497819,595.8842356705575,240.39334106471827,49.952906152086925,trial,0.011951025954078215,0.009467644029848859,0.011856199581311904,1.1397386507108893e-08,9.029048948143824e-09,0.08773941283611554,0.1107536359303466,5.894246000551375e-07,4.6694420355214565e-07,37.370000000000005,38.0,1920.0,7600.0,91.06,8.34,[2],50,1791258257.725875,RING/LL128[0-3]
t1__all_reduce__2gpu_nvlink__Ring__LL128__1048576,1,0,True,all_reduce,2gpu_nvlink,2,Ring,LL128,Ring/LL128,1048576,ok,,ip,46875,3907,50782,49.19,21.32,21.32,2.4982851799577475,2.30578125,49.1962738757384,600.5699999999999,604.6705572480004,596.9587407878022,240.39289221983742,49.952906152086925,trial,0.011826434563427985,0.00936893771148086,0.011824926368293801,1.1278566897800431e-08,8.934915267449245e-09,0.08866374682718085,0.11192047938530499,5.817423161750225e-07,4.608580460277434e-07,37.5,38.0,1927.5,7600.0,98.0,8.1,[2],50,1791258257.725875,RING/LL128[0-3]
t1__all_gather__2gpu_nvlink__Ring__LL128__1048576,1,0,True,all_gather,2gpu_nvlink,2,Ring,LL128,Ring/LL128,1048576,ok,,oop,70881,5907,76788,32.9,31.87,15.94,2.54585946444422,2.3319849,33.15439215039095,586.038,550.4328333412668,580.5578319444701,230.1925963253971,49.952906152086925,trial,0.007631895608688858,0.005975737369070891,0.0075733364191055644,7.2783428275002076e-09,5.698907250471965e-09,0.13739391283159114,0.1754722363514836,2.510893655258634e-07,1.966017594424323e-07,37.35294117647059,38.0,1913.6764705882351,7600.0,89.12745098039215,5.803921568627452,[2],51,1791258264.7565987,RING/LL128[0-3]
t1__all_gather__2gpu_nvlink__Ring__LL128__1048576,1,0,True,all_gather,2gpu_nvlink,2,Ring,LL128,Ring/LL128,1048576,ok,,ip,70881,5907,76788,32.23,32.54,16.27,2.4745714087039232,2.2844946299999997,32.226017199353066,572.6220000000001,573.0081586137632,565.0113193990696,231.40249579619748,49.952906152086925,trial,0.007457180809501486,0.0058473975966866635,0.007458102439511444,7.111721810819135e-09,5.576512905775703e-09,0.14061292421178367,0.1793235337022677,2.403449374902328e-07,1.8846162454121114e-07,37.5,38.0,1927.5,7600.0,97.92,4.24,[2],50,1791258264.7565987,RING/LL128[0-3]
t1__all_reduce__4gpu__Ring__LL128__67108864,1,0,True,all_reduce,4gpu,4,Ring,LL128,Ring/LL128,67108864,ok,,oop,147,13,160,15756.299999999997,4.26,6.39,2.550208759494126,2.3161760999999994,15938.804746838287,1148.117,1062.1541323505853,1134.706111943663,450.20510408243877,102.25405975734952,trial,7.17573125,5.545923756956071,7.093566681454129,1.0692672803997994e-07,8.264070387119161e-08,0.009352198634808125,0.0121005745735014,0.11306297429437498,0.08738323849172694,35.33823529411765,38.0,1927.941176470588,7600.0,90.94117647058825,2.7254901960784315,[2],51,1791258271.8102903,RING/LL128[0-7]
t1__all_reduce__4gpu__Ring__LL128__67108864,1,0,True,all_reduce,4gpu,4,Ring,LL128,Ring/LL128,67108864,ok,,ip,147,13,160,15865.0,4.23,6.34,2.5337466932833195,2.332155,15835.916833020749,1174.128,1170.4845590894972,1159.4895568874317,463.39596736819925,102.25405975734952,trial,7.338299999999999,5.719013213843878,7.351777022296481,1.0934919118881225e-07,8.521993776923236e-08,0.009145015057983458,0.011734343232072132,0.1164221295,0.09073214463763313,35.82843137254902,38.0,1938.75,7600.0,100.0,3.0,[2],51,1791258271.8102903,RING/LL128[0-7]
t1__all_reduce__2gpu_nvlink__Tree__default__1048576,1,0,True,all_reduce,2gpu_nvlink,2,Tree,default,Tree/auto,1048576,ok,,oop,41473,3457,44930,55.38999999999999,18.93,18.93,2.5087931975722313,2.2971894699999997,55.837818775255535,566.599,532.1252850793471,563.5943257756123,225.84523927611892,49.952906152086925,trial,0.012610705541954152,0.009821444220936575,0.012509567803504226,1.2026505987123634e-08,9.366459103523803e-09,0.08314966966055358,0.10676393170005782,6.985069799688404e-07,5.440097953976768e-07,37.40196078431373,38.0,1917.3529411764707,7600.0,90.5392156862745,6.333333333333334,[2],51,1791258280.216484,TREE/SIMPLE[0-3]
t1__all_reduce__2gpu_nvlink__Tree__default__1048576,1,0,True,all_reduce,2gpu_nvlink,2,Tree,default,Tree/auto,1048576,ok,,ip,41473,3457,44930,54.88,19.11,19.11,2.464804967865348,2.27603824,54.858779609733986,574.2950000000001,571.3518837792192,564.9171207023433,232.99815096419985,49.952906152086925,trial,0.012781994213220568,0.010041638743757506,0.012786938524915288,1.2189859593601768e-08,9.576452964551454e-09,0.08203539936792065,0.1044227965930221,7.014758424215448e-07,5.510851342574119e-07,37.5204081632653,39.0,1927.5,7600.0,98.9591836734694,6.561224489795919,[2],49,1791258280.216484,TREE/SIMPLE[0-3]
t1__reduce_scatter__2gpu_nvlink__Ring__LL128__4096,1,0,True,reduce_scatter,2gpu_nvlink,2,Ring,LL128,Ring/LL128,4096,ok,,oop,174673,14557,189230,12.74,0.32,0.16,2.4333726754412055,2.22533402,12.85933876996885,484.14300000000003,462.35610100550423,478.27545876196166,198.95965993462877,49.952906152086925,trial,0.0025584896686571897,0.0019161283259030428,0.0025347460675671707,6.246312667620092e-07,4.6780476706617257e-07,0.0016009445143273784,0.0021376438856565705,3.2595158378692594e-08,2.4411474872004767e-08,37.36734693877551,38.0,1918.3163265306123,7600.0,87.66326530612244,0.0,[2],49,1791258287.246921,RING/LL128[0-0]
t1__reduce_scatter__2gpu_nvlink__Ring__LL128__4096,1,0,True,reduce_scatter,2gpu_nvlink,2,Ring,LL128,Ring/LL128,4096,ok,,ip,174673,14557,189230,12.73,0.32,0.16,2.407231035642326,2.22358729,12.721191331407947,480.524,484.3605865799387,481.6397839732901,199.616901280014,49.952906152086925,trial,0.00253936479416583,0.001903904317445267,0.002541123153294578,6.199621079506421e-07,4.648203900012859e-07,0.0016130018063613889,0.0021513686178810565,3.2326113829731016e-08,2.423670196107825e-08,37.5,38.0,1927.5,7600.0,96.0,0.0,[2],48,1791258287.246921,RING/LL128[0-0]
t1__all_reduce__4gpu__Tree__LL128__67108864,1,0,True,all_reduce,4gpu,4,Tree,LL128,Tree/LL128,67108864,ok,,oop,243,21,264,10084.7,6.65,9.98,2.686258620582521,2.4505821,10175.222047661064,1234.358,1145.9415909991442,1219.0130039135177,459.50825082222605,102.25405975734952,trial,4.675598484848485,3.6351407215426494,4.634002857066903,6.967184670043714e-08,5.41678178540267e-08,0.014352999774781708,0.01846114611252819,0.047152008040151516,0.03665930363454116,35.37962962962963,39.0,1931.111111111111,7600.0,93.18518518518518,4.648148148148149,[2],54,1791258293.7757778,TREE/LL128[0-7]
t1__all_reduce__4gpu__Tree__LL128__67108864,1,0,True,all_reduce,4gpu,4,Tree,LL128,Tree/LL128,67108864,ok,,ip,243,21,264,10106.899999999998,6.64,9.96,2.675725318491459,2.4559766999999995,10135.323176104012,1248.588,1254.4850964663965,1241.1143876907386,466.6353423392273,102.25405975734952,trial,4.7295,3.693122058290611,4.716236741488336,7.047504186630249e-08,5.503180709914283e-08,0.014189420446135956,0.018171309515576054,0.04780058354999999,0.03732601533093737,36.089622641509436,39.0,1938.75,7600.0,100.0,5.0,[2],53,1791258293.7757778,TREE/LL128[0-7]
t1__all_gather__4gpu__default__LL128__1048576,1,0,True,all_gather,4gpu,4,default,LL128,auto/LL128,1048576,ok,,oop,16476,1373,17849,134.53,7.79,5.85,2.418922523036599,2.21651628,135.52145907538795,1076.937,988.0505150203288,1055.5015056474022,445.2135154159733,102.25405975734952,trial,0.06033598520925541,0.0464783658345575,0.05989457422891089,5.754087944913427e-08,4.432522376495123e-08,0.01737894883730432,0.022560517805907128,8.11700009020113e-06,6.252734555723021e-06,35.880208333333336,38.0,1927.1875,7600.0,91.5625,2.75,[2],48,1791258302.1817021,RING/LL128[0-7]
t1__all_gather__4gpu__default__LL128__1048576,1,0,True,all_gather,4gpu,4,default,LL128,auto/LL128,1048576,ok,,ip,16476,1373,17849,133.82,7.84,5.88,2.3871522983536124,2.2048183199999998,133.7415148385687,1075.5700000000002,1076.7049441102447,1064.6105484691282,450.5661413986056,102.25405975734952,trial,0.06025939828561825,0.046583785435276796,0.0602947610419614,5.746784046708894e-08,4.4425759730603024e-08,0.017401036681945384,0.022509463114733015,8.063912678581434e-06,6.233842166948741e-06,36.19270833333333,39.0,1938.75,7600.0,100.0,2.1041666666666665,[2],48,1791258302.1817021,RING/LL128[0-7]
t1__all_reduce__2gpu_nvlink__Ring__default__4096,1,1,True,all_reduce,2gpu_nvlink,2,Ring,default,Ring/auto,4096,ok,,oop,394985,25642,420627,6.3999999999999995,0.64,0.64,2.708011937327683,2.527904,6.438036401200311,531.37,519.8642352708137,532.5823332446275,196.22143930590124,49.952906152086925,trial,0.0012632807689473096,0.000941682140794431,0.0012558172115577678,3.0841815648127675e-07,2.2990286640489039e-07,0.003242351265596477,0.004349663036557636,8.08499692126278e-09,6.026765701084358e-09,37.336363636363636,38.0,1922.590909090909,7600.0,84.9,0.0,[2],55,1791258316.034072,RING/LL[0-0]
t1__all_reduce__2gpu_nvlink__Ring__default__4096,1,1,True,all_reduce,2gpu_nvlink,2,Ring,default,Ring/auto,4096,ok,,ip,394985,25642,420627,6.39,0.64,0.64,2.687056625261903,2.52395415,6.38821717403282,535.348,535.8180115486384,533.27403679872,199.23212446176882,49.952906152086925,trial,0.001272738079105716,0.0009536280661321044,0.0012730932753107027,3.1072707009416893e-07,2.328193520830333e-07,0.003218258388935795,0.004295175598819454,8.132796325485524e-09,6.093683342584147e-09,37.5,38.0,1927.5,7600.0,92.01886792452831,0.0,[2],53,1791258316.034072,RING/LL[0-0]
t1__reduce_scatter__2gpu_nvlink__Ring__LL128__1048576,1,0,True,reduce_scatter,2gpu_nvlink,2,Ring,LL128,Ring/LL128,1048576,ok,,oop,61131,5095,66226,37.83,27.72,13.86,2.5173624390736222,2.31258573,38.01169388266878,583.97,547.2265904491801,572.5972287451234,231.97692590300915,49.952906152086925,trial,0.00881783589526772,0.00691904131806491,0.008775687106910835,8.409343619601937e-09,6.598511999192152e-09,0.11891534526773634,0.15154931901653415,3.3357873191797784e-07,2.617473330623955e-07,37.629999999999995,39.0,1927.5,7600.0,90.17,3.68,[2],50,1791258323.0266087,RING/LL128[0-3]
t1__reduce_scatter__2gpu_nvlink__Ring__LL128__1048576,1,0,True,reduce_scatter,2gpu_nvlink,2,Ring,LL128,Ring/LL128,1048576,ok,,ip,61131,5095,66226,37.78,27.75,13.88,2.5024825213477015,2.30952918,37.787009956024846,577.313,581.2669963913049,575.395790247409,230.69611678609866,49.952906152086925,trial,0.00871731646181258,0.006829745499711297,0.008715699292178808,8.313480817616063e-09,6.513352870665834e-09,0.12028655889612742,0.1535307574849348,3.293402159272793e-07,2.5802778497909284e-07,38.0,39.0,1927.5,7600.0,98.0,4.0,[2],51,1791258323.0266087,RING/LL128[0-3]
t1__reduce_scatter__4gpu__default__LL128__1048576,1,0,True,reduce_scatter,4gpu,4,default,LL128,auto/LL128,1048576,ok,,oop,17601,1467,19068,134.51,7.8,5.85,2.5817121416330338,2.36751051,135.39501476993044,1137.727,1050.990410463263,1119.0146885736708,440.6870083046297,102.25405975734952,trial,0.0596668239983218,0.04582213406719011,0.059276809487055736,5.6902717588731576e-08,4.3699392382803066e-08,0.01757385310184253,0.022883613374760057,8.025784496014264e-06,6.1635352533777405e-06,35.25961538461539,38.0,1925.985576923077,7600.0,90.86057692307693,2.0240384615384617,[2],52,1791258330.0574646,RING/LL128[0-7]
t1__reduce_scatter__4gpu__default__LL128__1048576,1,0,True,reduce_scatter,4gpu,4,default,LL128,auto/LL128,1048576,ok,,ip,17601,1467,19068,132.06,7.94,5.96,2.5155260395258665,2.32438806,131.92395843957763,1118.681,1131.061284872354,1120.113635702959,444.7105624916736,102.25405975734952,trial,0.05866797776379274,0.04517821743408607,0.05872847688265042,5.595014358882212e-08,4.308530562790496e-08,0.017873055114013735,0.023209769210789405,7.74769314348647e-06,5.966235394345407e-06,35.735,39.0,1938.75,7600.0,99.785,2.145,[2],50,1791258330.0574646,RING/LL128[0-7]
t1__all_reduce__4gpu__Ring__LL128__4096,1,0,True,all_reduce,4gpu,4,Ring,LL128,Ring/LL128,4096,ok,,oop,78202,6517,84719,28.62,0.14,0.21,2.4515793342143297,2.23814124,28.937774692977133,948.692,901.0554884713995,944.2926582312718,386.9717723428405,102.25405975734952,trial,0.011198101960599158,0.008239097017898758,0.011075132124452096,2.7339116114744037e-06,2.011498295385439e-06,0.00036577627301589977,0.0004971418580339299,3.204896781123479e-07,2.3580295665226244e-07,35.36734693877551,38.0,1927.8826530612246,7600.0,88.86734693877551,0.0,[2],49,1791258338.4966948,RING/LL128[0-0]
t1__all_reduce__4gpu__Ring__LL128__4096,1,0,True,all_reduce,4gpu,4,Ring,LL128,Ring/LL128,4096,ok,,ip,78202,6517,84719,28.62,0.14,0.21,2.4247242119163275,2.23814124,28.620784144245416,965.636,959.023852598948,953.2788539888259,398.24570367812294,102.25405975734952,trial,0.011398104321344681,0.00847151294915681,0.01139779203926788,2.7827403128282912e-06,2.0682404661027366e-06,0.0003593580023942769,0.00048350277271401503,3.2621374567688477e-07,2.424547006048679e-07,35.80612244897959,38.0,1938.75,7600.0,98.0,0.0,[2],49,1791258338.4966948,RING/LL128[0-0]
t1__all_reduce__4gpu__default__default__1048576,1,0,True,all_reduce,4gpu,4,default,default,auto/auto,1048576,ok,,oop,13090,1091,14181,188.43999999999997,5.56,8.35,2.698301889002323,2.4666795999999995,190.27585424175467,1119.215,1054.8215721839656,1110.9738007168057,414.78494476903074,102.25405975734952,trial,0.07892355969254636,0.05946708112252925,0.07816207499227615,7.526737183813701e-08,5.6712227938203095e-08,0.013285969412490004,0.01763288159106811,1.4872355588463433e-05,1.1205976766729411e-05,35.87037037037037,38.0,1926.5277777777778,7600.0,91.55555555555554,1.8240740740740742,[2],54,1791258346.352329,RING/SIMPLE[0-7]
t1__all_reduce__4gpu__default__default__1048576,1,0,True,all_reduce,4gpu,4,default,default,auto/auto,1048576,ok,,ip,13090,1091,14181,188.69,5.56,8.34,2.6749319983646274,2.4699521,188.6278822625081,1137.641,1133.4309187548647,1124.588227233526,425.2971666926559,102.25405975734952,trial,0.08022290388548058,0.06093493714070778,0.08024932238323723,7.650652302310999e-08,5.8112084522922306e-08,0.013070780901883811,0.01720812475080893,1.5137259734151329e-05,1.149781328908015e-05,36.27777777777778,38.0,1938.75,7600.0,100.0,1.2361111111111112,[2],54,1791258346.352329,RING/SIMPLE[0-7]
t1__all_gather__2gpu_nvlink__default__default__4096,1,1,True,all_gather,2gpu_nvlink,2,default,default,auto/auto,4096,ok,,oop,432990,27028,460018,5.81,0.7,0.35,2.706173785030842,2.5156718999999996,5.882756294385963,536.991,515.0829405887746,528.9559281438267,198.43182391698468,49.952906152086925,trial,0.0011673260611541286,0.0008734652880650681,0.001152888896957681,2.849917141489572e-07,2.1324836134401078e-07,0.0035088739438836032,0.004689367804270284,6.782164415305487e-09,5.074833323658045e-09,36.925925925925924,38.0,1916.8055555555557,7600.0,85.06481481481481,0.0,[2],54,1791258360.7532814,RING/LL[0-0]
t1__all_gather__2gpu_nvlink__default__default__4096,1,1,True,all_gather,2gpu_nvlink,2,default,default,auto/auto,4096,ok,,ip,432990,27028,460018,5.79,0.71,0.35,2.6656999606639147,2.5070121,5.794773162493456,525.828,530.8487853637562,527.988284811513,197.257008575353,49.952906152086925,trial,0.001143059619406197,0.0008535938594475296,0.001142118079651294,2.7906728989409106e-07,2.0839693834168202e-07,0.003583365146017329,0.004798534987881764,6.61831519636188e-09,4.942308446201196e-09,37.00925925925926,38.0,1927.5,7600.0,91.5462962962963,0.0,[2],54,1791258360.7532814,RING/LL[0-0]
t1__all_reduce__4gpu__Tree__default__1048576,1,0,True,all_reduce,4gpu,4,Tree,default,Tree/auto,1048576,ok,,oop,18286,1524,19810,129.79,8.08,12.12,2.587065614759922,2.3733399399999997,130.59392300655838,1119.237,1039.0537514582861,1099.7093761302974,432.62799119374654,102.25405975734952,trial,0.05649858657243817,0.04314482776537884,0.056150786977036356,5.388125092738931e-08,4.114611412561306e-08,0.018559331544614765,0.024303631612626806,7.332951551236749e-06,5.599767195668519e-06,35.59134615384616,38.0,1930.8173076923076,7600.0,90.71153846153845,4.519230769230769,[2],52,1791258367.7788885,TREE/SIMPLE[0-7]
t1__all_reduce__4gpu__Tree__default__1048576,1,0,True,all_reduce,4gpu,4,Tree,default,Tree/auto,1048576,ok,,ip,18286,1524,19810,129.26,8.11,12.17,2.565759268589318,2.36364836,129.51838811657333,1109.98,1121.9557452144518,1112.1192254414327,432.61268256482964,102.25405975734952,trial,0.05603129732458354,0.04278751632643587,0.055919515348329875,5.3435609173377553e-08,4.080535538333499e-08,0.018714112470494964,0.024506587201747608,7.242605492175668e-06,5.5307143603551e-06,36.0,38.0,1938.75,7600.0,99.0,4.0588235294117645,[2],51,1791258367.7788885,TREE/SIMPLE[0-7]
t1__all_reduce__2gpu_nvlink__Ring__LL128__4096,1,0,True,all_reduce,2gpu_nvlink,2,Ring,LL128,Ring/LL128,4096,ok,,oop,151611,12635,164246,14.849999999999998,0.28,0.28,2.4646436544135213,2.2514233499999996,15.005806256551278,482.47900000000004,465.86628364692757,482.6571027062557,195.76014534028417,49.952906152086925,trial,0.0029375388137306236,0.002187955182060719,0.0029070381583032197,7.17172561945953e-07,5.341687456202927e-07,0.0013943645547267343,0.0018720675969889815,4.3622451383899757e-08,3.2491134453601674e-08,36.9795918367347,38.0,1918.3163265306123,7600.0,90.10204081632654,0.0,[2],49,1791258376.2068648,RING/LL128[0-0]
t1__all_reduce__2gpu_nvlink__Ring__LL128__4096,1,0,True,all_reduce,2gpu_nvlink,2,Ring,LL128,Ring/LL128,4096,ok,,ip,151611,12635,164246,14.829999999999998,0.28,0.28,2.4358870685100555,2.24839113,14.830723844173104,488.068,488.7385572059558,485.9740898934848,200.36561066787615,49.952906152086925,trial,0.0029715670396843756,0.002230729283328879,0.0029714220062046033,7.254802342979433e-07,5.446116414377146e-07,0.0013783973052935248,0.0018361708122142054,4.4068339198519284e-08,3.308171527176727e-08,37.265306122448976,38.0,1927.5,7600.0,97.0,0.0,[2],49,1791258376.2068648,RING/LL128[0-0]
t1__reduce_scatter__2gpu_nvlink__Ring__default__1048576,1,0,True,reduce_scatter,2gpu_nvlink,2,Ring,default,Ring/auto,1048576,ok,,oop,63661,5306,68967,35.86,29.24,14.62,2.4852878469973803,2.28288346,36.035899009633305,547.215,519.0666122478707,540.0319073488815,220.18173897286064,49.952906152086925,trial,0.007934446909391449,0.006134349028057154,0.007895717159566782,7.566878232375573e-09,5.85017111592975e-09,0.13215489522765275,0.17093517098620337,2.8452926617077736e-07,2.1997775614612952e-07,37.45918367346938,38.0,1927.5,7600.0,92.40816326530611,1.7755102040816326,[2],49,1791258382.6989007,RING/SIMPLE[0-3]
t1__reduce_scatter__2gpu_nvlink__Ring__default__1048576,1,0,True,reduce_scatter,2gpu_nvlink,2,Ring,default,Ring/auto,1048576,ok,,ip,63661,5306,68967,35.9,29.21,14.6,2.4765495723113418,2.2854299,35.90919675078432,542.27,549.2366643897036,544.1890721657388,218.96190008177555,49.952906152086925,trial,0.007862745950962055,0.006068977215673301,0.007860732212935742,7.498498869859748e-09,5.787827697442342e-09,0.13336002543382447,0.17277639423196772,2.8227257963953776e-07,2.1787628204267148e-07,37.5,38.0,1927.5,7600.0,99.0,1.09,[2],50,1791258382.6989007,RING/SIMPLE[0-3]
t1__all_gather__4gpu__Ring__LL128__67108864,1,0,True,all_gather,4gpu,4,Ring,LL128,Ring/LL128,67108864,ok,,oop,266,23,289,8083.36,8.3,6.23,2.3516972372308373,2.15017376,8137.3606824596445,1046.799,975.1139957110319,1045.7251736670883,445.12490104067274,102.25405975734952,trial,3.6221418685121107,2.7900637030207758,3.598104820076132,5.3974119849683504e-08,4.1575188979816076e-08,0.018527397997132208,0.024052807083702735,0.029279076694256053,0.022553089334450018,35.505319148936174,38.0,1929.7340425531916,7600.0,91.65957446808511,2.7872340425531914,[2],47,1791258389.7008889,RING/LL128[0-7]
t1__all_gather__4gpu__Ring__LL128__67108864,1,0,True,all_gather,4gpu,4,Ring,LL128,Ring/LL128,67108864,ok,,ip,266,23,289,8051.839999999999,8.33,6.25,2.3234044378623366,2.1417894399999997,8039.461722707047,1074.602,1068.8098390901691,1055.7644230484857,462.51181347862735,102.25405975734952,trial,3.718346020761246,2.8962784213506354,3.7240711202397505,5.540767342986533e-08,4.315791161880844e-08,0.018048041689853547,0.023170722643683132,0.029939527223806228,0.023320370444167897,36.04787234042553,39.0,1938.75,7600.0,100.0,3.0,[2],47,1791258389.7008889,RING/LL128[0-7]
t1__all_gather__4gpu__Ring__default__67108864,1,0,True,all_gather,4gpu,4,Ring,default,Ring/auto,67108864,ok,,oop,459,39,498,5362.19,12.52,9.39,2.6962408730760217,2.4612452099999995,5414.138299349441,1195.842,1113.2942327912608,1181.797132852696,443.52194640374137,102.25405975734952,trial,2.401289156626506,1.8476715354302737,2.3782489457866776,3.578199679593006e-08,2.753245138273051e-08,0.027947014966860168,0.03632077602168187,0.012876168702771083,0.009907565830568859,35.91203703703704,38.0,1925.9722222222222,7600.0,91.9074074074074,4.611111111111111,[2],54,1791258397.5584347,RING/SIMPLE[0-7]
t1__all_gather__4gpu__Ring__default__67108864,1,0,True,all_gather,4gpu,4,Ring,default,Ring/auto,67108864,ok,,ip,459,39,498,5390.079999999999,12.45,9.34,2.68029011413455,2.4740467199999996,5382.108662920783,1193.336,1214.4660072617082,1203.0263706673907,445.22643041770914,102.25405975734952,trial,2.39625702811245,1.8459145672735997,2.399806078065885,3.570701223779395e-08,2.7506270517015453e-08,0.028005703567142864,0.03635534666109669,0.012916017082088354,0.009949627190770083,36.342592592592595,39.0,1938.75,7600.0,100.0,4.592592592592593,[2],54,1791258397.5584347,RING/SIMPLE[0-7]
t1__reduce_scatter__2gpu_nvlink__default__default__4096,1,1,True,reduce_scatter,2gpu_nvlink,2,default,default,auto/auto,4096,ok,,oop,439025,22100,461125,5.74,0.71,0.36,2.658975034020841,2.5200035,5.766278197930801,523.498,511.5791745105747,523.3577821301496,196.87962214838038,49.952906152086925,trial,0.00113526267281106,0.0008472203191429978,0.0011300890311317035,2.771637384792627e-07,2.0684089822827095e-07,0.0036079755796583745,0.004834633810651864,6.516407741935485e-09,4.863044631880808e-09,36.990566037735846,38.0,1927.5,7600.0,84.68867924528303,0.0,[2],53,1791258410.8960006,RING/LL[0-0]
t1__reduce_scatter__2gpu_nvlink__default__default__4096,1,1,True,reduce_scatter,2gpu_nvlink,2,default,default,auto/auto,4096,ok,,ip,439025,22100,461125,5.72,0.72,0.36,2.63961383420974,2.5112229999999998,5.724291318427195,525.249,524.9802065236485,522.2329937857158,198.98706136204635,49.952906152086925,trial,0.0011390599078341015,0.0008531149208175018,0.001138205990990905,2.7809079781105994e-07,2.082800099652104e-07,0.003595947826649836,0.0048012288849373155,6.51542267281106e-09,4.8798173470761095e-09,37.0377358490566,38.0,1927.5,7600.0,91.98113207547169,0.0,[2],53,1791258410.8960006,RING/LL[0-0]
t1__all_gather__4gpu__Ring__LL128__4096,1,0,True,all_gather,4gpu,4,Ring,LL128,Ring/LL128,4096,ok,,oop,127052,10588,137640,17.79,0.23,0.17,2.476629505865276,2.26025508,17.993530266385324,965.945,911.016306867802,953.8937372436463,390.0240216440939,102.25405975734952,trial,0.007017909038070329,0.0051779975189656866,0.00693852734504843,1.713356698747639e-06,1.264159550528732e-06,0.0005836496280844147,0.0007910393902270898,1.2484860178727114e-07,9.211657586239955e-08,35.12,38.0,1926.225,7600.0,88.65,0.0,[2],50,1791258417.8845985,RING/LL128[0-0]
t1__all_gather__4gpu__Ring__LL128__4096,1,0,True,all_gather,4gpu,4,Ring,LL128,Ring/LL128,4096,ok,,ip,127052,10588,137640,17.459999999999997,0.23,0.18,2.4032246004790068,2.2183279199999997,17.46021941644149,944.972,951.4049762324935,945.403669643619,393.2100228216912,102.25405975734952,trial,0.0068655332752106946,0.005080154955625452,0.0068654469984667284,1.676155584768236e-06,1.2402722059632451e-06,0.0005966033279292931,0.0008062746187425525,1.1987221098517872e-07,8.869950552522038e-08,35.463541666666664,38.0,1938.75,7600.0,97.0,0.0,[2],48,1791258417.8845985,RING/LL128[0-0]
t1__all_gather__2gpu_nvlink__default__default__67108864,1,0,True,all_gather,2gpu_nvlink,2,default,default,auto/auto,67108864,ok,,oop,2428,203,2631,968.2899999999998,69.31,34.65,2.561186627484858,2.35100812,973.4650807620137,714.9359999999999,651.6030225593344,701.9583355918121,279.14248509960515,49.952906152086925,trial,0.2717354618015963,0.22310805197995776,0.27029087689709663,4.049173918390219e-09,3.3245690461986923e-09,0.2469639536741751,0.3007908652531668,0.00026311873030786763,0.00021603329565167328,38.16666666666667,39.0,1922.3529411764707,7600.0,93.18627450980392,28.764705882352942,[2],51,1791258425.8245595,RING/SIMPLE[0-3]
t1__all_gather__2gpu_nvlink__default__default__67108864,1,0,True,all_gather,2gpu_nvlink,2,default,default,auto/auto,67108864,ok,,ip,2428,203,2631,941.88,71.25,35.62,2.4784429538995028,2.28688464,942.0155659063105,677.361,692.5988135554578,679.2587137541268,273.3010251191224,49.952906152086925,trial,0.25745381984036486,0.2103974046828419,0.257416769539199,3.836360869413091e-09,3.135165641946225e-09,0.26066369511087883,0.3189624135390905,0.00024249060383124284,0.00019816910752267514,38.5,39.0,1927.5,7600.0,100.0,26.387755102040817,[2],49,1791258425.8245595,RING/SIMPLE[0-3]
t1__reduce_scatter__2gpu_nvlink__Ring__default__4096,1,1,True,reduce_scatter,2gpu_nvlink,2,Ring,default,Ring/auto,4096,ok,,oop,439025,21368,460393,5.74,0.71,0.36,2.6675842432305217,2.5200035,5.794145964926751,521.951,510.40434000082064,523.5002539589784,195.66429863444623,49.952906152086925,trial,0.0011337075064129993,0.0008442730767955201,0.0011231130741617213,2.7678405918286115e-07,2.0612135663953128e-07,0.0036129248301085735,0.004851510858958773,6.507481086810616e-09,4.846127460806286e-09,37.35849056603774,38.0,1921.9811320754716,7600.0,84.66037735849056,0.0,[2],53,1791258437.8481386,RING/LL[0-0]
t1__reduce_scatter__2gpu_nvlink__Ring__default__4096,1,1,True,reduce_scatter,2gpu_nvlink,2,Ring,default,Ring/auto,4096,ok,,ip,439025,21368,460393,5.73,0.71,0.36,2.6374667892232537,2.51561325,5.728729127556791,523.624,525.6664803884428,522.8339635272407,198.5329264199796,49.952906152086925,trial,0.0011373413583612262,0.0008511746898816551,0.001137593668386483,2.7767123006865873e-07,2.0780632077188844e-07,0.0036013813881716652,0.004812173163383766,6.516965983409826e-09,4.877230973021884e-09,37.5,38.0,1927.5,7600.0,92.0,0.0,[2],53,1791258437.8481386,RING/LL[0-0]
t1__reduce_scatter__2gpu_nvlink__default__default__1048576,1,0,True,reduce_scatter,2gpu_nvlink,2,default,default,auto/auto,1048576,ok,,oop,67133,5595,72728,35.809999999999995,29.28,14.64,2.620436147786677,2.40403273,36.03063672569955,581.858,549.3090741900462,571.143091142993,222.04624237513286,49.952906152086925,trial,0.008000467495325046,0.006200632480366239,0.007951475939453508,7.629840369534536e-09,5.9133839419996635e-09,0.13106434100416256,0.16910791009146636,2.8649674100758985e-07,2.22044649121915e-07,37.47169811320755,39.0,1927.5,7600.0,90.11320754716981,1.7924528301886793,[2],53,1791258444.8539817,RING/SIMPLE[0-3]
t1__reduce_scatter__2gpu_nvlink__default__default__1048576,1,0,True,reduce_scatter,2gpu_nvlink,2,default,default,auto/auto,1048576,ok,,ip,67133,5595,72728,35.82999999999999,29.26,14.63,2.6062598964199424,2.4053753899999997,35.83571521862202,577.149,580.8360761355855,576.5059253084191,221.447216677352,49.952906152086925,trial,0.007935719392806071,0.006145621273597334,0.00793445377354952,7.568091767126152e-09,5.860921166989645e-09,0.13213370434324587,0.17062164316972578,2.843368258442415e-07,2.2019761023299244e-07,37.77884615384615,39.0,1927.5,7600.0,99.0,2.0,[2],52,1791258444.8539817,RING/SIMPLE[0-3]
t1__all_gather__4gpu__Ring__LL128__1048576,1,0,True,all_gather,4gpu,4,Ring,LL128,Ring/LL128,1048576,ok,,oop,18221,1519,19740,135.74,7.73,5.79,2.6919027492403984,2.47331854,136.36792042757844,1193.757,1109.1374630014593,1177.2884463409064,443.46215714399585,102.25405975734952,trial,0.060474012158054716,0.046529838673667626,0.060195553210726,5.767251220517608e-08,4.437431208960307e-08,0.017339282818865147,0.022535560618511554,8.208742410334347e-06,6.315960301563644e-06,34.98148148148148,39.0,1929.0972222222222,7600.0,91.96296296296296,2.7546296296296298,[2],54,1791258451.861696,RING/LL128[0-7]
t1__all_gather__4gpu__Ring__LL128__1048576,1,0,True,all_gather,4gpu,4,Ring,LL128,Ring/LL128,1048576,ok,,ip,18221,1519,19740,136.02,7.71,5.78,2.690737114287913,2.4784204200000004,136.3088710378882,1212.8980000000001,1214.0799279705484,1202.259757127012,450.76793030410414,102.25405975734952,trial,0.0614436676798379,0.04750553223527283,0.06131345387996425,5.859724777206221e-08,4.530480597998889e-08,0.017065647927525643,0.022072713443286776,8.357567677811552e-06,6.4617024946418115e-06,35.69444444444444,39.0,1938.75,7600.0,100.0,2.0694444444444446,[2],54,1791258451.861696,RING/LL128[0-7]
t1__all_reduce__4gpu__Tree__LL128__4096,1,0,True,all_reduce,4gpu,4,Tree,LL128,Tree/LL128,4096,ok,,oop,106101,8842,114943,21.34,0.19,0.29,2.4821738973259926,2.26419534,21.594824367956225,974.216,916.6354014102081,962.0603564491166,392.48499109974034,102.25405975734952,trial,0.008475644449857756,0.006267485988487292,0.008375629710068458,2.0692491332660537e-06,1.5301479464080302e-06,0.0004832670865598594,0.0006535315766997993,1.808702525599645e-07,1.337481509943188e-07,35.265,38.0,1925.55,7600.0,89.47,0.0,[2],50,1791258460.3099976,TREE/LL128[0-0]
t1__all_reduce__4gpu__Tree__LL128__4096,1,0,True,all_reduce,4gpu,4,Tree,LL128,Tree/LL128,4096,ok,,ip,106101,8842,114943,21.3,0.19,0.29,2.448843590915203,2.2599513,21.304851891069514,974.835,977.7628491701371,972.015693879408,398.079731844236,102.25405975734952,trial,0.008481029727778117,0.006302522129387213,0.008479098288282227,2.0705638983833292e-06,1.5387016917449251e-06,0.0004829602219862848,0.0006498985510739094,1.8064593320167387e-07,1.3424372135594764e-07,35.54081632653061,38.0,1938.75,7600.0,98.0,0.0,[2],49,1791258460.3099976,TREE/LL128[0-0]
t1__all_gather__4gpu__default__default__1048576,1,0,True,all_gather,4gpu,4,default,default,auto/auto,1048576,ok,,oop,23583,1966,25549,100.68,10.41,7.81,2.598464851267636,2.37433644,101.70514897912386,1114.754,1048.182567904727,1107.7595604197238,429.00484086062505,102.25405975734952,trial,0.0436320012524952,0.03323223687115373,0.043192207377847736,4.1610718967910006e-08,3.169273078074811e-08,0.02403226920378846,0.03155297682986202,4.392869886101217e-06,3.345821608187758e-06,35.85576923076923,38.0,1928.7259615384614,7600.0,90.5576923076923,2.6875,[2],52,1791258468.2167487,RING/SIMPLE[0-7]
t1__all_gather__4gpu__default__default__1048576,1,0,True,all_gather,4gpu,4,default,default,auto/auto,1048576,ok,,ip,23583,1966,25549,100.56,10.43,7.82,2.56759837269783,2.37150648,100.49702034122001,1125.819,1119.9838650452994,1108.342709787814,438.4716129949397,102.25405975734952,trial,0.0440650906102,0.03378886228679333,0.04409270540277113,4.2023745165061953e-08,3.222357014350255e-08,0.023796070437610308,0.031033184577210375,4.431185511761713e-06,3.3978079915599372e-06,36.09134615384615,38.0,1938.75,7600.0,99.51442307692308,2.091346153846154,[2],52,1791258468.2167487,RING/SIMPLE[0-7]
t1__reduce_scatter__2gpu_nvlink__default__LL128__1048576,1,0,True,reduce_scatter,2gpu_nvlink,2,default,LL128,auto/LL128,1048576,ok,,oop,61100,5092,66192,37.78,27.76,13.88,2.5198000697419047,2.308358,38.06804553030433,566.2629999999999,534.866201552079,565.6409456618806,224.72536880991532,49.952906152086925,trial,0.008554855571670291,0.006653246065901627,0.0084901244336386,8.158546039266864e-09,6.345029893781306e-09,0.12257085946282913,0.15760367039091322,3.232024434977036e-07,2.5135963636976344e-07,37.620000000000005,39.0,1917.15,7600.0,90.61,3.7199999999999998,[2],50,1791258476.563674,RING/LL128[0-3]
t1__reduce_scatter__2gpu_nvlink__default__LL128__1048576,1,0,True,reduce_scatter,2gpu_nvlink,2,default,LL128,auto/LL128,1048576,ok,,ip,61100,5092,66192,37.72999999999999,27.79,13.9,2.4972231052815914,2.3053029999999994,37.72696255259837,578.643,581.0653095206011,574.696701999454,231.7145787960148,49.952906152086925,trial,0.008741887237128354,0.006857315817335109,0.008742591057973637,8.336913334968904e-09,6.539645974478826e-09,0.11994847011369705,0.1529134763414612,3.298314054568527e-07,2.5872652578805365e-07,38.0,39.0,1927.5,7600.0,98.0,4.0,[2],50,1791258476.563674,RING/LL128[0-3]
t1__all_reduce__2gpu_nvlink__Tree__LL128__67108864,1,0,True,all_reduce,2gpu_nvlink,2,Tree,LL128,Tree/LL128,67108864,ok,,oop,1118,94,1212,2172.43,30.89,30.89,2.655426406301558,2.42877674,2190.945879786764,725.4659999999999,668.9692896620454,717.8633404392253,273.2013202393431,49.952906152086925,trial,0.598569306930693,0.48912519301340324,0.5935107441275561,8.91937772826393e-09,7.288533345064569e-09,0.1121154446493702,0.13720181450183666,0.0013003499194554453,0.0010625902430581075,38.52830188679245,40.0,1917.735849056604,7600.0,92.77358490566039,20.69811320754717,[2],53,1791258483.5631447,TREE/LL128[0-3]
t1__all_reduce__2gpu_nvlink__Tree__LL128__67108864,1,0,True,all_reduce,2gpu_nvlink,2,Tree,LL128,Tree/LL128,67108864,ok,,ip,1118,94,1212,2171.8099999999995,30.9,30.9,2.631542833521962,2.4280835799999996,2171.239961651784,738.717,738.3340947558253,726.9679480386869,280.7163123434049,49.952906152086925,trial,0.6095024752475248,0.5010427292094723,0.6096624943105302,9.082294631712508e-09,7.466118472955709e-09,0.11010433382201844,0.1339384050256193,0.0013237235707673266,0.001088169609724424,39.0377358490566,40.0,1921.9811320754716,7600.0,100.0,22.5,[2],53,1791258483.5631447,TREE/LL128[0-3]
t1__all_gather__4gpu__default__default__4096,1,0,True,all_gather,4gpu,4,default,default,auto/auto,4096,ok,,oop,265781,22149,287930,8.559999999999999,0.48,0.36,2.4903605207800865,2.27508536,8.64918737463997,965.0350000000001,916.0370283873044,957.7738616083811,387.50815070651305,102.25405975734952,trial,0.003351630604660855,0.002467216082001907,0.0033170697700477514,8.182691905910291e-07,6.023476762699968e-07,0.0012220917168807347,0.0016601707608344108,2.8689957975896917e-08,2.111936966193632e-08,35.36,39.0,1926.75,7600.0,86.88,0.0,[2],50,1791258490.566044,RING/LL[0-0]
t1__all_gather__4gpu__default__default__4096,1,0,True,all_gather,4gpu,4,default,default,auto/auto,4096,ok,,ip,265781,22149,287930,8.53,0.48,0.36,2.456684198230505,2.26711193,8.5322272713177,963.27,969.2975782009032,963.3411672390487,392.10167944818545,102.25405975734952,trial,0.0033455006425172785,0.0024730457652526712,0.003344627325693022,8.167726178020699e-07,6.037709387823904e-07,0.0012243309560144092,0.0016562572587820717,2.8537120480672385e-08,2.1095080377605283e-08,35.61224489795919,39.0,1935.0,7600.0,94.0,0.0,[2],49,1791258490.566044,RING/LL[0-0]
t1__reduce_scatter__2gpu_nvlink__default__default__67108864,1,0,True,reduce_scatter,2gpu_nvlink,2,default,default,auto/auto,67108864,ok,,oop,2246,188,2434,1047.22,64.08,32.04,2.5648028915748,2.35205612,1053.739889718488,705.184,646.258392100819,695.6800860896058,274.94666444602063,49.952906152086925,trial,0.28972226787181593,0.23708489805199787,0.2879296459411617,4.317198215005039e-09,3.5328402824997584e-09,0.2316317088532922,0.28305836665008316,0.0003034029533607231,0.0002482800469380132,38.68627450980392,40.0,1909.4117647058824,7600.0,92.16666666666666,26.519607843137255,[2],51,1791258498.520481,RING/SIMPLE[0-3]
t1__reduce_scatter__2gpu_nvlink__default__default__67108864,1,0,True,reduce_scatter,2gpu_nvlink,2,default,default,auto/auto,67108864,ok,,ip,2246,188,2434,1044.65,64.24,32.12,2.542480055242777,2.3462839,1044.568634035652,716.508,718.6819847281816,708.2253442720012,281.814600088016,49.952906152086925,trial,0.2943746918652424,0.24219545291984587,0.2943976219819459,4.386524734873211e-09,3.6089934843755643e-09,0.22797090189641986,0.2770855653603437,0.0003075185218570255,0.000253009479892717,39.19607843137255,40.0,1920.0,7600.0,100.0,29.0,[2],51,1791258498.520481,RING/SIMPLE[0-3]
t1__reduce_scatter__4gpu__default__default__1048576,1,0,True,reduce_scatter,4gpu,4,default,default,auto/auto,1048576,ok,,oop,24160,2014,26174,98.31,10.67,8.0,2.5891688307747245,2.3751696,98.92140409470178,1077.453,1009.1786596426746,1064.5817098870202,416.1385643120102,102.25405975734952,trial,0.04116501107969741,0.031049895914116853,0.04091058225751372,3.9258013801286134e-08,2.9611488260380604e-08,0.025472506201198567,0.033770676813227714,4.0469322392450525e-06,3.0525152673168276e-06,35.69230769230769,39.0,1924.1826923076924,7600.0,91.34615384615384,0.9278846153846154,[2],52,1791258505.5470073,RING/SIMPLE[0-7]
t1__reduce_scatter__4gpu__default__default__1048576,1,0,True,reduce_scatter,4gpu,4,default,default,auto/auto,1048576,ok,,ip,24160,2014,26174,98.12,10.69,8.02,2.565897995606065,2.3705792,98.03232198387961,1075.595,1088.527311995194,1080.5204130914517,419.18852652829037,102.25405975734952,trial,0.04109402460456942,0.031069821694278067,0.041130778222955855,3.919031582314436e-08,2.963049096515471e-08,0.025516507815674116,0.03374901891352372,4.032145694200352e-06,3.048570904642564e-06,36.11274509803921,39.0,1935.0,7600.0,99.30392156862746,1.0,[2],51,1791258505.5470073,RING/SIMPLE[0-7]
t1__reduce_scatter__2gpu_nvlink__Ring__LL128__67108864,1,0,True,reduce_scatter,2gpu_nvlink,2,Ring,LL128,Ring/LL128,67108864,ok,,oop,2011,168,2179,1149.11,58.4,29.2,2.5259662978351116,2.3108602099999995,1159.2318943713224,725.062,651.5344383221955,705.954169149557,287.04341804616195,49.952906152086925,trial,0.33274988526847177,0.27484288324043515,0.3298444621110251,4.958359677619811e-09,4.095478106147575e-09,0.20167960071828342,0.244171736261741,0.00038236622066085355,0.0003158247055604164,39.147058823529406,40.0,1912.9411764705883,7600.0,92.07843137254902,22.666666666666668,[2],51,1791258513.9956007,RING/LL128[0-3]
t1__reduce_scatter__2gpu_nvlink__Ring__LL128__67108864,1,0,True,reduce_scatter,2gpu_nvlink,2,Ring,LL128,Ring/LL128,67108864,ok,,ip,2011,168,2179,1146.28,58.54,29.27,2.4976358832791448,2.3051690799999998,1146.2303273424254,720.682,725.020026835897,713.0857554097292,288.54566224994215,49.952906152086925,trial,0.3307397888939881,0.273482252923576,0.3307541217238637,4.928406907528461e-09,4.07520313447082e-09,0.2029053239237278,0.2453865407447606,0.00037912040521340064,0.0003134872368812367,39.68,41.0,1920.0,7600.0,100.0,23.85,[2],50,1791258513.9956007,RING/LL128[0-3]
t1__all_gather__4gpu__default__LL128__67108864,1,0,True,all_gather,4gpu,4,default,LL128,auto/LL128,67108864,ok,,oop,302,26,328,8094.96,8.29,6.22,2.680967695079744,2.44467792,8173.681997194341,1214.208,1120.6407426635255,1193.2496194583218,452.89915362590153,102.25405975734952,trial,3.7018536585365855,2.8660614911579034,3.666200532635528,5.516191808188834e-08,4.27076442712233e-08,0.018128448661184904,0.023415011927356687,0.029966357291707317,0.02320065312846358,36.25,40.0,1922.638888888889,7600.0,91.51851851851852,2.7592592592592595,[2],54,1791258521.0350857,RING/LL128[0-7]
t1__all_gather__4gpu__default__LL128__67108864,1,0,True,all_gather,4gpu,4,default,LL128,auto/LL128,67108864,ok,,ip,302,26,328,8104.28,8.28,6.21,2.6574972607195377,2.44749256,8102.12579487664,1213.205,1223.4735450958588,1211.307890074897,456.52163708026376,102.25405975734952,trial,3.698795731707317,2.870320476516438,3.69977917295684,5.511635142128642e-08,4.2771108098573057e-08,0.018143436098598344,0.023380268701370454,0.029976076272560975,0.023261880831422638,36.86320754716981,40.0,1935.0,7600.0,100.0,3.0,[2],53,1791258521.0350857,RING/LL128[0-7]
t1__all_reduce__2gpu_nvlink__Ring__default__67108864,1,0,True,all_reduce,2gpu_nvlink,2,Ring,default,Ring/auto,67108864,ok,,oop,1437,120,1557,1639.28,40.94,40.94,2.568587181158364,2.35564536,1649.7027496200153,713.1410000000001,653.9926071898738,704.7953466365027,277.6393985110494,49.952906152086925,trial,0.45802247912652544,0.37561503249591705,0.4551287131911931,6.825066791870079e-09,5.5971001460539854e-09,0.14651871263607055,0.17866394631245083,0.0007508270895825305,0.0006157382104699068,39.294117647058826,40.0,1911.764705882353,7600.0,91.83333333333334,26.686274509803923,[2],51,1791258529.4850328,RING/SIMPLE[0-3]
t1__all_reduce__2gpu_nvlink__Ring__default__67108864,1,0,True,all_reduce,2gpu_nvlink,2,Ring,default,Ring/auto,67108864,ok,,ip,1437,120,1557,1639.71,40.93,40.93,2.5530705815181136,2.35626327,1639.7370465755387,724.162,729.0658421802434,718.3384627762126,283.6435487691832,49.952906152086925,trial,0.46510083493898524,0.3831912041372971,0.4650931633523174,6.930542512818951e-09,5.709993900914447e-09,0.14428884869407674,0.17513153557657066,0.0007626304900578035,0.0006283224493359675,39.78431372549019,41.0,1920.0,7600.0,100.0,29.049019607843135,[2],51,1791258529.4850328,RING/SIMPLE[0-3]
t1__reduce_scatter__2gpu_nvlink__default__LL128__67108864,1,0,True,reduce_scatter,2gpu_nvlink,2,default,LL128,auto/LL128,67108864,ok,,oop,2020,169,2189,1150.61,58.32,29.16,2.5356813156977296,2.3242321999999995,1158.3742876645636,729.835,659.8095594208888,711.7919426120022,287.82599590957483,49.952906152086925,trial,0.3334102329830973,0.27554607090239885,0.33117546915351587,4.968199625359435e-09,4.105956418848021e-09,0.20128015687929462,0.243548615228742,0.00038362514817268155,0.0003170460646410091,39.83,41.0,1912.8000000000002,7600.0,92.64,22.64,[2],50,1791258536.4906642,RING/LL128[0-3]
t1__reduce_scatter__2gpu_nvlink__default__LL128__67108864,1,0,True,reduce_scatter,2gpu_nvlink,2,default,LL128,auto/LL128,67108864,ok,,ip,2020,169,2189,1145.1099999999997,58.6,29.3,2.506268779747188,2.3131221999999996,1144.9377705560476,723.808,728.6220362902285,716.9702683027157,288.7990329883979,49.952906152086925,trial,0.33065692096847876,0.2734639519659129,0.33070666066534427,4.927172079212647e-09,4.074930428950681e-09,0.20295617525089527,0.24540296268506015,0.00037863854677021465,0.0003131463060356864,40.23529411764706,41.0,1920.0,7600.0,100.0,23.96078431372549,[2],51,1791258536.4906642,RING/LL128[0-3]
t1__all_gather__4gpu__default__LL128__4096,1,0,True,all_gather,4gpu,4,default,LL128,auto/LL128,4096,ok,,oop,126850,10571,137421,17.82,0.23,0.17,2.475440790876746,2.260467,18.013555358182128,949.361,909.0937371217692,953.6746963794234,383.511899577189,102.25405975734952,trial,0.006908412833555279,0.0050664536675174,0.006834182050465508,1.6866242269422067e-06,1.2369271649212403e-06,0.0005929002939872187,0.0008084550395201917,1.2310791669395507e-07,9.028420435516007e-08,35.66,40.0,1921.65,7600.0,88.41999999999999,0.0,[2],50,1791258543.4764948,RING/LL128[0-0]
t1__all_gather__4gpu__default__LL128__4096,1,0,True,all_gather,4gpu,4,default,LL128,auto/LL128,4096,ok,,ip,126850,10571,137421,17.48,0.23,0.18,2.402480786666274,2.217338,17.482632106201194,948.368,953.9880565015886,948.6353260266642,394.7453004675108,102.25405975734952,trial,0.0069011868637253405,0.005113516755622087,0.006900147852172088,1.6848600741516945e-06,1.2484171766655485e-06,0.0005935210972955646,0.0008010142912891853,1.2063274637791894e-07,8.938427288827408e-08,36.005208333333336,40.0,1935.0,7600.0,97.0,0.0,[2],48,1791258543.4764948,RING/LL128[0-0]
t1__all_reduce__2gpu_nvlink__Ring__default__1048576,1,0,True,all_reduce,2gpu_nvlink,2,Ring,default,Ring/auto,1048576,ok,,oop,45890,3825,49715,49.99999999999999,20.97,20.97,2.506417131051421,2.2944999999999998,50.41571218045703,575.625,534.9438273057297,563.4769764220523,229.66049540146977,49.952906152086925,trial,0.011578497435381675,0.00906008609624068,0.011483024770073487,1.1042115626699138e-08,8.640371414414101e-09,0.09056235542236699,0.11573576551718286,5.789248717690837e-07,4.53004304812034e-07,38.91,40.0,1912.8000000000002,7600.0,91.84,3.7199999999999998,[2],50,1791258551.3848302,RING/SIMPLE[0-3]
t1__all_reduce__2gpu_nvlink__Ring__default__1048576,1,0,True,all_reduce,2gpu_nvlink,2,Ring,default,Ring/auto,1048576,ok,,ip,45890,3825,49715,49.58,21.15,21.15,2.465115469880402,2.2752261999999996,49.58494357599119,565.869,571.5978773883185,565.662585650616,229.55070742688326,49.952906152086925,trial,0.011382258875590868,0.008905346842582856,0.011381124074224872,1.0854967952338093e-08,8.492800562460762e-09,0.09212371739748952,0.11774678948898491,5.643323950517952e-07,4.4152709645525793e-07,39.0,40.0,1920.0,7600.0,99.0,4.0,[2],49,1791258551.3848302,RING/SIMPLE[0-3]
t1__all_reduce__4gpu__Ring__default__67108864,1,0,True,all_reduce,4gpu,4,Ring,default,Ring/auto,67108864,ok,,oop,236,20,256,10468.9,6.41,9.62,2.699126010760665,2.4706604,10543.460979533847,1184.7939999999999,1105.510338554903,1169.6620347442029,438.9546820995224,102.25405975734952,trial,4.6281015624999995,3.5499898734494626,4.59537267143169,6.89640874043107e-08,5.2898971340797284e-08,0.014500300629476517,0.01890395927659126,0.048451132447656246,0.03716448898615508,35.9212962962963,39.0,1927.638888888889,7600.0,92.24074074074075,4.212962962962964,[2],54,1791258558.3994954,RING/SIMPLE[0-7]
t1__all_reduce__4gpu__Ring__default__67108864,1,0,True,all_reduce,4gpu,4,Ring,default,Ring/auto,67108864,ok,,ip,236,20,256,10492.1,6.4,9.59,2.681410549208522,2.4761356,10474.259957845788,1180.91,1198.1527942228172,1187.6573124219756,440.4062631694248,102.25405975734952,trial,4.6129296875,3.5418940838564237,4.620786553799922,6.87380088493228e-08,5.277833467507994e-08,0.01454799195874368,0.018947168495488068,0.04839931957421876,0.03716190691722999,36.49537037037037,40.0,1935.0,7600.0,100.0,4.564814814814816,[2],54,1791258558.3994954,RING/SIMPLE[0-7]
t1__all_reduce__4gpu__default__LL128__4096,1,0,True,all_reduce,4gpu,4,default,LL128,auto/LL128,4096,ok,,oop,105634,8803,114437,21.35,0.19,0.29,2.467597301118076,2.2552859,21.562932452948573,962.974,915.9618980853166,961.0617747928218,390.2476305852959,102.25405975734952,trial,0.008414883298233963,0.006209985914646468,0.008331786912996068,2.054414867732901e-06,1.5161098424429854e-06,0.00048675660194356235,0.0006595828164987365,1.7965775841729512e-07,1.325831992777021e-07,36.0969387755102,39.0,1924.1326530612246,7600.0,89.69387755102039,0.0,[2],49,1791258566.7596164,TREE/LL128[0-0]
t1__all_reduce__4gpu__default__LL128__4096,1,0,True,all_reduce,4gpu,4,default,LL128,auto/LL128,4096,ok,,ip,105634,8803,114437,21.34,0.19,0.29,2.4435333628207445,2.2542295599999997,21.352651352453705,977.698,978.818656179274,972.7802603089881,400.11649313900654,102.25405975734952,trial,0.00854354797836364,0.00636015269099199,0.008538485963586398,2.0858271431551856e-06,1.5527716530742164e-06,0.0004794261131760523,0.0006440096958365867,1.8231931385828007e-07,1.3572565842576906e-07,36.25,39.0,1935.0,7600.0,97.9795918367347,0.0,[2],49,1791258566.7596164,TREE/LL128[0-0]
t1__all_reduce__4gpu__Ring__default__1048576,1,0,True,all_reduce,4gpu,4,Ring,default,Ring/auto,1048576,ok,,oop,12897,1075,13972,184.38,5.69,8.53,2.6023564590141177,2.37794886,186.25511444418248,1092.134,1017.9236005316126,1073.7663767598415,419.67117771934534,102.25405975734952,trial,0.07816590323504151,0.0591205616325541,0.07737897174789289,7.45448143339553e-08,5.6381761200479604e-08,0.013414749354932635,0.017736232049301318,1.4412229238476953e-05,1.0900649153810325e-05,36.42924528301887,39.0,1924.6698113207547,7600.0,90.96226415094338,1.599056603773585,[2],53,1791258574.618582,RING/SIMPLE[0-7]
t1__all_reduce__4gpu__Ring__default__1048576,1,0,True,all_reduce,4gpu,4,Ring,default,Ring/auto,1048576,ok,,ip,12897,1075,13972,184.98,5.67,8.5,2.5835375897586346,2.38568706,184.90821569987364,1088.095,1096.9213464969766,1088.0036947163135,421.164764280304,102.25405975734952,trial,0.0778768250787289,0.058969209340929134,0.07790705809657063,7.426912792084589e-08,5.6237420407227644e-08,0.013464544798018554,0.017781754439637844,1.440565510306327e-05,1.090812434388507e-05,36.75,39.0,1933.235294117647,7600.0,100.0,1.4215686274509802,[2],51,1791258574.618582,RING/SIMPLE[0-7]
t1__all_reduce__4gpu__default__default__4096,1,0,True,all_reduce,4gpu,4,default,default,auto/auto,4096,ok,,oop,186191,15516,201707,11.91,0.34,0.52,2.423617735505104,2.21753481,12.01553607710741,945.941,891.5780927414431,932.9102721913628,390.30123692458346,102.25405975734952,trial,0.004689678593206978,0.003461041249161849,0.004648487731771789,1.1449410627946725e-06,8.449807737211545e-07,0.0008734074027872775,0.0011834588798939965,5.585407204509511e-08,4.122100127751762e-08,36.38775510204081,38.0,1922.984693877551,7600.0,88.57142857142857,0.0,[2],49,1791258582.9862525,RING/LL[0-0]
t1__all_reduce__4gpu__default__default__4096,1,0,True,all_reduce,4gpu,4,default,default,auto/auto,4096,ok,,ip,186191,15516,201707,11.9,0.34,0.52,2.4014225425198674,2.2156729,11.905499276276318,941.5730000000001,947.7769849479009,941.8185717651915,392.08968156515516,102.25405975734952,trial,0.004668023420109367,0.0034506377856719267,0.004665867210625346,1.1396541553001384e-06,8.424408656425602e-07,0.0008774591794794455,0.0011870269365877254,5.5549478699301465e-08,4.1062589649495924e-08,36.5,38.0,1931.25,7600.0,96.0,0.0,[2],48,1791258582.9862525,RING/LL[0-0]
t1__all_reduce__4gpu__Tree__default__4096,1,0,True,all_reduce,4gpu,4,Tree,default,Tree/auto,4096,ok,,oop,163044,13587,176631,14.16,0.29,0.43,2.5386993726715446,2.30870304,14.372898147389442,992.274,941.1450575545446,984.7889755252394,390.85919769846646,102.25405975734952,trial,0.005617779438490412,0.0041480922524409535,0.005534566239410285,1.3715281832251983e-06,1.0127178350685922e-06,0.0007291137085119635,0.0009874418770676326,7.954775684902424e-08,5.87369862945639e-08,36.41176470588235,38.0,1921.1029411764705,7600.0,88.84313725490196,0.0,[2],51,1791258590.8851542,TREE/LL[0-0]
t1__all_reduce__4gpu__Tree__default__4096,1,0,True,all_reduce,4gpu,4,Tree,default,Tree/auto,4096,ok,,ip,163044,13587,176631,14.16,0.29,0.43,2.5014009419828653,2.30870304,14.161732323221095,989.7,996.127341434997,989.8343972310785,395.65828228059394,102.25405975734952,trial,0.005603206685123223,0.004155112061876985,0.00560252127709321,1.367970382110162e-06,1.0144316557316858e-06,0.0007310099787814489,0.0009857736539961614,7.934140666134484e-08,5.883638679617811e-08,36.615,38.0,1931.25,7600.0,96.255,0.0,[2],50,1791258590.8851542,TREE/LL[0-0]
t1__all_reduce__2gpu_nvlink__Ring__LL128__67108864,1,0,True,all_reduce,2gpu_nvlink,2,Ring,LL128,Ring/LL128,67108864,ok,,oop,1283,107,1390,1853.3399999999997,36.21,36.21,2.593986574560404,2.3778352199999997,1866.1773917700746,731.394,660.8420702621131,716.8191517145351,281.95751172071795,49.952906152086925,trial,0.5261827338129497,0.4329617496987127,0.5225631347724753,7.840733733966197e-09,6.45163282303084e-09,0.12753908421452734,0.15499952142816167,0.000975195507884892,0.000802425329186612,38.63461538461539,40.0,1909.6153846153848,7600.0,91.84615384615384,21.817307692307693,[2],52,1791258599.2400982,RING/LL128[0-3]
t1__all_reduce__2gpu_nvlink__Ring__LL128__67108864,1,0,True,all_reduce,2gpu_nvlink,2,Ring,LL128,Ring/LL128,67108864,ok,,ip,1283,107,1390,1851.43,36.25,36.25,2.5735555263236165,2.37538469,1851.4787959162707,731.149,742.6317503289274,731.0522176944924,284.10072855294607,49.952906152086925,trial,0.5260064748201438,0.43351972828515956,0.525992611864781,7.838107270302532e-09,6.4599473518902e-09,0.12758182116093983,0.15480002320876454,0.0009738641676762589,0.000802631430538993,39.28846153846154,40.0,1920.0,7600.0,100.0,23.58653846153846,[2],52,1791258599.2400982,RING/LL128[0-3]
t1__all_reduce__4gpu__Tree__default__67108864,1,0,True,all_reduce,4gpu,4,Tree,default,Tree/auto,67108864,ok,,oop,354,30,384,6825.259999999999,9.83,14.75,2.6361980009824038,2.41614204,6865.098960891676,1187.807,1100.5205521740402,1167.97461474929,450.57579118008306,102.25405975734952,trial,3.0932473958333335,2.391263156446198,3.0752969245097734,4.609297805776199e-08,3.5632597751113745e-08,0.02169527858987192,0.028064190182955258,0.021112217720885416,0.016320992771165978,36.7122641509434,39.0,1923.9622641509436,7600.0,91.81132075471699,6.415094339622641,[2],53,1791258606.2385714,TREE/SIMPLE[0-7]
t1__all_reduce__4gpu__Tree__default__67108864,1,0,True,all_reduce,4gpu,4,Tree,default,Tree/auto,67108864,ok,,ip,354,30,384,6827.45,9.83,14.74,2.6177966566756368,2.4169172999999997,6817.178793426137,1184.203,1196.3458311175104,1184.664468786119,452.3663046861057,102.25405975734952,trial,3.0838619791666666,2.3867777714471345,3.0885083269291522,4.595312445114056e-08,3.556576030622623e-08,0.02176130593825552,0.028116930198872694,0.021054913469661457,0.016295605895666736,37.198113207547166,39.0,1931.25,7600.0,100.0,7.0,[2],53,1791258606.2385714,TREE/SIMPLE[0-7]
t1__all_reduce__2gpu_nvlink__default__LL128__4096,1,0,True,all_reduce,2gpu_nvlink,2,default,LL128,auto/LL128,4096,ok,,oop,148332,12361,160693,15.09,0.27,0.27,2.451420280151069,2.2383298799999998,15.25530222318999,488.601,468.5345212206597,485.66384368180854,199.31343636020253,49.952906152086925,trial,0.0030405867088174345,0.002278540028540702,0.003007639754675456,7.423307394573815e-07,5.562841866554448e-07,0.0013471084340801595,0.0017976423274087907,4.5882453436055085e-08,3.438316903067919e-08,37.86734693877551,39.0,1912.6530612244896,7600.0,89.44897959183673,0.0,[2],49,1791258614.5629773,TREE/LL128[0-0]
t1__all_reduce__2gpu_nvlink__default__LL128__4096,1,0,True,all_reduce,2gpu_nvlink,2,default,LL128,auto/LL128,4096,ok,,ip,148332,12361,160693,15.09,0.27,0.27,2.423724173568189,2.2383298799999998,15.082948065990362,482.767,491.45130037641104,488.38042736804675,199.18396873076276,49.952906152086925,trial,0.003004281455943943,0.0022508443667067254,0.00300568608814721,7.334671523300642e-07,5.495225504655091e-07,0.0013633875720585706,0.0018197615350869303,4.53346071701941e-08,3.396524149360449e-08,38.0,39.0,1920.0,7600.0,97.0,0.0,[2],48,1791258614.5629773,TREE/LL128[0-0]
t1__all_gather__2gpu_nvlink__default__LL128__67108864,1,0,True,all_gather,2gpu_nvlink,2,default,LL128,auto/LL128,67108864,ok,,oop,2111,176,2287,1084.89,61.86,30.93,2.4962715469300747,2.29020279,1091.5048303148556,699.1610000000001,599.2104942589233,682.8150807522447,280.0821091999511,49.952906152086925,trial,0.3057109750765195,0.25118713672325194,0.303858279449935,4.5554485183435605e-09,3.742980014134227e-09,0.21951735289582794,0.26716680191286185,0.00033166277975076524,0.0002725104127596888,35.9,37.0,1919.7,7600.0,91.86000000000001,23.1,[2],50,1791258639.1079097,RING/LL128[0-3]
t1__all_gather__2gpu_nvlink__default__LL128__67108864,1,0,True,all_gather,2gpu_nvlink,2,default,LL128,auto/LL128,67108864,ok,,ip,2111,176,2287,984.4999999999999,68.17,34.08,2.2520485194399953,2.0782795,984.7173237603827,622.053,630.0396603126408,616.1738627257965,276.21651781937743,49.952906152086925,trial,0.2719951902055094,0.2228056981453728,0.27193516179317706,4.0530441732035486e-09,3.3200636229719638e-09,0.24672812761613563,0.30119904723538016,0.000267779264757324,0.0002193522098241195,36.5,37.0,1927.5,7600.0,100.0,21.4,[2],45,1791258639.1079097,RING/LL128[0-3]
t1__all_gather__2gpu_nvlink__Ring__default__1048576,1,0,True,all_gather,2gpu_nvlink,2,Ring,default,Ring/auto,1048576,ok,,oop,60961,5081,66042,37.23,28.17,14.08,2.477718169800937,2.2695780299999995,37.51730973927103,554.447,530.0367982266199,555.5963868632037,223.77323085318656,49.952906152086925,trial,0.0083953696132764,0.006521270960791818,0.008331077384664135,8.006448376919174e-09,6.219168625633066e-09,0.12489932525922226,0.1607931960356208,3.125596107022803e-07,2.4278691787027935e-07,36.255102040816325,37.0,1922.6020408163265,7600.0,92.1938775510204,3.7551020408163267,[2],49,1791258645.6681802,RING/SIMPLE[0-3]
t1__all_gather__2gpu_nvlink__Ring__default__1048576,1,0,True,all_gather,2gpu_nvlink,2,Ring,default,Ring/auto,1048576,ok,,ip,60961,5081,66042,35.65,29.41,14.71,2.354635277763009,2.17325965,35.65360343058976,534.883,530.4483411852239,522.4874415056183,227.16172014043667,49.952906152086925,trial,0.008099133884497744,0.0063181327783457695,0.008098315323006568,7.723935970781082e-09,6.025440958352823e-09,0.1294676708588607,0.16596295721954438,2.8873412298234454e-07,2.2524143354802667e-07,36.5,37.0,1927.5,7600.0,99.0,2.1489361702127656,[2],47,1791258645.6681802,RING/SIMPLE[0-3]
t1__all_reduce__4gpu__default__default__67108864,1,0,True,all_reduce,4gpu,4,default,default,auto/auto,67108864,ok,,oop,236,20,256,10396.399999999998,6.46,9.68,2.6874447744339705,2.4535503999999997,10497.831150132697,1172.0190000000002,1093.1467468523463,1156.954602477772,436.10905464907677,102.25405975734952,trial,4.578199218750001,3.5047533650017666,4.533964175753661,6.822048453614117e-08,5.2224894836571315e-08,0.014658353818496114,0.01914795622144047,0.0475967903578125,0.03643681788390436,34.37037037037037,37.0,1929.5833333333335,7600.0,92.16666666666666,4.282407407407407,[2],54,1791258652.1560702,RING/SIMPLE[0-7]
t1__all_reduce__4gpu__default__default__67108864,1,0,True,all_reduce,4gpu,4,default,default,auto/auto,67108864,ok,,ip,236,20,256,10418.4,6.44,9.66,2.6724070329219103,2.4587423999999998,10439.089972351212,1171.366,1187.763801475784,1177.4320178984478,438.31870877815794,102.25405975734952,trial,4.5756484375,3.508209107654851,4.56657963553436,6.818247493356466e-08,5.227638941488938e-08,0.01466652539342955,0.019129094629385012,0.04767093568125,0.0365499257671913,34.95754716981132,37.0,1938.75,7600.0,100.0,4.59433962264151,[2],53,1791258652.1560702,RING/SIMPLE[0-7]
t1__all_gather__4gpu__Ring__default__1048576,1,0,True,all_gather,4gpu,4,Ring,default,Ring/auto,1048576,ok,,oop,22971,1915,24886,100.28,10.46,7.84,2.5140032656490803,2.30353188,101.02078540742106,1073.635,1002.6109785111447,1063.5585182703953,427.06189553131014,102.25405975734952,trial,0.04314212810415494,0.03281234267637013,0.042825766883879776,4.114353952804083e-08,3.1292288471574905e-08,0.024305152436349415,0.031956755125416084,4.326292606284657e-06,3.2904217235863963e-06,35.1,37.0,1930.5,7600.0,90.92,2.74,[2],50,1791258660.5402114,RING/SIMPLE[0-7]
t1__all_gather__4gpu__Ring__default__1048576,1,0,True,all_gather,4gpu,4,Ring,default,Ring/auto,1048576,ok,,ip,22971,1915,24886,99.83,10.5,7.88,2.490420004352927,2.29319493,100.07313366362321,1079.186,1080.8853332901183,1070.4805913976038,433.33493873070586,102.25405975734952,trial,0.0433651852447159,0.033132301054970545,0.043259826933486366,4.1356263394084836e-08,3.159742455956511e-08,0.024180134227093385,0.03164814898489193,4.329146442979989e-06,3.3075976143177093e-06,35.47,37.0,1938.75,7600.0,99.28999999999999,2.08,[2],50,1791258660.5402114,RING/SIMPLE[0-7]
t1__all_reduce__2gpu_nvlink__default__default__4096,1,1,True,all_reduce,2gpu_nvlink,2,default,default,auto/auto,4096,ok,,oop,394367,21391,415758,6.409999999999999,0.64,0.64,2.6927241943776608,2.52789247,6.476662371806822,527.3040000000001,511.19173234896095,524.7073773049781,195.82547707670818,49.952906152086925,trial,0.0012682954988238353,0.0009447673911862162,0.0012552413080616995,3.096424557675379e-07,2.3065610136382232e-07,0.003229531291247553,0.004335458694078346,8.129774147460784e-09,6.055958977503646e-09,36.39814814814815,37.0,1919.861111111111,7600.0,84.98148148148148,0.0,[2],54,1791258674.373391,RING/LL[0-0]
t1__all_reduce__2gpu_nvlink__default__default__4096,1,1,True,all_reduce,2gpu_nvlink,2,default,default,auto/auto,4096,ok,,ip,394367,21391,415758,6.3999999999999995,0.64,0.64,2.6595442416146398,2.5239488,6.396856444409103,524.87,527.5036160564373,525.0458968097446,197.35336295114436,49.952906152086925,trial,0.0012624411316198366,0.0009428995619838961,0.001263061522887324,3.0821316689937416e-07,2.3020008837497464e-07,0.0032445077219120924,0.004344046985642736,8.079623242366954e-09,6.034557196696935e-09,36.5,37.0,1927.5,7600.0,92.0377358490566,0.0,[2],53,1791258674.373391,RING/LL[0-0]
t1__reduce_scatter__4gpu__default__LL128__67108864,1,0,True,reduce_scatter,4gpu,4,default,LL128,auto/LL128,67108864,ok,,oop,265,23,288,8111.36,8.27,6.21,2.34600521158427,2.1495104,8145.851429112049,1053.816,967.053783722876,1038.3639437525903,449.19593306800556,102.25405975734952,trial,3.6590833333333332,2.8261369545264188,3.6435899236504974,5.4524590571721394e-08,4.211272231528787e-08,0.01834034863012139,0.0237457933142683,0.029680142186666664,0.022923814247467412,34.98936170212765,38.0,1926.622340425532,7600.0,90.91489361702128,2.765957446808511,[2],47,1791258681.42193,RING/LL128[0-7]
t1__reduce_scatter__4gpu__default__LL128__67108864,1,0,True,reduce_scatter,4gpu,4,default,LL128,auto/LL128,67108864,ok,,ip,265,23,288,8109.889999999999,8.27,6.21,2.3382778204977512,2.14912085,8119.020210061636,1079.23,1077.1997994534647,1065.7518707104048,461.54908990680303,102.25405975734952,trial,3.747326388888889,2.917123611158118,3.743112348744283,5.583951456679238e-08,4.346852915224609e-08,0.017908465139034314,0.023005149231011615,0.03039040480798611,0.023657551602895108,35.74468085106383,38.0,1938.75,7600.0,100.0,3.0,[2],47,1791258681.42193,RING/LL128[0-7]
t1__all_reduce__2gpu_nvlink__default__LL128__1048576,1,0,True,all_reduce,2gpu_nvlink,2,default,LL128,auto/LL128,1048576,ok,,oop,46030,3836,49866,49.31999999999999,21.26,21.26,2.477196354418993,2.2701995999999998,49.67706161350405,594.773,546.0782093615086,581.3795771152902,240.09925532911555,49.952906152086925,trial,0.011927425500340915,0.009445911903650106,0.011841695272831979,1.1374879360524096e-08,9.008323577547174e-09,0.08791302028841254,0.11100844584362547,5.882606256768139e-07,4.6587237508802315e-07,37.35,38.0,1915.95,7600.0,89.43,8.149999999999999,[2],50,1791258689.317679,RING/LL128[0-3]
t1__all_reduce__2gpu_nvlink__default__LL128__1048576,1,0,True,all_reduce,2gpu_nvlink,2,default,LL128,auto/LL128,1048576,ok,,ip,46030,3836,49866,49.18,21.32,21.32,2.4528992092236876,2.2637554,49.189812883000194,589.557,593.1269255650934,585.6151344964294,240.35109057195527,49.952906152086925,trial,0.011822825171459512,0.009365651064876286,0.01182046663432876,1.1275124713382255e-08,8.93178087699536e-09,0.08869081499498775,0.11195975514531419,5.814465419323788e-07,4.606027193706157e-07,37.54081632653062,39.0,1927.5,7600.0,98.0,8.091836734693878,[2],49,1791258689.317679,RING/LL128[0-3]
t1__all_reduce__2gpu_nvlink__Tree__LL128__1048576,1,0,True,all_reduce,2gpu_nvlink,2,Tree,LL128,Tree/LL128,1048576,ok,,oop,31435,2620,34055,72.11,14.54,14.54,2.4650983763858676,2.26677785,72.38579874866738,549.957,523.7028527036475,547.9100844336706,223.09738437550857,49.952906152086925,trial,0.016149082366759653,0.01253320135512362,0.016087552387317922,1.5400965086707737e-08,1.1952592234729405e-08,0.06493099584149306,0.0836638597185976,1.1645103294670386e-06,9.037691497179642e-07,37.45918367346938,38.0,1927.5,7600.0,90.3061224489796,1.816326530612245,[2],49,1791258695.8305528,TREE/LL128[0-3]
t1__all_reduce__2gpu_nvlink__Tree__LL128__1048576,1,0,True,all_reduce,2gpu_nvlink,2,Tree,LL128,Tree/LL128,1048576,ok,,ip,31435,2620,34055,72.17,14.53,14.53,2.4579216204583645,2.2686639499999997,72.17505859516561,565.067,558.4480720707975,552.853224269723,229.89626491613825,49.952906152086925,trial,0.01659277639113199,0.012987422462606311,0.016591613438997697,1.5824104682094566e-08,1.238577123890525e-08,0.06319472855431303,0.08073780636759022,1.1975006721479958e-06,9.373022791262974e-07,37.5,38.0,1927.5,7600.0,99.0,2.0,[2],50,1791258695.8305528,TREE/LL128[0-3]
t1__all_reduce__2gpu_nvlink__default__LL128__67108864,1,0,True,all_reduce,2gpu_nvlink,2,default,LL128,auto/LL128,67108864,ok,,oop,1261,106,1367,1851.64,36.24,36.24,2.5464612431824207,2.3349180400000002,1862.8099803821658,716.021,660.8357290613424,711.2821919895453,281.18275976788794,49.952906152086925,trial,0.5237900512070226,0.43073727907782144,0.520649245296612,7.805079984769562e-09,6.418485627737961e-09,0.12812168510141464,0.1557999905271153,0.0009698706104169714,0.0007975703754316574,38.42,39.0,1927.5,7600.0,92.18,22.08,[2],50,1791258702.3790846,RING/LL128[0-3]
t1__all_reduce__2gpu_nvlink__default__LL128__67108864,1,0,True,all_reduce,2gpu_nvlink,2,default,LL128,auto/LL128,67108864,ok,,ip,1261,106,1367,1849.51,36.28,36.28,2.5277505544945598,2.33223211,1849.1225709543232,733.157,729.6902195101484,717.5206237511528,290.043255532625,49.952906152086925,trial,0.5363255303584492,0.44395648410786215,0.5364379015401453,7.991873180247086e-09,6.615467132745119e-09,0.12512711068434182,0.15116090518388614,0.0009919394316532553,0.0008211019569223321,38.970588235294116,40.0,1922.5,7600.0,100.0,23.637254901960784,[2],51,1791258702.3790846,RING/LL128[0-3]
t1__all_gather__4gpu__Ring__default__4096,1,0,True,all_gather,4gpu,4,Ring,default,Ring/auto,4096,ok,,oop,259180,21599,280779,8.569999999999999,0.48,0.36,2.430288194678724,2.2211725999999996,8.655519802687252,938.806,885.3372485651548,928.5069504042756,386.2941037427486,102.25405975734952,trial,0.003343576264606684,0.0024585142254717795,0.0033105404690753552,8.163027989762412e-07,6.002231995780712e-07,0.001225035613321602,0.0016660468983920535,2.8654448587679278e-08,2.1069466912293148e-08,34.78061224489795,38.0,1921.0714285714287,7600.0,84.85714285714286,0.0,[2],49,1791258709.3774412,RING/LL[0-0]
t1__all_gather__4gpu__Ring__default__4096,1,0,True,all_gather,4gpu,4,Ring,default,Ring/auto,4096,ok,,ip,259180,21599,280779,8.53,0.48,0.36,2.3966927463188767,2.2108054,8.535868944325882,937.956,941.7379742479982,936.0796953095712,391.3542949719456,102.25405975734952,trial,0.0033405489726795806,0.002467721719565578,0.003338252136110696,8.155637140331007e-07,6.02471122940815e-07,0.001226145772296355,0.001659830590914873,2.849488273695682e-08,2.1049666267894382e-08,35.119791666666664,38.0,1935.0,7600.0,94.0,0.0,[2],48,1791258709.3774412,RING/LL[0-0]
t1__reduce_scatter__4gpu__Ring__default__67108864,1,0,True,reduce_scatter,4gpu,4,Ring,default,Ring/auto,67108864,ok,,oop,466,39,505,5387.95,12.46,9.34,2.7337660174816847,2.5107847,5413.398054419177,1209.9540000000002,1128.9916902940531,1194.4591006175442,442.59603501641175,102.25405975734952,trial,2.3959485148514856,1.8424065867045871,2.384685306866676,3.570241503196188e-08,2.745399753309171e-08,0.02800930970929473,0.03642456799941971,0.012909250800594062,0.00992679456883498,35.49090909090909,38.0,1926.5454545454545,7600.0,91.92727272727274,4.6090909090909085,[2],55,1791258717.2874599,RING/SIMPLE[0-7]
t1__reduce_scatter__4gpu__Ring__default__67108864,1,0,True,reduce_scatter,4gpu,4,Ring,default,Ring/auto,67108864,ok,,ip,466,39,505,5393.34,12.44,9.33,2.719932248815894,2.51329644,5386.004453100781,1222.0620000000001,1224.4685725927638,1212.7599350074192,449.2986913670432,102.25405975734952,trial,2.419924752475248,1.86918393127453,2.4232206040975286,3.605968881361556e-08,2.785301106087163e-08,0.02773179783022465,0.03590276102696905,0.013051476964514853,0.010081144463900174,35.925925925925924,39.0,1935.0,7600.0,100.0,5.0,[2],54,1791258717.2874599,RING/SIMPLE[0-7]
t1__all_gather__2gpu_nvlink__Ring__default__4096,1,1,True,all_gather,2gpu_nvlink,2,Ring,default,Ring/auto,4096,ok,,oop,432247,21529,453776,5.83,0.7,0.35,2.6741180727258325,2.52000001,5.893035490475108,519.194,510.41403170830773,523.1237393768536,194.1552264634169,49.952906152086925,trial,0.0011441636402101476,0.000849789391403527,0.0011319249702817205,2.7933682622318057e-07,2.074681131356267e-07,0.003579907502783161,0.004820017808453663,6.670474022425161e-09,4.954272151882562e-09,37.17924528301887,38.0,1915.4716981132076,7600.0,84.00943396226415,0.0,[2],53,1791258730.7160513,RING/LL[0-0]
t1__all_gather__2gpu_nvlink__Ring__default__4096,1,1,True,all_gather,2gpu_nvlink,2,Ring,default,Ring/auto,4096,ok,,ip,432247,21529,453776,5.81,0.7,0.35,2.6383639108389616,2.5113550699999996,5.814242954318787,524.0540000000001,523.7329826612587,521.2868974038624,198.62839915565647,49.952906152086925,trial,0.0011548737703183953,0.0008644354376758762,0.001154030999094364,2.8195160408163947e-07,2.1104380802633697e-07,0.0035467079652096913,0.004738352711467404,6.709816605549876e-09,5.02236989289684e-09,37.39622641509434,38.0,1920.0,7600.0,91.5754716981132,0.0,[2],53,1791258730.7160513,RING/LL[0-0]
t1__reduce_scatter__2gpu_nvlink__default__LL128__4096,1,0,True,reduce_scatter,2gpu_nvlink,2,default,LL128,auto/LL128,4096,ok,,oop,175825,14653,190478,12.829999999999998,0.32,0.16,2.456719080917537,2.25583475,12.897652647116923,485.31100000000004,471.9729071508276,485.2662284837371,197.54436059443384,49.952906152086925,trial,0.002547858545343819,0.0019035833130801724,0.002534494146426586,6.220357776718309e-07,4.6474201979496396e-07,0.0016076245706361488,0.002151731406687053,3.26890251367612e-08,2.442297390681861e-08,37.14285714285714,38.0,1916.3265306122448,7600.0,87.73469387755102,0.0,[2],49,1791258737.756526,RING/LL128[0-0]
t1__reduce_scatter__2gpu_nvlink__default__LL128__4096,1,0,True,reduce_scatter,2gpu_nvlink,2,default,LL128,auto/LL128,4096,ok,,ip,175825,14653,190478,12.799999999999999,0.32,0.16,2.437086400575936,2.25056,12.794582054494146,488.20799999999997,489.37682026850115,486.58856791940184,200.324452955228,49.952906152086925,trial,0.002563067650857317,0.0019239410942339951,0.0025641529978269184,6.257489381975871e-07,4.6971218120947147e-07,0.0015980850129453021,0.00212896330988283,3.280726593097365e-08,2.4626446006195138e-08,37.38775510204081,38.0,1920.0,7600.0,96.0,0.0,[2],49,1791258737.756526,RING/LL128[0-0]
t1__all_gather__2gpu_nvlink__default__LL128__1048576,1,0,True,all_gather,2gpu_nvlink,2,default,LL128,auto/LL128,1048576,ok,,oop,70922,5911,76833,32.81,31.96,15.98,2.530082944780588,2.32695082,32.929638889287006,593.516,555.2368940549848,581.9058112511009,234.58361364175371,49.952906152086925,trial,0.007724753686566969,0.006079822525508304,0.007696688363585939,7.366899191443414e-09,5.798170590885452e-09,0.135742321703206,0.1724681922211757,2.534491684562623e-07,1.9947897706192746e-07,37.81,39.0,1920.0,7600.0,90.34,5.97,[2],50,1791258744.3038678,RING/LL128[0-3]
t1__all_gather__2gpu_nvlink__default__LL128__1048576,1,0,True,all_gather,2gpu_nvlink,2,default,LL128,auto/LL128,1048576,ok,,ip,70922,5911,76833,32.21,32.56,16.28,2.4743104092776775,2.28439762,32.20374590706698,557.8679999999999,571.8483188775375,563.8273841373683,225.46403147649437,49.952906152086925,trial,0.007260786380851977,0.005652115683810606,0.007262196453857883,6.924425488330819e-09,5.390277561007124e-09,0.1444163131923681,0.18551920354416018,2.3386992932724215e-07,1.8205464617553962e-07,38.0,39.0,1920.0,7600.0,97.59,4.1899999999999995,[2],50,1791258744.3038678,RING/LL128[0-3]
t1__reduce_scatter__4gpu__default__default__67108864,1,0,True,reduce_scatter,4gpu,4,default,default,auto/auto,67108864,ok,,oop,465,39,504,5381.92,12.47,9.35,2.7279476691037416,2.5025928,5412.594581555042,1207.9360000000001,1119.7117113034253,1186.072715500775,442.8002830409366,102.25405975734952,trial,2.396698412698413,1.8432386429137773,2.3831156993036777,3.5713589380657867e-08,2.7466396136787195e-08,0.02800054593620854,0.03640812558807623,0.012898839121269844,0.009920162917070516,34.86818181818182,39.0,1926.9545454545455,7600.0,91.89090909090909,4.581818181818182,[2],55,1791258751.3141847,RING/SIMPLE[0-7]
t1__reduce_scatter__4gpu__default__default__67108864,1,0,True,reduce_scatter,4gpu,4,default,default,auto/auto,67108864,ok,,ip,465,39,504,5377.64,12.48,9.36,2.7129008192569017,2.5006026,5382.739720747821,1206.113,1216.8209312210452,1205.9298085031642,444.5842588268191,102.25405975734952,trial,2.393081349206349,1.8426743601427427,2.390814093637456,3.565969093451424e-08,2.7457987668257097e-08,0.02804286783742485,0.036419274860264195,0.012869129986746032,0.009909239346078019,35.532407407407405,39.0,1935.0,7600.0,100.0,5.0,[2],54,1791258751.3141847,RING/SIMPLE[0-7]
t1__all_reduce__4gpu__Ring__LL128__1048576,1,0,True,all_reduce,4gpu,4,Ring,LL128,Ring/LL128,1048576,ok,,oop,9364,781,10145,261.66,4.01,6.01,2.670603709295392,2.4501842400000005,263.2433424638139,1199.913,1107.3144994969894,1176.496880788582,449.30402658527845,102.25405975734952,trial,0.118276293740759,0.09135859326973975,0.11756489159630398,1.1279706358028317e-07,8.712634398435568e-08,0.008865479013895174,0.011477584783995515,3.0948175020207e-05,2.3904889514960106e-05,35.83333333333333,39.0,1925.6944444444446,7600.0,91.53703703703704,2.736111111111111,[2],54,1791258759.716588,RING/LL128[0-7]
t1__all_reduce__4gpu__Ring__LL128__1048576,1,0,True,all_reduce,4gpu,4,Ring,LL128,Ring/LL128,1048576,ok,,ip,9364,781,10145,260.41,4.03,6.04,2.638680608011782,2.4384792400000004,260.0966592421668,1173.3980000000001,1197.8784975001117,1186.19204100709,444.69118256951265,102.25405975734952,trial,0.11566269098077872,0.08906675164394322,0.1158020308529268,1.1030453775480148e-07,8.494067348856279e-08,0.009065810168416854,0.011772922899353387,3.011972135830459e-05,2.3193872795599255e-05,36.32075471698113,39.0,1935.0,7600.0,99.96698113207547,2.108490566037736,[2],53,1791258759.716588,RING/LL128[0-7]
t1__reduce_scatter__4gpu__default__default__4096,1,0,True,reduce_scatter,4gpu,4,default,default,auto/auto,4096,ok,,oop,269967,22498,292465,8.49,0.48,0.36,2.51271709240973,2.29201983,8.591513830406134,973.4,918.7835106310881,962.2029257118356,387.38941321344544,102.25405975734952,trial,0.003328261501376233,0.0024497443327557893,0.0032889361181821517,8.125638431094319e-07,5.980821124892064e-07,0.0012306725292788167,0.0016720112157142086,2.825694014668422e-08,2.079832938509665e-08,35.84313725490196,38.0,1922.5,7600.0,85.08333333333334,0.0,[2],51,1791258768.068589,RING/LL[0-0]
t1__reduce_scatter__4gpu__default__default__4096,1,0,True,reduce_scatter,4gpu,4,default,default,auto/auto,4096,ok,,ip,269967,22498,292465,8.48,0.48,0.36,2.481255868449807,2.28932016,8.483941218435735,959.372,976.7119847763483,970.7784070214473,386.6477505197312,102.25405975734952,trial,0.003280296787649804,0.002412779355322036,0.0032787729244073203,8.008537079223155e-07,5.890574597954189e-07,0.0012486675033250919,0.0016976272575298552,2.7816916759270338e-08,2.0460368933130866e-08,36.0,38.0,1935.0,7600.0,94.0,0.0,[2],49,1791258768.068589,RING/LL[0-0]
t1__reduce_scatter__4gpu__Ring__default__4096,1,0,True,reduce_scatter,4gpu,4,Ring,default,Ring/auto,4096,ok,,oop,265487,22124,287611,8.51,0.48,0.36,2.468982554040849,2.25929437,8.584451060776011,950.421,901.347029490944,944.3039628453464,384.9443968101345,102.25405975734952,trial,0.0033045363355365407,0.002426741363783908,0.0032758768168542444,8.067715662931007e-07,5.924661532675557e-07,0.0012395082347717485,0.001687860132574364,2.812160421541596e-08,2.0651569005801057e-08,35.839999999999996,38.0,1921.95,7600.0,85.85,0.0,[2],50,1791258776.0122647,RING/LL[0-0]
t1__reduce_scatter__4gpu__Ring__default__4096,1,0,True,reduce_scatter,4gpu,4,Ring,default,Ring/auto,4096,ok,,ip,265487,22124,287611,8.47,0.48,0.36,2.4362490689381957,2.24867489,8.470639401616058,951.346,959.2032233456732,953.9841950096414,390.49619849198365,102.25405975734952,trial,0.0033077524851274813,0.0024415952175716733,0.0033075028012271015,8.075567590643265e-07,5.960925824149593e-07,0.001238303052727399,0.0016775917525238852,2.8016663549029767e-08,2.0680311492832072e-08,36.239583333333336,38.0,1935.0,7600.0,94.0,0.0,[2],48,1791258776.0122647,RING/LL[0-0]
t1__all_gather__4gpu__default__default__67108864,1,0,True,all_gather,4gpu,4,default,default,auto/auto,67108864,ok,,oop,427,36,463,5366.089999999999,12.51,9.38,2.5091479578986764,2.29132043,5419.326042977703,1111.9679999999998,1026.1890894495587,1094.21617057291,443.16557598748943,102.25405975734952,trial,2.401658747300216,1.847510658257013,2.378066365650707,3.578750412613475e-08,2.7530054126039343e-08,0.027942714207603102,0.036323938755142095,0.012887516987300214,0.009913908468166375,36.405,38.0,1921.125,7600.0,92.46000000000001,4.62,[2],50,1791258783.8464339,RING/SIMPLE[0-7]
t1__all_gather__4gpu__default__default__67108864,1,0,True,all_gather,4gpu,4,default,default,auto/auto,67108864,ok,,ip,427,36,463,5404.409999999999,12.42,9.31,2.4984047329053283,2.3076830699999995,5396.122533272847,1124.352,1128.742605112172,1117.798017760359,450.0279659222872,102.25405975734952,trial,2.428406047516199,1.8766306115409368,2.4321356393100677,3.618606995815335e-08,2.7963975243880403e-08,0.02763494353369763,0.03576029485360236,0.013124101927257019,0.010142081243317953,36.769999999999996,38.0,1931.25,7600.0,100.0,4.654999999999999,[2],50,1791258783.8464339,RING/SIMPLE[0-7]
t1__all_reduce__2gpu_nvlink__default__default__67108864,1,0,True,all_reduce,2gpu_nvlink,2,default,default,auto/auto,67108864,ok,,oop,1447,121,1568,1639.44,40.93,40.93,2.5832778438925743,2.37226968,1647.4986249314888,721.825,652.183904988621,704.8004313975782,279.42213095914167,49.952906152086925,trial,0.46034757653061226,0.3780502323337174,0.45809581837965524,6.8597134430797734e-09,5.63338745137628e-09,0.14577868424064006,0.1775130875749887,0.000754712230867347,0.0006197906728971896,38.30769230769231,39.0,1911.9230769230771,7600.0,91.72115384615384,26.432692307692307,[2],52,1791258792.2027264,RING/SIMPLE[0-3]
t1__all_reduce__2gpu_nvlink__default__default__67108864,1,0,True,all_reduce,2gpu_nvlink,2,default,default,auto/auto,67108864,ok,,ip,1447,121,1568,1639.14,40.94,40.94,2.5706544537097216,2.37183558,1639.4479934373226,723.905,731.1002105880088,720.3214548329654,281.60338662216145,49.952906152086925,trial,0.4616741071428571,0.3797789153854553,0.46158737514784975,6.8794802895614075e-09,5.659146836183299e-09,0.14535981758932456,0.17670508098609974,0.0007567484959821428,0.0006225108113649152,38.82352941176471,40.0,1920.0,7600.0,100.0,29.03921568627451,[2],51,1791258792.2027264,RING/SIMPLE[0-3]
t1__all_reduce__4gpu__default__LL128__67108864,1,0,True,all_reduce,4gpu,4,default,LL128,auto/LL128,67108864,ok,,oop,143,12,155,15876.2,4.23,6.34,2.4748650239780545,2.2702966,15966.871122439063,1110.439,1033.6527801674192,1104.6086480821082,448.68669169484644,102.25405975734952,trial,7.164122580645162,5.53144518675338,7.123439654685721,1.0675374538667741e-07,8.242495636274486e-08,0.009367352839732753,0.012132247854631422,0.11373904291483872,0.08781833007393401,36.685,39.0,1923.15,7600.0,91.96000000000001,2.7600000000000002,[2],50,1791258799.2331972,RING/LL128[0-7]
t1__all_reduce__4gpu__default__LL128__67108864,1,0,True,all_reduce,4gpu,4,default,LL128,auto/LL128,67108864,ok,,ip,143,12,155,15878.099999999999,4.23,6.34,2.467936499044299,2.2705683,15922.170961576123,1128.884,1141.8933138172572,1129.912564262531,457.4201971716683,102.25405975734952,trial,7.283122580645162,5.655015959673421,7.2629636327114655,1.0852698356874528e-07,8.426630436887475e-08,0.009214298298142236,0.01186713962941239,0.11564214864774194,0.08979090890929055,37.234693877551024,39.0,1931.25,7600.0,100.0,3.0,[2],49,1791258799.2331972,RING/LL128[0-7]
t1__all_gather__2gpu_nvlink__default__default__1048576,1,0,True,all_gather,2gpu_nvlink,2,default,default,auto/auto,1048576,ok,,oop,61808,5151,66959,37.39999999999999,28.03,14.02,2.5282345106825233,2.3116191999999995,37.75794905363765,575.691,538.0609055317857,566.1048937791172,227.70474715361203,49.952906152086925,trial,0.008597664242297525,0.006711544956725885,0.008516157543545089,8.199371568963552e-09,6.400628048635373e-09,0.12196056631769474,0.15623466828590393,3.215526426619274e-07,2.510117813815481e-07,38.18627450980392,39.0,1909.4117647058824,7600.0,90.0392156862745,3.607843137254902,[2],51,1791258807.2427044,RING/SIMPLE[0-3]
t1__all_gather__2gpu_nvlink__default__default__1048576,1,0,True,all_gather,2gpu_nvlink,2,default,default,auto/auto,1048576,ok,,ip,61808,5151,66959,35.78999999999999,29.29,14.65,2.3973224433138967,2.2121083199999996,35.80284119108554,538.352,543.1598800047587,535.8418957997226,224.56386770225976,49.952906152086925,trial,0.008040024492599948,0.006251568526603581,0.008037140825063875,7.667564861869763e-09,5.9619603410754976e-09,0.13041950319493567,0.16773006574874444,2.877524765901521e-07,2.2374363756714213e-07,38.44791666666667,39.0,1920.0,7600.0,99.0,2.1875,[2],48,1791258807.2427044,RING/SIMPLE[0-3]
t1__all_gather__2gpu_nvlink__Ring__LL128__67108864,1,0,True,all_gather,2gpu_nvlink,2,Ring,LL128,Ring/LL128,67108864,ok,,oop,2115,177,2292,1084.54,61.88,30.94,2.4993676422163844,2.2938020999999997,1090.474538488824,712.121,650.9075031993699,698.5841628236499,284.92046867043007,49.952906152086925,trial,0.3106985165794066,0.2562261442970341,0.3090076450918282,4.6297686782390865e-09,3.818067078248175e-09,0.2159935127429187,0.26191263262426107,0.00033696496917102965,0.00027788750253590535,39.11,40.0,1920.0,7600.0,93.0,23.52,[2],50,1791258813.8114426,RING/LL128[0-3]
t1__all_gather__2gpu_nvlink__Ring__LL128__67108864,1,0,True,all_gather,2gpu_nvlink,2,Ring,LL128,Ring/LL128,67108864,ok,,ip,2115,177,2292,986.5599999999998,68.02,34.01,2.2610593335703015,2.0865743999999995,986.5005818369553,627.002,637.5202272672352,622.6504903770863,277.304531858498,49.952906152086925,trial,0.2735610820244328,0.22428251104095223,0.27357755895031977,4.076377779609454e-09,3.342069849982146e-09,0.24531583039288551,0.2992157689359312,0.00026988442108202436,0.00022126815409256179,39.5,40.0,1920.0,7600.0,100.0,21.322222222222223,[2],45,1791258813.8114426,RING/LL128[0-3]
t1__all_gather__2gpu_nvlink__default__LL128__4096,1,0,True,all_gather,2gpu_nvlink,2,default,LL128,auto/LL128,4096,ok,,oop,198184,16516,214700,11.48,0.36,0.18,2.4858521167188883,2.27515232,11.57825857810381,494.604,477.2335869440041,490.9197525620898,198.96758808518138,49.952906152086925,trial,0.002303698183511877,0.0017253305193552619,0.0022841479112178822,5.624263143339543e-07,4.2122327132696823e-07,0.001778010691381388,0.0023740378750911058,2.6446455146716347e-08,1.9806794362198406e-08,37.989999999999995,39.0,1910.4,7600.0,88.97,0.0,[2],50,1791258820.3684351,RING/LL128[0-0]
t1__all_gather__2gpu_nvlink__default__LL128__4096,1,0,True,all_gather,2gpu_nvlink,2,default,LL128,auto/LL128,4096,ok,,ip,198184,16516,214700,11.079999999999998,0.37,0.18,2.379152641631663,2.1958787199999996,11.081288503174955,469.782,479.0781868005577,476.3575788682921,197.4576963997634,49.952906152086925,trial,0.002188085700978109,0.0016345431363348106,0.0021878312761093783,5.342006105903587e-07,3.990583828942409e-07,0.0018719559284944931,0.0025058989933937105,2.4243989566837448e-08,1.81107379505897e-08,38.03191489361702,39.0,1920.0,7600.0,95.52127659574468,0.0,[2],47,1791258820.3684351,RING/LL128[0-0]
t2__all_reduce__2gpu_nvlink__Tree__default__67108864,2,0,True,all_reduce,2gpu_nvlink,2,Tree,default,Tree/auto,67108864,ok,,oop,1588,133,1721,1511.91,44.39,44.39,2.616395730525255,2.40091308,1520.2764268014266,745.86,642.5466639702246,724.6568212673187,285.0715552307772,49.93917314649508,trial,0.43338756536897155,0.35746621766040027,0.4310025350689644,6.457977970972233e-09,5.326661730712656e-09,0.1548472299680905,0.18773484229985252,0.0006552429939570018,0.0005404567491429358,33.80769230769231,35.0,1918.8461538461538,7600.0,92.76923076923077,29.5,[2],52,1791258862.0008152,TREE/SIMPLE[0-3]
t2__all_reduce__2gpu_nvlink__Tree__default__67108864,2,0,True,all_reduce,2gpu_nvlink,2,Tree,default,Tree/auto,67108864,ok,,ip,1588,133,1721,1511.08,44.41,44.41,2.600610408000648,2.39959504,1511.104246368767,751.122,752.3450142299207,740.4697870524533,288.82526874814107,49.93917314649508,trial,0.4364450900639163,0.36098179346210246,0.436438087099941,6.503538639305775e-09,5.379047892423011e-09,0.153762444641483,0.18590650613254656,0.0006595034466937826,0.0005454723684647138,34.644230769230774,36.0,1927.5,7600.0,100.0,32.0,[2],52,1791258862.0008152,TREE/SIMPLE[0-3]
t2__all_reduce__2gpu_nvlink__Tree__LL128__1048576,2,0,True,all_reduce,2gpu_nvlink,2,Tree,LL128,Tree/LL128,1048576,ok,,oop,31435,2620,34055,71.94,14.58,14.58,2.4771140702068806,2.2614338999999997,72.73863075045898,548.4290000000001,514.6542107396838,540.3562493798836,221.3983629563725,49.93917314649508,trial,0.016104213771839675,0.012471706696353531,0.015927398231081434,1.535817506011932e-08,1.1893946358064204e-08,0.06511190268931802,0.0840763838927179,1.158537138746146e-06,8.972145797356729e-07,34.39,35.0,1917.3000000000002,7600.0,90.26,1.82,[2],50,1791258869.0572171,TREE/LL128[0-3]
t2__all_reduce__2gpu_nvlink__Tree__LL128__1048576,2,0,True,all_reduce,2gpu_nvlink,2,Tree,LL128,Tree/LL128,1048576,ok,,ip,31435,2620,34055,71.92999999999999,14.58,14.58,2.4495516950264573,2.26111955,71.92928189770834,537.663,550.3887969846774,545.1576501278435,219.49444916458185,49.93917314649508,trial,0.01578807810894142,0.012195989245948708,0.015788235728408373,1.5056684597913188e-08,1.1631001707028111e-08,0.06641568357874728,0.08597711746493368,1.1356364583761562e-06,8.772575064610906e-07,34.5,35.0,1927.5,7600.0,99.0,2.0,[2],49,1791258869.0572171,TREE/LL128[0-3]
t2__reduce_scatter__4gpu__Ring__default__67108864,2,0,True,reduce_scatter,4gpu,4,Ring,default,Ring/auto,67108864,ok,,oop,466,39,505,5409.1,12.41,9.3,2.744739173911512,2.5206406,5435.127077052499,1191.748,1112.331613273154,1178.4927469304266,434.1935333336781,102.8054356242458,trial,2.3598970297029704,1.8011364228734543,2.348596241155198,3.516520604048625e-08,2.68390241693475e-08,0.028437200079211376,0.037259178787211154,0.012764919023366338,0.009742527024964802,32.71818181818182,36.0,1926.2045454545453,7600.0,91.83636363636364,4.6,[2],55,1791258875.5584779,RING/SIMPLE[0-7]
t2__reduce_scatter__4gpu__Ring__default__67108864,2,0,True,reduce_scatter,4gpu,4,Ring,default,Ring/auto,67108864,ok,,ip,466,39,505,5399.3,12.43,9.32,2.7233932558447123,2.5160738,5392.857932365767,1196.426,1211.574776516956,1200.8426676689285,439.31444620872634,102.8054356242458,trial,2.3691603960396037,1.8147452870430716,2.371990489414776,3.530324095546609e-08,2.7041812048004144e-08,0.028326011236800272,0.036979770372814434,0.012791807726336632,0.009798354228331656,33.663636363636364,36.0,1938.75,7600.0,100.0,5.0,[2],55,1791258875.5584779,RING/SIMPLE[0-7]
t2__all_reduce__4gpu__default__LL128__67108864,2,0,True,all_reduce,4gpu,4,default,LL128,auto/LL128,67108864,ok,,oop,143,12,155,15857.6,4.23,6.35,2.4852165803313255,2.2676368,16033.655356976293,1117.2289999999998,1023.6005264172288,1096.3200462183054,449.54995425430985,102.8054356242458,trial,7.207929032258063,5.559582108635093,7.128783354583144,1.0740651238349174e-07,8.284422917120297e-08,0.009310422411161904,0.012070846817023731,0.11430045542193545,0.08816162924589184,34.05,36.0,1927.725,7600.0,90.94000000000001,2.7399999999999998,[2],50,1791258884.0197163,RING/LL128[0-7]
t2__all_reduce__4gpu__default__LL128__67108864,2,0,True,all_reduce,4gpu,4,default,LL128,auto/LL128,67108864,ok,,ip,143,12,155,15923.399999999998,4.21,6.32,2.4640951734036207,2.2770461999999996,15897.388215507232,1119.086,1131.1673503463644,1119.757558638263,454.1569709153003,102.8054356242458,trial,7.219909677419355,5.585571756636383,7.231723110672691,1.0758503790824644e-07,8.323150510544155e-08,0.009294972790294937,0.012014681204348681,0.11496550975741933,0.08894129330962376,34.43877551020408,36.0,1938.75,7600.0,100.0,3.0,[2],49,1791258884.0197163,RING/LL128[0-7]
t2__reduce_scatter__2gpu_nvlink__default__LL128__4096,2,0,True,reduce_scatter,2gpu_nvlink,2,default,LL128,auto/LL128,4096,ok,,oop,175825,14653,190478,12.73,0.32,0.16,2.4471326991915703,2.23825225,12.847324621171843,477.288,461.9166182620716,476.22775135342886,195.039688758062,49.93917314649508,trial,0.002505738195487143,0.001864153426761213,0.0024828552378901294,6.117524891326033e-07,4.551155827053743e-07,0.0016346480280250077,0.002197244036461315,3.189804722855133e-08,2.3730673122670244e-08,35.38775510204081,36.0,1918.6224489795918,7600.0,89.09183673469389,0.0,[2],49,1791258891.940435,RING/LL128[0-0]
t2__reduce_scatter__2gpu_nvlink__default__LL128__4096,2,0,True,reduce_scatter,2gpu_nvlink,2,default,LL128,auto/LL128,4096,ok,,ip,175825,14653,190478,12.71,0.32,0.16,2.420972792431712,2.23473575,12.709986415395543,483.5,480.7504434837507,477.92979046238963,199.71310768608646,49.93917314649508,trial,0.002538350885666586,0.0019036246733785476,0.002538353598690159,6.197145716959439e-07,4.647521175240595e-07,0.0016136460972078594,0.0021516846557417387,3.226243975682231e-08,2.419506959864134e-08,35.5,36.0,1927.5,7600.0,96.0,0.0,[2],48,1791258891.940435,RING/LL128[0-0]
t2__reduce_scatter__4gpu__Ring__default__1048576,2,0,True,reduce_scatter,4gpu,4,Ring,default,Ring/auto,1048576,ok,,oop,25089,2091,27180,98.67,10.63,7.97,2.6982278674840927,2.47553163,99.27254847255675,1110.059,1047.198146507948,1100.8960108130711,411.4029854102173,102.8054356242458,trial,0.04084102281089036,0.030635265219640107,0.04059313257042614,3.8949034510507926e-08,2.9216065616264445e-08,0.025674577369311002,0.03422774350025093,4.029783720750552e-06,3.022781619221889e-06,34.074074074074076,36.0,1928.888888888889,7600.0,91.04629629629629,0.9444444444444444,[2],54,1791258898.4678013,RING/SIMPLE[0-7]
t2__reduce_scatter__4gpu__Ring__default__1048576,2,0,True,reduce_scatter,4gpu,4,Ring,default,Ring/auto,1048576,ok,,ip,25089,2091,27180,98.48999999999998,10.65,7.99,2.674701808951795,2.47101561,98.40698340514331,1106.728,1123.1096516921698,1115.2636323724441,413.7762184539451,102.8054356242458,trial,0.04071846946284033,0.030601696665406644,0.040752819755529045,3.8832158530083016e-08,2.91840521482531e-08,0.02575185201783997,0.03426528964929423,4.010362057395143e-06,3.0139611045759e-06,34.52314814814815,37.0,1938.75,7600.0,99.4074074074074,1.0,[2],54,1791258898.4678013,RING/SIMPLE[0-7]
t2__all_gather__4gpu__Ring__default__67108864,2,0,True,all_gather,4gpu,4,Ring,default,Ring/auto,67108864,ok,,oop,459,39,498,5356.169999999999,12.53,9.4,2.6781524159014225,2.45848203,5377.816096187596,1190.3709999999999,1100.8155056264043,1168.9352419466566,444.4747031319875,102.8054356242458,trial,2.3903032128514052,1.8374344863757586,2.380682070674457,3.5618293476870734e-08,2.7379907464619854e-08,0.028075460736190654,0.03652313293213988,0.01280287035957831,0.009841611472891245,34.93055555555556,37.0,1929.0972222222222,7600.0,92.09259259259258,4.6157407407407405,[2],54,1791258906.8705733,RING/SIMPLE[0-7]
t2__all_gather__4gpu__Ring__default__67108864,2,0,True,all_gather,4gpu,4,Ring,default,Ring/auto,67108864,ok,,ip,459,39,498,5368.28,12.5,9.38,2.679122236557305,2.4640405199999997,5379.763527223504,1185.181,1205.9912819771757,1194.7554602371215,442.3766052283482,102.8054356242458,trial,2.379881526104418,1.8268125931327763,2.374801482315237,3.546299824274209e-08,2.7221628921222334e-08,0.028198405367618952,0.03673549451775779,0.012775870398955823,0.00980684150746282,35.5,37.0,1938.75,7600.0,100.0,4.716981132075472,[2],53,1791258906.8705733,RING/SIMPLE[0-7]
t2__reduce_scatter__2gpu_nvlink__default__LL128__67108864,2,0,True,reduce_scatter,2gpu_nvlink,2,default,LL128,auto/LL128,67108864,ok,,oop,2020,169,2189,1148.8299999999997,58.41,29.21,2.540042878128588,2.3206365999999994,1160.3667784963857,716.564,651.6799508630031,705.1497084638971,282.10704873137354,49.93917314649508,trial,0.3273476473275468,0.2693998898627751,0.3240930407940638,4.877860059254569e-09,4.0143711844500166e-09,0.20500793131667236,0.24910501646523842,0.0003760667976793055,0.0003094946754710518,37.23529411764706,38.0,1913.6764705882351,7600.0,90.7156862745098,22.107843137254903,[2],51,1791258915.2132306,RING/LL128[0-3]
t2__reduce_scatter__2gpu_nvlink__default__LL128__67108864,2,0,True,reduce_scatter,2gpu_nvlink,2,default,LL128,auto/LL128,67108864,ok,,ip,2020,169,2189,1144.32,58.65,29.32,2.5045188274234533,2.3115264,1144.1383405315,716.175,722.9867324378714,710.6877530027082,285.95313086017865,49.93917314649508,trial,0.32716994061215166,0.2700326179208055,0.3272218867059196,4.8752120228432366e-09,4.023799567234598e-09,0.20511928410793454,0.24852132500408344,0.00037438710644129735,0.00030900372533913616,37.64,39.0,1927.5,7600.0,100.0,24.04,[2],50,1791258915.2132306,RING/LL128[0-3]
t2__all_reduce__4gpu__default__default__67108864,2,0,True,all_reduce,4gpu,4,default,default,auto/auto,67108864,ok,,oop,236,20,256,10474.8,6.41,9.61,2.695167664438486,2.4720527999999997,10527.998689212836,1180.551,1100.8168540654315,1164.2578966291567,438.02506819031504,102.8054356242458,trial,4.61152734375,3.5291918522539856,4.588224984279912,6.871711229905486e-08,5.258905667445042e-08,0.014552415934593254,0.019015362952609006,0.04830482662031249,0.03696757881399004,35.1712962962963,38.0,1930.9027777777778,7600.0,92.35185185185186,4.296296296296297,[2],54,1791258922.2258098,RING/SIMPLE[0-7]
t2__all_reduce__4gpu__default__default__67108864,2,0,True,all_reduce,4gpu,4,default,default,auto/auto,67108864,ok,,ip,236,20,256,10481.3,6.4,9.6,2.6795620312914252,2.4735867999999996,10467.03918473213,1178.022,1193.8094281044714,1182.658867274579,439.6322929804494,102.8054356242458,trial,4.6016484375,3.5255799144175626,4.607917952415984,6.85699051246047e-08,5.2535234606527725e-08,0.01458365733746908,0.019034844090631428,0.048231257767968744,0.03695266075698479,35.78703703703704,38.0,1938.75,7600.0,100.0,4.518518518518518,[2],54,1791258922.2258098,RING/SIMPLE[0-7]
t2__reduce_scatter__2gpu_nvlink__default__default__1048576,2,0,True,reduce_scatter,2gpu_nvlink,2,default,default,auto/auto,1048576,ok,,oop,67133,5595,72728,35.92,29.19,14.59,2.6340955225750804,2.41141736,36.218451250894844,562.5550000000001,541.522236308422,565.2327107821407,213.56666650040418,49.93917314649508,trial,0.007735053899461006,0.005926334391344676,0.0076713146606945185,7.376722239933973e-09,5.651792899460484e-09,0.1355615634524624,0.1769350041285942,2.7784313606863937e-07,2.128739313371008e-07,37.04807692307692,38.0,1917.548076923077,7600.0,92.35576923076923,1.6923076923076923,[2],52,1791258930.616107,RING/SIMPLE[0-3]
t2__reduce_scatter__2gpu_nvlink__default__default__1048576,2,0,True,reduce_scatter,2gpu_nvlink,2,default,default,auto/auto,1048576,ok,,ip,67133,5595,72728,35.92,29.2,14.6,2.6122058108448982,2.41141736,35.91747072441011,571.917,577.1008653778276,572.7165887166271,218.94025257336742,49.93917314649508,trial,0.007863780112198878,0.006070091322708394,0.007864333872435358,7.499485122870329e-09,5.788890192707438e-09,0.13334248733295218,0.17274468278215943,2.824669816301837e-07,2.1803768031168553e-07,37.5,38.0,1927.5,7600.0,99.0,1.1153846153846154,[2],52,1791258930.616107,RING/SIMPLE[0-3]
t2__all_gather__2gpu_nvlink__Ring__default__67108864,2,0,True,all_gather,2gpu_nvlink,2,Ring,default,Ring/auto,67108864,ok,,oop,2436,203,2639,968.2899999999998,69.31,34.65,2.568310628645122,2.35875444,973.2135765991368,710.789,656.3088886645813,703.9428665458611,276.7535173013582,49.93917314649508,trial,0.2693402804092459,0.22073879909894187,0.26797766326773215,4.013482934374301e-09,3.2892644271096866e-09,0.24916014752057225,0.3040193399345249,0.0002607995001174687,0.0002137391717795144,38.00961538461539,39.0,1922.8846153846152,7600.0,91.75961538461539,28.33653846153846,[2],52,1791258937.590009,RING/SIMPLE[0-3]
t2__all_gather__2gpu_nvlink__Ring__default__67108864,2,0,True,all_gather,2gpu_nvlink,2,Ring,default,Ring/auto,67108864,ok,,ip,2436,203,2639,941.84,71.25,35.63,2.4858582876622677,2.29432224,941.9697944911966,690.662,692.4295497418357,679.7481905033856,277.83643316590957,49.93917314649508,trial,0.2617135278514589,0.21467233518559467,0.26167746621298027,3.899835465125127e-09,3.19886707046024e-09,0.25642107441266493,0.31261067683444693,0.0002464922690716181,0.00020218699217120048,38.5,39.0,1927.5,7600.0,100.0,26.39795918367347,[2],49,1791258937.590009,RING/SIMPLE[0-3]
t2__all_gather__4gpu__default__LL128__67108864,2,0,True,all_gather,4gpu,4,default,LL128,auto/LL128,67108864,ok,,oop,302,26,328,8086.699999999999,8.3,6.22,2.6674614967778325,2.4421834,8132.50456334705,1203.727,1116.290313042916,1187.692192410778,451.26312093128445,102.8054356242458,trial,3.6698993902439025,2.833833715892842,3.6492294800350176,5.4685762379227617e-08,4.2227412997079524e-08,0.01828629530782312,0.023681299161498734,0.02967737539908536,0.022916363110310645,35.54245283018868,39.0,1930.9669811320755,7600.0,93.26415094339623,2.830188679245283,[2],53,1791258944.582609,RING/LL128[0-7]
t2__all_gather__4gpu__default__LL128__67108864,2,0,True,all_gather,4gpu,4,default,LL128,auto/LL128,67108864,ok,,ip,302,26,328,8064.789999999999,8.32,6.24,2.650241266004741,2.4355665799999997,8080.0038597705525,1198.233,1217.7348557616615,1205.5227801604901,452.12223331136386,102.8054356242458,trial,3.653149390243902,2.822481073594603,3.6462708659871534,5.443616792923066e-08,4.205824544421737e-08,0.018370139523782105,0.023776550577372955,0.029461882670945114,0.022762717137515015,36.14150943396226,39.0,1938.75,7600.0,100.0,3.0,[2],53,1791258944.582609,RING/LL128[0-7]
t2__reduce_scatter__2gpu_nvlink__Ring__LL128__67108864,2,0,True,reduce_scatter,2gpu_nvlink,2,Ring,LL128,Ring/LL128,67108864,ok,,oop,2011,168,2179,1147.86,58.46,29.23,2.522392257116735,2.3083464599999997,1157.5916737571065,712.578,653.4213152825001,705.983392724068,282.5008671785747,49.93917314649508,trial,0.3270206516750803,0.2692114806463831,0.32427144539959873,4.8729874443274784e-09,4.0115636683461534e-09,0.2052129235760857,0.24927935405603815,0.00037537392523175766,0.0003090170901747573,38.568627450980394,40.0,1915.4411764705883,7600.0,91.59803921568627,22.598039215686278,[2],51,1791258952.9784415,RING/LL128[0-3]
t2__reduce_scatter__2gpu_nvlink__Ring__LL128__67108864,2,0,True,reduce_scatter,2gpu_nvlink,2,Ring,LL128,Ring/LL128,67108864,ok,,ip,2011,168,2179,1145.41,58.59,29.29,2.4962609708309174,2.3034195100000003,1145.599344116988,718.941,723.6253932092498,711.592145533313,288.0071468491894,49.93917314649508,trial,0.32994079853143643,0.272730514529067,0.3298862660725301,4.916501023343748e-09,4.0640013594786375e-09,0.20339668297676722,0.24606290981366405,0.00037791749004589267,0.00031238825864673866,39.28,40.0,1920.0,7600.0,100.0,23.91,[2],50,1791258952.9784415,RING/LL128[0-3]
t2__all_gather__2gpu_nvlink__Ring__LL128__4096,2,0,True,all_gather,2gpu_nvlink,2,Ring,LL128,Ring/LL128,4096,ok,,oop,198676,16557,215233,11.48,0.36,0.18,2.4897671416401863,2.28080048,11.567776045681594,492.499,474.1377592581489,489.1502008236882,197.80926166274168,49.93917314649508,trial,0.0022882132386762254,0.0017105280678110543,0.0022708503238882743,5.586458102236878e-07,4.176093915554332e-07,0.0017900429604933209,0.0023945821627128342,2.626868798000307e-08,1.9636862218470905e-08,37.489999999999995,38.0,1909.2,7600.0,88.91,0.0,[2],50,1791258959.9737406,RING/LL128[0-0]
t2__all_gather__2gpu_nvlink__Ring__LL128__4096,2,0,True,all_gather,2gpu_nvlink,2,Ring,LL128,Ring/LL128,4096,ok,,ip,198676,16557,215233,11.099999999999998,0.37,0.18,2.389537876471877,2.2053035999999997,11.102098081947828,478.98900000000003,480.39709183691195,477.4992989259841,200.45256646327837,49.93917314649508,trial,0.0022254440536534827,0.001671014455249719,0.00222502348774239,5.433213021614948e-07,4.079625134887009e-07,0.001840531552916664,0.0024512056057515597,2.4702428995553656e-08,1.854826045327188e-08,37.5,38.0,1920.0,7600.0,95.5,0.0,[2],47,1791258959.9737406,RING/LL128[0-0]
t2__all_gather__2gpu_nvlink__default__default__4096,2,1,True,all_gather,2gpu_nvlink,2,default,default,auto/auto,4096,ok,,oop,432990,27028,460018,5.859999999999999,0.7,0.35,2.7225919431075454,2.5373213999999997,5.918446545803741,537.3679999999999,520.4669829246457,533.7281640679109,197.3736833242268,49.93917314649508,trial,0.0011681455943028315,0.0008725832674936627,0.001156609784279969,2.8519179548408973e-07,2.1303302429044498e-07,0.0035064122314689378,0.004694107889284902,6.845333182614592e-09,5.113337947512863e-09,37.43518518518518,38.0,1914.4444444444443,7600.0,85.24074074074073,0.0,[2],54,1791258972.467236,RING/LL[0-0]
t2__all_gather__2gpu_nvlink__default__default__4096,2,1,True,all_gather,2gpu_nvlink,2,default,default,auto/auto,4096,ok,,ip,432990,27028,460018,5.849999999999999,0.7,0.35,2.6921594915911555,2.5329914999999996,5.852291631177814,535.974,536.1178471348063,533.3076091593589,199.08701608284792,49.93917314649508,trial,0.0011651152780978136,0.0008728566730246407,0.0011646590440846601,2.8445197219184903e-07,2.130997736876564e-07,0.0035155319623713086,0.004692637550454255,6.815924376872209e-09,5.106211537194147e-09,37.5,38.0,1920.0,7600.0,91.16666666666666,0.0,[2],54,1791258972.467236,RING/LL[0-0]
t2__all_gather__4gpu__Ring__default__1048576,2,0,True,all_gather,4gpu,4,Ring,default,Ring/auto,1048576,ok,,oop,22971,1915,24886,100.34,10.45,7.84,2.514700503088534,2.30491014,101.04880266368777,1063.0720000000001,998.7204448279966,1059.207656746009,422.7429861704581,102.8054356242458,trial,0.042717672586996706,0.03232930640984784,0.042418031232343764,4.073874720287009e-08,3.0831629190299834e-08,0.024546655669606576,0.03243422505595706,4.286291267379249e-06,3.2439226051641322e-06,34.754999999999995,38.0,1923.75,7600.0,90.76500000000001,2.74,[2],50,1791258979.4836473,RING/SIMPLE[0-7]
t2__all_gather__4gpu__Ring__default__1048576,2,0,True,all_gather,4gpu,4,Ring,default,Ring/auto,1048576,ok,,ip,22971,1915,24886,100.03,10.48,7.86,2.487509644590318,2.29778913,99.95618599173504,1077.023,1078.2200022081183,1067.2562054588184,432.9723916215733,102.8054356242458,trial,0.04327826890621232,0.03300222966199387,0.04331022833390598,4.12733735143779e-08,3.147337881278407e-08,0.024228695520894173,0.03177288355179118,4.3291252386884185e-06,3.3012130330892468e-06,35.2,38.0,1935.0,7600.0,99.52000000000001,2.1,[2],50,1791258979.4836473,RING/SIMPLE[0-7]
t2__all_gather__2gpu_nvlink__default__default__1048576,2,0,True,all_gather,2gpu_nvlink,2,default,default,auto/auto,1048576,ok,,oop,61808,5151,66959,37.33,28.09,14.05,2.518064310774207,2.30729264,37.60606207939496,566.5450000000001,537.2366048106717,564.8713961453391,224.99226790034186,49.93917314649508,trial,0.008461073194044117,0.00658305754850337,0.008398961360719761,8.06910819439327e-09,6.2780929074319555e-09,0.12392943258523152,0.15928403971470512,3.1585186233366686e-07,2.457455382856308e-07,37.72,39.0,1912.8000000000002,7600.0,91.4,3.68,[2],50,1791258987.4509537,RING/SIMPLE[0-3]
t2__all_gather__2gpu_nvlink__default__default__1048576,2,0,True,all_gather,2gpu_nvlink,2,default,default,auto/auto,1048576,ok,,ip,61808,5151,66959,35.77,29.31,14.66,2.395307281985879,2.21087216,35.77274573971951,537.516,543.1753577694935,535.6158102577226,224.40377651854388,49.93917314649508,trial,0.00802753924043071,0.0062410778970093134,0.008026923086068316,7.655657997542105e-09,5.951955697068513e-09,0.1306223449794983,0.16801200326348614,2.8714507863020655e-07,2.2324335637602318e-07,38.0,39.0,1920.0,7600.0,99.0,2.1666666666666665,[2],48,1791258987.4509537,RING/SIMPLE[0-3]
t2__all_gather__2gpu_nvlink__Ring__default__1048576,2,0,True,all_gather,2gpu_nvlink,2,Ring,default,Ring/auto,1048576,ok,,oop,60961,5081,66042,37.37,28.06,14.03,2.479841102845967,2.27811257,37.54945493543452,563.015,536.7758627030965,562.0405774534288,227.03672398762203,49.93917314649508,trial,0.008525105236061899,0.006649916504484721,0.008484362375417434,8.130173908292674e-09,6.341854576573106e-09,0.12299859895739901,0.1576825813215606,3.185831826716331e-07,2.48507379772594e-07,37.90816326530612,39.0,1920.0,7600.0,90.85714285714286,3.673469387755102,[2],49,1791258993.984236,RING/SIMPLE[0-3]
t2__all_gather__2gpu_nvlink__Ring__default__1048576,2,0,True,all_gather,2gpu_nvlink,2,Ring,default,Ring/auto,1048576,ok,,ip,60961,5081,66042,35.78999999999999,29.29,14.65,2.3636664682999253,2.1817941899999997,35.79035262862914,528.971,537.628652886212,530.0221621722203,223.79257272303062,49.93917314649508,trial,0.008009615093425395,0.00622227447653017,0.008009536177757265,7.638564198899646e-09,5.934023357896967e-09,0.1309146554196733,0.1685197276261485,2.8666412419369487e-07,2.2269520351501476e-07,38.0,39.0,1920.0,7600.0,99.0,2.1875,[2],48,1791258993.984236,RING/SIMPLE[0-3]
t2__all_gather__2gpu_nvlink__Ring__LL128__1048576,2,0,True,all_gather,2gpu_nvlink,2,Ring,LL128,Ring/LL128,1048576,ok,,oop,70881,5907,76788,32.75,32.02,16.01,2.5293521704152226,2.32135275,32.93941983663102,584.8520000000001,557.2627207208928,584.187753592588,231.22600594759797,49.93917314649508,trial,0.0076164504870552706,0.005971483096488659,0.007572651694783833,7.263613211684485e-09,5.694850059975299e-09,0.13767252892697637,0.17559724829776072,2.494387534510601e-07,1.9556607141000356e-07,38.28431372549019,39.0,1920.0,7600.0,89.35294117647058,5.931372549019608,[2],51,1791259000.4982474,RING/LL128[0-3]
t2__all_gather__2gpu_nvlink__Ring__LL128__1048576,2,0,True,all_gather,2gpu_nvlink,2,Ring,LL128,Ring/LL128,1048576,ok,,ip,70881,5907,76788,32.18,32.59,16.29,2.4710183599963784,2.28095058,32.17974631448114,573.078,573.2913276035042,564.6570347468082,231.9197660679623,49.93917314649508,trial,0.0074631192373808405,0.00585608931437168,0.007463178072067028,7.117385136967507e-09,5.584801973697357e-09,0.1405010380576466,0.17905737834746555,2.4016317705891547e-07,1.8844895413648066e-07,38.5,39.0,1920.0,7600.0,97.87755102040816,4.23469387755102,[2],49,1791259000.4982474,RING/LL128[0-3]
t2__all_gather__2gpu_nvlink__Ring__LL128__67108864,2,0,True,all_gather,2gpu_nvlink,2,Ring,LL128,Ring/LL128,67108864,ok,,oop,2115,177,2292,1084.8199999999997,61.86,30.93,2.5056301709264517,2.2943942999999996,1093.2068808579631,710.75,643.154717000967,694.7342354624243,283.66117563838304,49.93917314649508,trial,0.3101003490401396,0.25550650133203395,0.30772131655603063,4.620855287315542e-09,3.807343562424689e-09,0.2164101530608512,0.26265031868128935,0.0003364030606457242,0.000277178562775017,38.97,40.0,1914.0,7600.0,92.26,23.18,[2],50,1791259007.4703555,RING/LL128[0-3]
t2__all_gather__2gpu_nvlink__Ring__LL128__67108864,2,0,True,all_gather,2gpu_nvlink,2,Ring,LL128,Ring/LL128,67108864,ok,,ip,2115,177,2292,990.48,67.75,33.88,2.270736860111356,2.0948652,990.72288835574,627.731,640.6992441521315,626.7369419633469,276.44374433117554,49.93917314649508,trial,0.27387914485165793,0.22440326298986493,0.2738119998851427,4.081117285067706e-09,3.3438691942373653e-09,0.2450309388703123,0.29905476019317484,0.0002712718153926701,0.0002222669439262014,39.42222222222222,40.0,1920.0,7600.0,100.0,21.366666666666667,[2],45,1791259007.4703555,RING/LL128[0-3]
t2__all_gather__4gpu__default__default__67108864,2,0,True,all_gather,4gpu,4,default,default,auto/auto,67108864,ok,,oop,427,36,463,5357.59,12.53,9.39,2.4922207379713655,2.2876909299999997,5382.766172724331,1097.848,1015.7315599100183,1083.014912549329,440.50993689011415,102.8054356242458,trial,2.3711619870410368,1.8177843657906574,2.3600716327831064,3.5333066985622596e-08,2.7087097850302717e-08,0.02830210013772398,0.036917945419125964,0.012703713750151188,0.009738943340316367,34.935,39.0,1924.65,7600.0,91.33999999999999,4.584999999999999,[2],50,1791259013.9851794,RING/SIMPLE[0-7]
t2__all_gather__4gpu__default__default__67108864,2,0,True,all_gather,4gpu,4,default,default,auto/auto,67108864,ok,,ip,427,36,463,5362.64,12.51,9.39,2.4889741130173206,2.28984728,5375.754023795509,1118.488,1119.466967808861,1108.6986374217233,449.37711250202005,102.8054356242458,trial,2.4157408207343414,1.8630840865092517,2.4098476785878327,3.5997343372320255e-08,2.776211629076677e-08,0.027779827796096158,0.0360203087375073,0.012954748354902809,0.009991049245677975,35.455,39.0,1935.0,7600.0,100.0,4.66,[2],50,1791259013.9851794,RING/SIMPLE[0-7]
t2__reduce_scatter__2gpu_nvlink__Ring__LL128__4096,2,0,True,reduce_scatter,2gpu_nvlink,2,Ring,LL128,Ring/LL128,4096,ok,,oop,174673,14557,189230,12.75,0.32,0.16,2.430183306336403,2.22708075,12.842484311876568,484.003,460.0348306973618,477.9306163308577,199.16316548550964,49.93917314649508,trial,0.0025577498282513345,0.001916406780569384,0.002539330359940248,6.244506416629235e-07,4.6787274916244725e-07,0.0016014075945810253,0.002137333285150993,3.2611310310204515e-08,2.4434186452259645e-08,37.87755102040816,39.0,1908.9795918367347,7600.0,87.04081632653062,0.0,[2],49,1791259022.3225784,RING/LL128[0-0]
t2__reduce_scatter__2gpu_nvlink__Ring__LL128__4096,2,0,True,reduce_scatter,2gpu_nvlink,2,Ring,LL128,Ring/LL128,4096,ok,,ip,174673,14557,189230,12.72,0.32,0.16,2.406360100954771,2.22184056,12.716588812317132,482.32,485.69452154217294,482.92075176760227,200.43550414945378,49.93917314649508,trial,0.002548855889658088,0.0019137999591270006,0.002549539612781052,6.222792699360567e-07,4.672363181462404e-07,0.0016069955216453807,0.0021402445853684897,3.2421446916450883e-08,2.434353548009545e-08,38.0,39.0,1920.0,7600.0,96.0,0.0,[2],48,1791259022.3225784,RING/LL128[0-0]
t2__reduce_scatter__2gpu_nvlink__default__default__67108864,2,0,True,reduce_scatter,2gpu_nvlink,2,default,default,auto/auto,67108864,ok,,oop,2246,188,2434,1047.21,64.08,32.04,2.5630466137081385,2.35203366,1053.0183293788573,721.085,655.2690342757443,701.8030587686491,281.33901121554555,49.93917314649508,trial,0.29625513557929334,0.24366827090200965,0.2946210259350315,4.414545529772242e-09,3.6309401825369843e-09,0.22652388411352337,0.2754107613255383,0.0003102413405299918,0.00025517184997129354,38.85294117647059,40.0,1920.0,7600.0,92.26470588235294,26.57843137254902,[2],51,1791259028.813537,RING/SIMPLE[0-3]
t2__reduce_scatter__2gpu_nvlink__default__default__67108864,2,0,True,reduce_scatter,2gpu_nvlink,2,default,default,auto/auto,67108864,ok,,ip,2246,188,2434,1045.55,64.19,32.09,2.5448652636259794,2.3483053,1045.5485881782988,719.9780000000001,721.1935473235591,711.3510671066682,282.91399560154304,49.93917314649508,trial,0.2958003286770748,0.24358649669896526,0.2958007281011933,4.407768378810209e-09,3.6297216519559214e-09,0.22687217522757638,0.2755032192237489,0.00030927403364831553,0.0002546818616236031,39.38235294117647,40.0,1920.0,7600.0,100.0,29.0,[2],51,1791259028.813537,RING/SIMPLE[0-3]
t2__reduce_scatter__4gpu__default__default__1048576,2,0,True,reduce_scatter,4gpu,4,default,default,auto/auto,1048576,ok,,oop,24160,2014,26174,98.67,10.63,7.97,2.593438188545406,2.3838672,99.08451855067646,1070.929,1007.9278479535658,1062.4534164959218,412.9379310947284,102.8054356242458,trial,0.04091575609383358,0.03072932900061262,0.040744585661116856,3.9020305723031595e-08,2.9305771828281995e-08,0.02562768234308717,0.034122970923937054,4.037157653778559e-06,3.0320628924904476e-06,35.0,39.0,1927.3557692307693,7600.0,91.88461538461537,0.9038461538461537,[2],52,1791259035.8150592,RING/SIMPLE[0-7]
t2__reduce_scatter__4gpu__default__default__1048576,2,0,True,reduce_scatter,4gpu,4,default,default,auto/auto,1048576,ok,,ip,24160,2014,26174,98.2,10.68,8.01,2.5685990629717708,2.372512,98.1355185669661,1092.71,1084.6293918983029,1077.1135803907478,425.41088477069536,102.8054356242458,trial,0.04174791778100405,0.031659053044515835,0.04177534888448228,3.9813916951183365e-08,3.019242577029785e-08,0.02511684547958745,0.033120889577006485,4.099645526094597e-06,3.1089190089714552e-06,35.53921568627451,39.0,1935.0,7600.0,99.35784313725492,1.0,[2],51,1791259035.8150592,RING/SIMPLE[0-7]
t2__all_reduce__4gpu__Tree__LL128__1048576,2,0,True,all_reduce,4gpu,4,Tree,LL128,Tree/LL128,1048576,ok,,oop,13813,1152,14965,177.03999999999996,5.92,8.88,2.674541953019798,2.4454535199999996,178.7198097574205,1230.821,1135.2572322759886,1208.4964286697307,460.19880099853833,102.8054356242458,trial,0.08224664216505179,0.06387327426825783,0.08147359572878121,7.843651024346522e-08,6.09143011744097e-08,0.01274916485825315,0.016416506152418988,1.4560945528900767e-05,1.1308124476452364e-05,35.90277777777777,39.0,1925.6944444444446,7600.0,91.7037037037037,3.6481481481481484,[2],54,1791259044.1846724,TREE/LL128[0-7]
t2__all_reduce__4gpu__Tree__LL128__1048576,2,0,True,all_reduce,4gpu,4,Tree,LL128,Tree/LL128,1048576,ok,,ip,13813,1152,14965,177.12999999999997,5.92,8.88,2.657629322260618,2.4466966899999996,177.5896640334526,1225.375,1237.0261384022904,1222.860084351064,461.0782210055081,102.8054356242458,trial,0.08188272636151019,0.06362554358818764,0.08167078528670564,7.808945308829325e-08,6.067804678744091e-08,0.012805826657145773,0.016480425012740836,1.4503887320414298e-05,1.1269992535775677e-05,36.33490566037736,40.0,1935.0,7600.0,100.0,4.0,[2],53,1791259044.1846724,TREE/LL128[0-7]
t2__reduce_scatter__4gpu__default__default__67108864,2,0,True,reduce_scatter,4gpu,4,default,default,auto/auto,67108864,ok,,oop,465,39,504,5413.02,12.4,9.3,2.74292719271034,2.5170543,5442.3158585522615,1208.0680000000002,1133.220796308602,1200.2878010647169,440.4302101822413,102.8054356242458,trial,2.396960317460318,1.8374606648171112,2.3840575363206757,3.571749206573245e-08,2.7380297553794253e-08,0.0279974864461272,0.03652261258429691,0.012974794137619051,0.00994621132786832,36.14545454545454,39.0,1925.0454545454545,7600.0,92.61818181818182,4.636363636363637,[2],55,1791259052.545154,RING/SIMPLE[0-7]
t2__reduce_scatter__4gpu__default__default__67108864,2,0,True,reduce_scatter,4gpu,4,default,default,auto/auto,67108864,ok,,ip,465,39,504,5410.06,12.4,9.3,2.7230377569794655,2.5156779,5402.852692419575,1227.688,1231.2513803009647,1220.0044512946154,450.8523603293019,102.8054356242458,trial,2.435888888888889,1.8804462642310655,2.4391383205231434,3.62975729836358e-08,2.802083289967575e-08,0.027550051361583724,0.035687732894319917,0.013178305042222224,0.01017332711626592,36.554545454545455,39.0,1935.0,7600.0,100.0,5.0,[2],55,1791259052.545154,RING/SIMPLE[0-7]
t2__all_reduce__2gpu_nvlink__Ring__default__1048576,2,0,True,all_reduce,2gpu_nvlink,2,Ring,default,Ring/auto,1048576,ok,,oop,45890,3825,49715,49.74,21.08,21.08,2.4920660136267543,2.2825686000000003,50.12704442576193,564.966,531.5272321690602,560.0334870782287,226.7058725213276,49.93917314649508,trial,0.01136409534345771,0.008860792192557533,0.011276350099210835,1.083764585824748e-08,8.450309937055143e-09,0.09227096115518456,0.1183388547223501,5.652501023835864e-07,4.4073580365781175e-07,38.349999999999994,39.0,1906.8,7600.0,89.68,3.6,[2],50,1791259060.9677315,RING/SIMPLE[0-3]
t2__all_reduce__2gpu_nvlink__Ring__default__1048576,2,0,True,all_reduce,2gpu_nvlink,2,Ring,default,Ring/auto,1048576,ok,,ip,45890,3825,49715,49.6,21.14,21.14,2.4661328364163637,2.276144,49.605407551370085,565.5360000000001,571.8109706542937,565.5303067773647,229.32098046340562,49.93917314649508,trial,0.011375560695967013,0.008898307659256687,0.011374320630984919,1.0848580070464147e-08,8.48608747411412e-09,0.09217796186272845,0.1178399354296536,5.642278105199638e-07,4.4135605989913164e-07,38.5,39.0,1920.0,7600.0,99.0,4.0,[2],50,1791259060.9677315,RING/SIMPLE[0-3]
t2__all_gather__2gpu_nvlink__Ring__default__4096,2,1,True,all_gather,2gpu_nvlink,2,Ring,default,Ring/auto,4096,ok,,oop,431507,21529,453036,5.859999999999999,0.7,0.35,2.6651850650087,2.5286310199999997,5.882943220866995,522.635,512.9917054076451,525.2836338771241,196.09707665771194,49.93917314649508,trial,0.0011536279677553218,0.0008598386476374455,0.0011491288692141919,2.816474530652641e-07,2.0992154483336073e-07,0.0035505380542826255,0.00476368445551321,6.760259891046186e-09,5.0386544751554305e-09,37.75,39.0,1915.5555555555557,7600.0,83.83333333333334,0.0,[2],54,1791259072.9476013,RING/LL[0-0]
t2__all_gather__2gpu_nvlink__Ring__default__4096,2,1,True,all_gather,2gpu_nvlink,2,Ring,default,Ring/auto,4096,ok,,ip,431507,21529,453036,5.849999999999999,0.7,0.35,2.6479795752093196,2.5243159499999996,5.844965025316575,526.13,527.9277884745068,525.1282690995318,198.69110960133068,49.93917314649508,trial,0.00116134258646112,0.0008694498660266276,0.0011623429911677844,2.835309048977344e-07,2.1226803369790712e-07,0.0035269523805903486,0.004711024936628786,6.793854130797551e-09,5.0862817162557704e-09,37.839622641509436,39.0,1920.0,7600.0,91.0,0.0,[2],53,1791259072.9476013,RING/LL[0-0]
t2__all_reduce__2gpu_nvlink__Ring__default__4096,2,1,True,all_reduce,2gpu_nvlink,2,Ring,default,Ring/auto,4096,ok,,oop,391913,25642,417555,6.44,0.64,0.64,2.6972334729507565,2.52391972,6.4595884924159845,532.512,519.9132868934088,531.9612398911638,197.428960206932,49.93917314649508,trial,0.0012753098394223514,0.0009527233312444823,0.0012714425037326422,3.113549412652225e-07,2.3259846954210994e-07,0.003211768523526231,0.004299254427462855,8.212995365879944e-09,6.135538253214466e-09,37.48148148148148,38.0,1920.0,7600.0,85.19444444444444,0.0,[2],54,1791259085.9060814,RING/LL[0-0]
t2__all_reduce__2gpu_nvlink__Ring__default__4096,2,1,True,all_reduce,2gpu_nvlink,2,Ring,default,Ring/auto,4096,ok,,ip,391913,25642,417555,6.44,0.64,0.64,2.6875850819051266,2.52391972,6.436481617763232,534.682,535.7254214584065,533.1274128477284,198.94514357885345,49.93917314649508,trial,0.0012805067595885572,0.0009590741896248464,0.0012812067246478162,3.126237206026751e-07,2.3414897207637851e-07,0.0031987336024029236,0.004270785351446274,8.246463531750309e-09,6.176437781184011e-09,37.5,38.0,1920.0,7600.0,91.9622641509434,0.0,[2],53,1791259085.9060814,RING/LL[0-0]
t2__reduce_scatter__2gpu_nvlink__default__default__4096,2,1,True,reduce_scatter,2gpu_nvlink,2,default,default,auto/auto,4096,ok,,oop,437501,22100,459601,5.769999999999999,0.71,0.36,2.673273455351591,2.5243807699999996,5.816509222894622,532.251,513.6077566795507,525.6116096582291,199.1008435498784,49.93917314649508,trial,0.001158071892793967,0.0008676002316036468,0.0011488118672827981,2.827323957016521e-07,2.1181646279385908e-07,0.003536913403638509,0.004721068357057805,6.6820748214211875e-09,5.006053336353041e-09,37.407407407407405,38.0,1920.0,7600.0,83.5925925925926,0.0,[2],54,1791259097.908349,RING/LL[0-0]
t2__reduce_scatter__2gpu_nvlink__default__default__4096,2,1,True,reduce_scatter,2gpu_nvlink,2,default,default,auto/auto,4096,ok,,ip,437501,22100,459601,5.779999999999999,0.71,0.35,2.6569076785817742,2.52875578,5.780900560664085,526.556,528.9094372344441,526.2198457767167,198.1837774209262,49.93917314649508,trial,0.0011456807100071584,0.0008569873159654843,0.0011455022334929533,2.797072045915914e-07,2.092254189368858e-07,0.0035751671161281993,0.004779533983400251,6.622034503841375e-09,4.953386686280499e-09,37.5,38.0,1920.0,7600.0,90.9622641509434,0.0,[2],53,1791259097.908349,RING/LL[0-0]
t2__reduce_scatter__4gpu__default__LL128__1048576,2,0,True,reduce_scatter,4gpu,4,default,LL128,auto/LL128,1048576,ok,,oop,17601,1467,19068,137.44,7.63,5.72,2.63570106215775,2.41908144,138.22640351152455,1157.72,1073.9568261351678,1141.189794539071,439.2455641582577,102.8054356242458,trial,0.060715334591986574,0.046504908964211514,0.060369910337910934,5.790265521238954e-08,4.43505372659793e-08,0.017270365172926096,0.02254764117067611,8.344715586322634e-06,6.39163468804123e-06,34.466981132075475,39.0,1922.4056603773583,7600.0,91.15094339622642,1.830188679245283,[2],53,1791259104.888733,RING/LL128[0-7]
t2__reduce_scatter__4gpu__default__LL128__1048576,2,0,True,reduce_scatter,4gpu,4,default,LL128,auto/LL128,1048576,ok,,ip,17601,1467,19068,136.88999999999996,7.66,5.75,2.6075630029663444,2.4094008899999997,136.75073436995723,1162.324,1171.5156915989369,1161.4612338552345,445.7510705121023,102.8054356242458,trial,0.06095678623872457,0.046898067419885586,0.061018864042401665,5.813292144653756e-08,4.472548238743361e-08,0.017201956741837904,0.022358618546302524,8.344374468219005e-06,6.419876449108136e-06,35.1875,39.0,1935.0,7600.0,99.76923076923077,2.0,[2],52,1791259104.888733,RING/LL128[0-7]
t2__all_reduce__2gpu_nvlink__default__LL128__1048576,2,0,True,all_reduce,2gpu_nvlink,2,default,LL128,auto/LL128,1048576,ok,,oop,46030,3836,49866,49.39,21.23,21.23,2.4856623196974397,2.2734217,49.84683591419885,594.007,550.3937369022592,584.944260958528,238.97332927841293,49.93917314649508,trial,0.01191206433241086,0.009422754562886755,0.011802892733060814,1.1360229809199199e-08,8.986239016424899e-09,0.08802638826815173,0.11128125995449449,5.883368573777724e-07,4.653898478609768e-07,37.989999999999995,39.0,1909.1999999999998,7600.0,88.8,8.11,[2],50,1791259113.2994328,RING/LL128[0-3]
t2__all_reduce__2gpu_nvlink__default__LL128__1048576,2,0,True,all_reduce,2gpu_nvlink,2,default,LL128,auto/LL128,1048576,ok,,ip,46030,3836,49866,49.27,21.28,21.28,2.4569985661655664,2.2678981,49.27202033781668,591.346,595.4468573551596,587.9533615613857,240.67820313093003,49.93917314649508,trial,0.011858701319536357,0.009398097364608504,0.011858215068260923,1.130933887437473e-08,8.962724079712395e-09,0.08842249853047116,0.1115732216127855,5.842782140135563e-07,4.63044257154261e-07,38.5,39.0,1920.0,7600.0,98.0,8.377551020408163,[2],49,1791259113.2994328,RING/LL128[0-3]
t2__all_reduce__4gpu__Tree__default__67108864,2,0,True,all_reduce,4gpu,4,Tree,default,Tree/auto,67108864,ok,,oop,354,30,384,6778.839999999999,9.9,14.85,2.62887102086097,2.3997093599999997,6846.01828349211,1174.795,1085.3334797346506,1153.6898929586157,446.8819469185096,102.8054356242458,trial,3.059361979166667,2.355554087240709,3.0293412170490694,4.55880460018913e-08,3.510049115480049e-08,0.021935574952225707,0.028489629834231988,0.020738925358854167,0.015967924268750808,35.05188679245283,39.0,1924.6698113207547,7600.0,91.32075471698113,6.39622641509434,[2],53,1791259119.79547,TREE/SIMPLE[0-7]
t2__all_reduce__4gpu__Tree__default__67108864,2,0,True,all_reduce,4gpu,4,Tree,default,Tree/auto,67108864,ok,,ip,354,30,384,6803.0599999999995,9.86,14.8,2.6086154272779822,2.40828324,6793.269341869745,1175.288,1186.201313240864,1175.2290319758795,450.5409220961253,102.8054356242458,trial,3.0606458333333335,2.3622608193295807,3.065056925475266,4.560717691977819e-08,3.5200429250740717e-08,0.021926373600343062,0.02840874447515316,0.020821757242916666,0.016070602089548296,35.5625,39.0,1935.0,7600.0,100.0,7.0,[2],52,1791259119.79547,TREE/SIMPLE[0-7]
t2__all_reduce__4gpu__Ring__LL128__67108864,2,0,True,all_reduce,4gpu,4,Ring,LL128,Ring/LL128,67108864,ok,,oop,147,13,160,15830.899999999998,4.24,6.36,2.543701931834221,2.3271422999999998,15898.13707396388,1159.177,1061.829128257298,1133.649519088296,455.70472919527043,102.8054356242458,trial,7.24485625,5.61044134249717,7.214215997417406,1.0795677080750465e-07,8.360209081317738e-08,0.009262966949827334,0.011961423336106084,0.11469259480812498,0.08881833584893845,35.795,39.0,1927.65,7600.0,92.78,2.795,[2],50,1791259128.1993976,RING/LL128[0-7]
t2__all_reduce__4gpu__Ring__LL128__67108864,2,0,True,all_reduce,4gpu,4,Ring,LL128,Ring/LL128,67108864,ok,,ip,147,13,160,15851.3,4.23,6.35,2.548214353621006,2.3301410999999996,15926.339710131288,1162.597,1177.6032086468729,1166.5360289328073,456.2398757184429,102.8054356242458,trial,7.26623125,5.628916958200229,7.231995141975753,1.0827528312802314e-07,8.387739894092424e-08,0.009235718172333148,0.011922162735450475,0.11517921141312498,0.08922565137951928,36.28431372549019,39.0,1935.0,7600.0,100.0,3.0,[2],51,1791259128.1993976,RING/LL128[0-7]
t2__all_reduce__4gpu__Tree__default__1048576,2,0,True,all_reduce,4gpu,4,Tree,default,Tree/auto,1048576,ok,,oop,18286,1524,19810,131.09,8.0,12.0,2.6189743038266897,2.3971117399999997,132.2046594561681,1126.588,1056.084231081899,1116.8976590320967,430.1638234303775,102.8054356242458,trial,0.05686966178697627,0.04327830418002985,0.05639017561348818,5.423513582894923e-08,4.127340715411172e-08,0.018438231687182893,0.024228675773387866,7.455043963654719e-06,5.673352894960113e-06,35.92307692307692,39.0,1927.3557692307693,7600.0,91.84615384615384,4.519230769230769,[2],52,1791259136.5624266,TREE/SIMPLE[0-7]
t2__all_reduce__4gpu__Tree__default__1048576,2,0,True,all_reduce,4gpu,4,Tree,default,Tree/auto,1048576,ok,,ip,18286,1524,19810,130.32,8.05,12.07,2.579490041360259,2.38303152,130.21151142656532,1121.5149999999999,1128.9853345337124,1117.9391290328667,434.7816746788385,102.8054356242458,trial,0.05661357900050479,0.04322712784500528,0.05666074784414623,5.3990916252617634e-08,4.1224601597790983e-08,0.01852163418233372,0.024257359955992513,7.3778816153457834e-06,5.633359300761087e-06,36.30769230769231,39.0,1935.0,7600.0,99.0,4.057692307692307,[2],52,1791259136.5624266,TREE/SIMPLE[0-7]
t2__all_reduce__2gpu_nvlink__Tree__LL128__4096,2,0,True,all_reduce,2gpu_nvlink,2,Tree,LL128,Tree/LL128,4096,ok,,oop,147602,12301,159903,15.189999999999998,0.27,0.27,2.4485330441966653,2.2420743799999996,15.312614798951023,485.154,466.312044225692,483.52067228115413,198.1406790281539,49.93917314649508,trial,0.0030340518939607135,0.0022693525721903156,0.0030097569144376573,7.407353256740023e-07,5.540411553199013e-07,0.0013500098690312767,0.0018049200684786741,4.608724826926323e-08,3.447146557157089e-08,37.41836734693878,38.0,1908.9795918367347,7600.0,89.74489795918367,0.0,[2],49,1791259144.9105103,TREE/LL128[0-0]
t2__all_reduce__2gpu_nvlink__Tree__LL128__4096,2,0,True,all_reduce,2gpu_nvlink,2,Tree,LL128,Tree/LL128,4096,ok,,ip,147602,12301,159903,15.149999999999999,0.27,0.27,2.4225074872374535,2.2361703,15.149856395673963,494.76,490.9916214189752,488.14993217514564,204.23466288816624,49.93917314649508,trial,0.0030941258137746007,0.002337554512086503,0.003094155142755718,7.554018100035646e-07,5.706920195523689e-07,0.0013237987872908078,0.0017522586013807686,4.6876006078685196e-08,3.5413950858110516e-08,37.5,38.0,1920.0,7600.0,97.0,0.0,[2],48,1791259144.9105103,TREE/LL128[0-0]
t2__reduce_scatter__2gpu_nvlink__Ring__default__4096,2,1,True,reduce_scatter,2gpu_nvlink,2,Ring,default,Ring/auto,4096,ok,,oop,437501,21368,458869,5.76,0.71,0.36,2.6662537939846516,2.52000576,5.810490126778343,523.063,510.79305691337527,523.4256245747774,196.17899885602978,49.93917314649508,trial,0.0011398961359342207,0.000849725063427037,0.0011299910334107315,2.782949550620656e-07,2.0745240806324146e-07,0.0035933098383942284,0.004820382705295722,6.5658017429811115e-09,4.894416365339733e-09,37.34905660377359,38.0,1916.6037735849056,7600.0,84.73584905660377,0.0,[2],53,1791259156.4148207,RING/LL[0-0]
t2__reduce_scatter__2gpu_nvlink__Ring__default__4096,2,1,True,reduce_scatter,2gpu_nvlink,2,Ring,default,Ring/auto,4096,ok,,ip,437501,21368,458869,5.74,0.71,0.36,2.6360236229375005,2.51125574,5.7446103853986665,525.5550000000001,524.574073864467,521.9791190715168,199.37416168309537,49.93917314649508,trial,0.0011453268797848625,0.0008584457870892847,0.0011444076880609674,2.796208202599762e-07,2.095814909885949e-07,0.0035762716062067716,0.004771413712551641,6.574176289965111e-09,4.9274788178924945e-09,37.5,38.0,1920.0,7600.0,91.5,0.0,[2],53,1791259156.4148207,RING/LL[0-0]
t2__all_gather__2gpu_nvlink__default__LL128__4096,2,0,True,all_gather,2gpu_nvlink,2,default,LL128,auto/LL128,4096,ok,,oop,198184,16516,214700,11.35,0.36,0.18,2.451198603026569,2.2493884,11.416854229280712,485.999,472.2674751741297,484.88358806035797,198.26994002033226,49.93917314649508,trial,0.0022636190032603635,0.0016934707431160193,0.002250363819230771,5.526413582178622e-07,4.134450056435594e-07,0.001809491789077755,0.00241870136620328,2.5692075687005124e-08,1.9220892934366818e-08,37.275510204081634,38.0,1920.0,7600.0,88.59183673469389,0.0,[2],49,1791259163.4269454,RING/LL128[0-0]
t2__all_gather__2gpu_nvlink__default__LL128__4096,2,0,True,all_gather,2gpu_nvlink,2,default,LL128,auto/LL128,4096,ok,,ip,198184,16516,214700,11.06,0.37,0.19,2.375632389448583,2.19191504,11.064892358866246,478.631,476.3240294840474,473.71968983425194,201.4751954577858,49.93917314649508,trial,0.0022293013507219375,0.0016767297753651855,0.002228315661763111,5.44263025078598e-07,4.09357855313766e-07,0.00183734693323249,0.002442850398543144,2.465607293898463e-08,1.8544631315538953e-08,37.5,38.0,1920.0,7600.0,95.52127659574468,0.0,[2],47,1791259163.4269454,RING/LL128[0-0]
t2__reduce_scatter__4gpu__default__LL128__67108864,2,0,True,reduce_scatter,4gpu,4,default,LL128,auto/LL128,67108864,ok,,oop,265,23,288,8210.09,8.17,6.13,2.3871555011719465,2.17567385,8288.73437906926,1068.038,986.5551019380528,1057.8861289810116,447.4103172062562,102.8054356242458,trial,3.708465277777778,2.8563383291639,3.6732789711919116,5.5260438885953695e-08,4.256275786703676e-08,0.018096128444868066,0.023494718155339787,0.030446833692430557,0.023450794752885244,35.010416666666664,38.0,1924.21875,7600.0,90.16666666666667,2.7447916666666665,[2],48,1791259169.9338038,RING/LL128[0-7]
t2__reduce_scatter__4gpu__default__LL128__67108864,2,0,True,reduce_scatter,4gpu,4,default,LL128,auto/LL128,67108864,ok,,ip,265,23,288,8163.73,8.22,6.17,2.348126112483442,2.16338845,8153.215668345284,1078.138,1081.793517848887,1070.5324905941698,459.14825199049125,102.8054356242458,trial,3.743534722222222,2.905339833699559,3.748362359222333,5.578301433059904e-08,4.329293718486367e-08,0.01792660385961723,0.023098455892006927,0.030561206717847216,0.023718409960568097,35.58510638297872,39.0,1935.0,7600.0,100.0,3.0,[2],47,1791259169.9338038,RING/LL128[0-7]
t2__all_reduce__4gpu__Tree__LL128__67108864,2,0,True,all_reduce,4gpu,4,Tree,LL128,Tree/LL128,67108864,ok,,oop,243,21,264,10164.2,6.6,9.9,2.6966226119548082,2.4699006,10214.47959073791,1230.3899999999999,1143.0404839167888,1218.1401393879623,456.2707419812363,102.8054356242458,trial,4.660568181818181,3.610464157817402,4.637627075645682,6.944787773219021e-08,5.380010840024653e-08,0.014399288108648479,0.018587323143672656,0.04737094711363636,0.036697479792887636,35.83333333333333,39.0,1922.9166666666667,7600.0,91.5185185185185,4.578703703703704,[2],54,1791259177.886541,TREE/LL128[0-7]
t2__all_reduce__4gpu__Tree__LL128__67108864,2,0,True,all_reduce,4gpu,4,Tree,LL128,Tree/LL128,67108864,ok,,ip,243,21,264,10189.1,6.59,9.88,2.685374184511602,2.4759512999999997,10171.871911028795,1261.086,1258.0344417357228,1245.99243922104,469.61276654611095,102.8054356242458,trial,4.776840909090909,3.7311171861635644,4.7849314396149785,7.118047638372942e-08,5.5597978624158567e-08,0.014048796113825703,0.01798626541371196,0.04867170970681818,0.038016726121539175,36.324074074074076,39.0,1935.0,7600.0,100.0,5.0,[2],54,1791259177.886541,TREE/LL128[0-7]
t2__reduce_scatter__2gpu_nvlink__default__LL128__1048576,2,0,True,reduce_scatter,2gpu_nvlink,2,default,LL128,auto/LL128,1048576,ok,,oop,61100,5092,66192,37.87,27.69,13.84,2.5230965483933687,2.3138569999999996,38.117847298667044,567.4780000000001,540.2044822968829,568.6751411738516,224.91331152640703,49.93917314649508,trial,0.008573211264201113,0.00666963748798132,0.008517467107505033,8.176051391793359e-09,6.360661972028084e-09,0.1223084288589161,0.1572163407515825,3.246675105752961e-07,2.5257917166985257e-07,37.91,39.0,1910.4,7600.0,90.6,3.6900000000000004,[2],50,1791259186.24306,RING/LL128[0-3]
t2__reduce_scatter__2gpu_nvlink__default__LL128__1048576,2,0,True,reduce_scatter,2gpu_nvlink,2,default,LL128,auto/LL128,1048576,ok,,ip,61100,5092,66192,37.79,27.74,13.87,2.5021747490391135,2.308969,37.801769836824896,577.194,581.14595260397,575.0065650937102,230.67693422358062,49.93917314649508,trial,0.008719996374184191,0.006832207245059037,0.008717281344309111,8.316036581215087e-09,6.515700573977506e-09,0.1202495912847327,0.1534754380816414,3.2952866298042055e-07,2.58189111790781e-07,38.36,39.0,1920.0,7600.0,98.0,4.0,[2],50,1791259186.24306,RING/LL128[0-3]
t2__all_reduce__2gpu_nvlink__Ring__LL128__4096,2,0,True,all_reduce,2gpu_nvlink,2,Ring,LL128,Ring/LL128,4096,ok,,oop,151611,12635,164246,14.74,0.28,0.28,2.4407822377979755,2.23474614,14.860527731561046,482.773,465.52307985186565,479.88596032745556,197.79437613227967,49.93917314649508,trial,0.002939328811660558,0.002197206344225839,0.002915489104189802,7.176095731593159e-07,5.364273301332615e-07,0.0013935154120052282,0.0018641854056011202,4.332570668387662e-08,3.2386821513888864e-08,37.43877551020408,38.0,1912.6530612244896,7600.0,89.53061224489795,0.0,[2],49,1791259193.2763708,RING/LL128[0-0]
t2__all_reduce__2gpu_nvlink__Ring__LL128__4096,2,0,True,all_reduce,2gpu_nvlink,2,Ring,LL128,Ring/LL128,4096,ok,,ip,151611,12635,164246,14.719999999999999,0.28,0.28,2.4176950873807073,2.23171392,14.719963270829776,478.894,484.9763883028296,482.2936355526266,198.07874140110292,49.93917314649508,trial,0.002915711798156424,0.0021806090036644078,0.002915719073424235,7.118437007217832e-07,5.323752450352558e-07,0.0014048027663741873,0.001878374340891407,4.291927766886256e-08,3.2098564533940084e-08,37.5,38.0,1920.0,7600.0,97.0,0.0,[2],48,1791259193.2763708,RING/LL128[0-0]
t2__reduce_scatter__4gpu__default__LL128__4096,2,0,True,reduce_scatter,4gpu,4,default,LL128,auto/LL128,4096,ok,,oop,115496,9625,125121,19.48,0.21,0.16,2.463265056721866,2.2498620799999998,19.68706337642655,946.602,902.1945438350754,945.9687658719686,384.2875119820625,102.8054356242458,trial,0.007565492603160141,0.005541555476584474,0.007485920733410577,1.8470440925683938e-06,1.3529188175255064e-06,0.0005414055917904252,0.0007391426499847225,1.4737579590955955e-07,1.0794950068386556e-07,35.04,38.0,1921.35,7600.0,88.58500000000001,0.0,[2],50,1791259199.815074,RING/LL128[0-0]
t2__reduce_scatter__4gpu__default__LL128__4096,2,0,True,reduce_scatter,4gpu,4,default,LL128,auto/LL128,4096,ok,,ip,115496,9625,125121,19.45,0.21,0.16,2.4337988113984466,2.2463971999999996,19.451561379771952,962.82,962.270830077801,956.7210500925637,395.6037760766139,102.8054356242458,trial,0.007695111132423814,0.0056953848912046036,0.007694493444690139,1.8786892413144078e-06,1.390474826954249e-06,0.0005322860098460771,0.0007191787874293558,1.4966991152564317e-07,1.1077523613392953e-07,35.489583333333336,38.0,1935.0,7600.0,97.29166666666667,0.0,[2],48,1791259199.815074,RING/LL128[0-0]
t2__all_reduce__4gpu__Ring__default__67108864,2,0,True,all_reduce,4gpu,4,Ring,default,Ring/auto,67108864,ok,,oop,236,20,256,10508.0,6.39,9.58,2.7100230865180492,2.479888,10586.02768171113,1186.421,1105.1510432399941,1169.9699547316804,437.7899973997503,102.8054356242458,trial,4.63445703125,3.5461558439013627,4.600297292676576,6.905879126861692e-08,5.284183984847907e-08,0.014480415623121978,0.018924397842078215,0.048698874484375,0.03726300560771552,35.73148148148148,38.0,1924.861111111111,7600.0,92.18518518518519,4.222222222222222,[2],54,1791259207.6932528,RING/SIMPLE[0-7]
t2__all_reduce__4gpu__Ring__default__67108864,2,0,True,all_reduce,4gpu,4,Ring,default,Ring/auto,67108864,ok,,ip,236,20,256,10478.4,6.4,9.61,2.6783878095448017,2.4729023999999997,10462.452381034382,1177.5059999999999,1195.0355174899485,1184.4630773020244,439.6323772844978,102.8054356242458,trial,4.5996328124999994,3.524035837769832,4.606643902137881,6.853986997157334e-08,5.251222607150424e-08,0.014590048105062736,0.019043184317464122,0.04819679246249999,0.036926257122487406,36.10185185185185,39.0,1935.0,7600.0,100.0,4.648148148148148,[2],54,1791259207.6932528,RING/SIMPLE[0-7]
t2__all_gather__4gpu__Ring__LL128__1048576,2,0,True,all_gather,4gpu,4,Ring,LL128,Ring/LL128,1048576,ok,,oop,18221,1519,19740,136.47,7.68,5.76,2.7238906184211373,2.48661987,137.9883798592268,1199.8809999999999,1127.0357692973994,1195.3339156415286,440.5026368846973,102.8054356242458,trial,0.06078424518743667,0.04659828968492495,0.06011539485565465,5.796837347739856e-08,4.4439592060971213e-08,0.017250785902935373,0.022502456787362,8.295225940729482e-06,6.359268593301708e-06,36.35,39.0,1924.2954545454545,7600.0,92.11818181818182,2.7636363636363637,[2],55,1791259216.0542507,RING/LL128[0-7]
t2__all_gather__4gpu__Ring__LL128__1048576,2,0,True,all_gather,4gpu,4,Ring,LL128,Ring/LL128,1048576,ok,,ip,18221,1519,19740,136.43,7.69,5.76,2.7011222951114178,2.48589103,136.83496935721467,1214.14,1220.7441623308086,1209.177126530873,449.49464235565773,102.8054356242458,trial,0.061506585612968595,0.04743920697956981,0.06132455405658238,5.8657250988930316e-08,4.5241553287095844e-08,0.01704819068641178,0.022103573536791626,8.391343475177304e-06,6.472131008222709e-06,36.75,39.0,1931.25,7600.0,99.80555555555556,2.0555555555555554,[2],54,1791259216.0542507,RING/LL128[0-7]
t2__reduce_scatter__2gpu_nvlink__Ring__LL128__1048576,2,0,True,reduce_scatter,2gpu_nvlink,2,Ring,LL128,Ring/LL128,1048576,ok,,oop,61131,5095,66226,37.82,27.73,13.86,2.5260917069390416,2.31197442,38.14350416662703,569.6669999999999,540.3420708063932,568.6529464991376,225.51319037038698,49.93917314649508,trial,0.00860186331652221,0.006697008257530966,0.008528908859808036,8.203376118204318e-09,6.3867647719678556e-09,0.12190103020887644,0.15657379529446572,3.2532247063087e-07,2.5328085229982115e-07,37.9,39.0,1911.6,7600.0,89.73,4.13,[2],50,1791259224.4600735,RING/LL128[0-3]
t2__reduce_scatter__2gpu_nvlink__Ring__LL128__1048576,2,0,True,reduce_scatter,2gpu_nvlink,2,Ring,LL128,Ring/LL128,1048576,ok,,ip,61131,5095,66226,37.64999999999999,27.85,13.93,2.493202108889818,2.3015821499999998,37.64687749357984,578.008,579.2472472519437,573.7882494384671,231.8335918051094,49.93917314649508,trial,0.008727810829583548,0.006847756896006776,0.008728534731462368,8.323489026626156e-09,6.530529876715446e-09,0.12014192567576917,0.1531269313330136,3.2860207773382057e-07,2.578180471346551e-07,38.21,39.0,1920.0,7600.0,98.43,4.07,[2],50,1791259224.4600735,RING/LL128[0-3]
t2__all_reduce__2gpu_nvlink__Ring__default__67108864,2,0,True,all_reduce,2gpu_nvlink,2,Ring,default,Ring/auto,67108864,ok,,oop,1437,120,1557,1639.86,40.92,40.92,2.5716988956555724,2.35647882,1651.7012817312602,719.479,651.6778581145622,702.3353947179921,279.7679779757388,49.93917314649508,trial,0.46209312780989087,0.37960853151522556,0.458780316363295,6.885724184064431e-09,5.656607918668174e-09,0.14522800699950936,0.1767843934701145,0.0007577680365703276,0.0006225048464905577,38.69607843137255,40.0,1909.4117647058824,7600.0,92.79411764705881,26.794117647058826,[2],51,1791259231.4884326,RING/SIMPLE[0-3]
t2__all_reduce__2gpu_nvlink__Ring__default__67108864,2,0,True,all_reduce,2gpu_nvlink,2,Ring,default,Ring/auto,67108864,ok,,ip,1437,120,1557,1638.6099999999997,40.95,40.95,2.551467631943524,2.3546825699999996,1638.707534966939,724.105,726.7799145444815,715.9459558767709,283.7994066373592,49.93917314649508,trial,0.4650642260757868,0.38322852675060665,0.4650365457100431,6.929996998247307e-09,5.710550051191548e-09,0.1443002068042618,0.17511447952222092,0.0007620588914900449,0.0006279620962188115,39.205882352941174,40.0,1920.0,7600.0,100.0,29.0,[2],51,1791259231.4884326,RING/SIMPLE[0-3]
t2__reduce_scatter__4gpu__default__default__4096,2,0,True,reduce_scatter,4gpu,4,default,default,auto/auto,4096,ok,,oop,269967,22498,292465,8.46,0.48,0.36,2.495880762115121,2.28392082,8.533946838476812,964.028,914.6392766214102,957.4998829566406,386.247618328946,102.8054356242458,trial,0.003296216641307507,0.002418880518983743,0.003267654851062883,8.047403909442156e-07,5.905470017050154e-07,0.0012426367698863518,0.001693345317329222,2.788599278546151e-08,2.0463729190602467e-08,35.644999999999996,39.0,1921.5,7600.0,86.17,0.0,[2],50,1791259238.5174444,RING/LL[0-0]
t2__reduce_scatter__4gpu__default__default__4096,2,0,True,reduce_scatter,4gpu,4,default,default,auto/auto,4096,ok,,ip,269967,22498,292465,8.46,0.48,0.36,2.4731170991435647,2.28392082,8.456113036238746,970.9540000000001,974.290889122038,968.6855511562704,392.6033265211095,102.8054356242458,trial,0.003319898107465851,0.0024505637230874625,0.003321424142368587,8.1052199889303e-07,5.982821589569e-07,0.0012337728048908599,0.0016714521485037958,2.8086337989161098e-08,2.0731769097319932e-08,36.04591836734694,39.0,1931.25,7600.0,94.0,0.0,[2],49,1791259238.5174444,RING/LL[0-0]
t2__all_reduce__2gpu_nvlink__default__default__4096,2,1,True,all_reduce,2gpu_nvlink,2,default,default,auto/auto,4096,ok,,oop,393136,21391,414527,6.43,0.64,0.64,2.6931701190769672,2.52786448,6.49697153400615,518.346,513.878239098668,526.9488208239675,192.46686138700113,49.93917314649508,trial,0.0012504517196708538,0.000925998333306271,0.0012375619187184172,3.0528606437276704e-07,2.260738118423513e-07,0.003275616271756703,0.004423334095403022,8.04040455748359e-09,5.954169283159322e-09,37.46296296296296,38.0,1913.3333333333335,7600.0,85.61111111111111,0.0,[2],54,1791259251.958399,RING/LL[0-0]
t2__all_reduce__2gpu_nvlink__default__default__4096,2,1,True,all_reduce,2gpu_nvlink,2,default,default,auto/auto,4096,ok,,ip,393136,21391,414527,6.409999999999999,0.64,0.64,2.65540655143559,2.52000176,6.405871152990251,534.1469999999999,527.6265920367205,525.0118185508961,201.15450860480274,49.93917314649508,trial,0.001288569863965435,0.000968665955302117,0.0012894004001567855,3.145922519446863e-07,2.364907117436809e-07,0.0031787178286127233,0.004228495878873434,8.259732828018439e-09,6.20914877348657e-09,37.5,38.0,1920.0,7600.0,92.18867924528303,0.0,[2],53,1791259251.958399,RING/LL[0-0]
t2__reduce_scatter__2gpu_nvlink__Ring__default__1048576,2,0,True,reduce_scatter,2gpu_nvlink,2,Ring,default,Ring/auto,1048576,ok,,oop,63661,5306,68967,35.92,29.19,14.6,2.4910633843392134,2.2867031200000003,36.11964250060483,544.995,519.2957550890761,540.1444479999659,218.780061328936,49.93917314649508,trial,0.007902257601461569,0.006098472520634361,0.007858579802935382,7.536180116139955e-09,5.8159566122382745e-09,0.13269321918916685,0.17194075999393493,2.838490930444996e-07,2.1905713294118625e-07,37.87,39.0,1920.0,7600.0,90.75999999999999,1.84,[2],50,1791259258.9692016,RING/SIMPLE[0-3]
t2__reduce_scatter__2gpu_nvlink__Ring__default__1048576,2,0,True,reduce_scatter,2gpu_nvlink,2,Ring,default,Ring/auto,1048576,ok,,ip,63661,5306,68967,35.93,29.18,14.59,2.477919823490083,2.28733973,35.92906496570944,538.085,548.2714947310202,543.1144084520245,217.15190092071737,49.93917314649508,trial,0.007802064755607755,0.006007796959293521,0.007802267800081374,7.440628772361522e-09,5.729481658261796e-09,0.13439724391499483,0.17453585850266584,2.8032818666898663e-07,2.1586014474741618e-07,38.0,39.0,1920.0,7600.0,99.0,2.0,[2],49,1791259258.9692016,RING/SIMPLE[0-3]
t2__all_reduce__4gpu__Ring__default__4096,2,0,True,all_reduce,4gpu,4,Ring,default,Ring/auto,4096,ok,,oop,184758,15397,200155,11.879999999999999,0.34,0.52,2.4005507128313184,2.1949250399999998,11.993458633715463,919.74,870.7565999637934,914.3775881393099,383.13708395488004,102.8054356242458,trial,0.004595138767455222,0.0033621460279747327,0.004551668557383975,1.1218600506482476e-06,8.208364326110187e-07,0.0008913767803944594,0.0012182695117699338,5.4590248557368035e-08,3.9942294812339823e-08,34.77604166666667,38.0,1921.71875,7600.0,87.70833333333333,0.0,[2],48,1791259266.0069556,RING/LL[0-0]
t2__all_reduce__4gpu__Ring__default__4096,2,0,True,all_reduce,4gpu,4,Ring,default,Ring/auto,4096,ok,,ip,184758,15397,200155,11.889999999999999,0.34,0.52,2.380480080842972,2.19677262,11.893183187244745,917.465,934.994149847388,929.6287059494589,385.41175260542775,102.8054356242458,trial,0.004583772576253403,0.0033610886977297515,0.004582545738478536,1.119085101624366e-06,8.205782953441776e-07,0.0008935870905157147,0.0012186527546168729,5.450105593165296e-08,3.9963344616006745e-08,35.234375,38.0,1935.0,7600.0,96.0,0.0,[2],48,1791259266.0069556,RING/LL[0-0]
t2__all_reduce__2gpu_nvlink__Tree__default__4096,2,0,True,all_reduce,2gpu_nvlink,2,Tree,default,Tree/auto,4096,ok,,oop,282686,23558,306244,7.97,0.51,0.51,2.463679576292634,2.25300742,8.044825617130895,480.46000000000004,467.05380443375134,481.98313817079077,195.01724356663308,49.93917314649508,trial,0.0015688797168271053,0.0011671277773998465,0.0015542874312260656,3.830272746159925e-07,2.849433050292594e-07,0.002610780135703284,0.0035094700677291398,1.250397134311203e-08,9.302008385876777e-09,37.03061224489796,38.0,1910.204081632653,7600.0,86.88775510204081,0.0,[2],49,1791259273.9028854,TREE/LL[0-0]
t2__all_reduce__2gpu_nvlink__Tree__default__4096,2,0,True,all_reduce,2gpu_nvlink,2,Tree,default,Tree/auto,4096,ok,,ip,282686,23558,306244,7.96,0.51,0.51,2.437470404431224,2.25018056,7.9592429710662875,487.211,487.6347845943058,485.0085150811501,199.88386284168615,49.93917314649508,trial,0.0015909242303522681,0.001193446217505165,0.0015910755482198217,3.884092359258467e-07,2.9136870544559694e-07,0.002574604070926149,0.0034320775749429808,1.2663756873604055e-08,9.499831891341113e-09,37.244897959183675,38.0,1920.0,7600.0,94.0,0.0,[2],49,1791259273.9028854,TREE/LL[0-0]
t2__all_reduce__4gpu__Tree__default__4096,2,0,True,all_reduce,4gpu,4,Tree,default,Tree/auto,4096,ok,,oop,163044,13587,176631,14.1,0.29,0.44,2.514575941488147,2.2989203999999996,14.236322850961308,969.903,925.4382422557219,969.4998378275801,385.7123517319598,102.8054356242458,trial,0.0054911255668597244,0.004027554194479242,0.005438544159420633,1.3406068278466124e-06,9.832895982615336e-07,0.0007459308570032261,0.001016994384734681,7.742487049272211e-08,5.6788514142157305e-08,34.78,38.0,1924.35,7600.0,88.14,0.0,[2],50,1791259280.4426656,TREE/LL[0-0]
t2__all_reduce__4gpu__Tree__default__4096,2,0,True,all_reduce,4gpu,4,Tree,default,Tree/auto,4096,ok,,ip,163044,13587,176631,14.12,0.29,0.44,2.494096870534122,2.3021812799999997,14.120380174115088,984.741,988.5143739565435,982.7751751693315,394.82868994944585,102.8054356242458,trial,0.005575131205733988,0.004123479370754123,0.005574981102086175,1.3611160170248993e-06,1.0067088307505183e-06,0.0007346912294704902,0.0009933358777179727,7.87208526249639e-08,5.822352871504821e-08,35.2,38.0,1935.0,7600.0,96.5,0.0,[2],50,1791259280.4426656,TREE/LL[0-0]
t2__all_gather__4gpu__Ring__LL128__4096,2,0,True,all_gather,4gpu,4,Ring,LL128,Ring/LL128,4096,ok,,oop,127052,10588,137640,17.9,0.23,0.17,2.492940578609705,2.2742307999999998,18.112035590015296,962.979,912.9607682015069,956.3876787913609,386.28237201588115,102.8054356242458,trial,0.0069963600697471665,0.0051343443608738,0.006914454459084272,1.7080957201531168e-06,1.2535020412289552e-06,0.0005854472838971566,0.0007977649553881721,1.2523484524847427e-07,9.190476405964101e-08,35.13,38.0,1921.35,7600.0,87.92,0.0,[2],50,1791259288.8455622,RING/LL128[0-0]
t2__all_gather__4gpu__Ring__LL128__4096,2,0,True,all_gather,4gpu,4,Ring,LL128,Ring/LL128,4096,ok,,ip,127052,10588,137640,17.55,0.23,0.18,2.415427891537547,2.2297626,17.548880351188224,943.396,953.532766203864,948.3069814111178,390.5709639708924,102.8054356242458,trial,0.006854083115373438,0.005049962826151765,0.006854520417689162,1.6733601355892182e-06,1.2329010806034582e-06,0.0005975999898239976,0.0008110950795099782,1.2028915867480382e-07,8.862684759896347e-08,35.510416666666664,38.0,1935.0,7600.0,97.0,0.0,[2],48,1791259288.8455622,RING/LL128[0-0]
t2__reduce_scatter__4gpu__Ring__default__4096,2,0,True,reduce_scatter,4gpu,4,Ring,default,Ring/auto,4096,ok,,oop,265487,22124,287611,8.48,0.48,0.36,2.466937062330544,2.25132976,8.577339052854528,941.24,900.4991540524885,943.7190559662873,381.5419592062068,102.8054356242458,trial,0.003272614747002027,0.002390817669176461,0.0032354758140686335,7.989782097172918e-07,5.836957200137845e-07,0.001251598589095236,0.0017132214023710575,2.775177305457719e-08,2.027413383461639e-08,35.54,38.0,1921.65,7600.0,85.47999999999999,0.0,[2],50,1791259296.6846478,RING/LL[0-0]
t2__reduce_scatter__4gpu__Ring__default__4096,2,0,True,reduce_scatter,4gpu,4,Ring,default,Ring/auto,4096,ok,,ip,265487,22124,287611,8.46,0.48,0.36,2.43321440089494,2.24602002,8.460088108225833,960.021,958.018471220332,952.7443893786489,394.54846216876854,102.8054356242458,trial,0.0033379147529127885,0.00246817170952713,0.003337879989947782,8.149205939728488e-07,6.02580983771272e-07,0.0012271134235605262,0.0016595279753792902,2.823875880964219e-08,2.088073266259952e-08,35.75,38.0,1935.0,7600.0,94.0,0.0,[2],48,1791259296.6846478,RING/LL[0-0]
t2__reduce_scatter__2gpu_nvlink__Ring__default__67108864,2,0,True,reduce_scatter,2gpu_nvlink,2,Ring,default,Ring/auto,67108864,ok,,oop,2237,187,2424,1046.93,64.1,32.05,2.5543657829985023,2.34198241,1053.7812636132435,702.271,641.9479340930262,691.6178587112323,274.92969279271455,49.93917314649508,trial,0.2897157590759076,0.2370907940937934,0.2878321432754766,4.317101226388031e-09,3.5329281403689595e-09,0.231636912724575,0.28305132747352324,0.0003033121196493399,0.00024821746506061514,37.970588235294116,39.0,1912.9411764705883,7600.0,92.56862745098039,26.705882352941174,[2],51,1791259304.5441701,RING/SIMPLE[0-3]
t2__reduce_scatter__2gpu_nvlink__Ring__default__67108864,2,0,True,reduce_scatter,2gpu_nvlink,2,Ring,default,Ring/auto,67108864,ok,,ip,2237,187,2424,1045.42,64.19,32.1,2.534073431044817,2.33860454,1045.4098312891158,717.752,714.6335978798884,704.4102398439129,283.2404109552838,49.93917314649508,trial,0.29610231023102307,0.24389540765722773,0.2961051904208728,4.412268254623161e-09,3.6343247839395363e-09,0.22664079840390555,0.27515427471400056,0.00030955127716171614,0.00025497313707301903,38.51960784313725,40.0,1920.0,7600.0,100.0,29.0,[2],51,1791259304.5441701,RING/SIMPLE[0-3]
t2__all_reduce__2gpu_nvlink__default__LL128__67108864,2,0,True,all_reduce,2gpu_nvlink,2,default,LL128,auto/LL128,67108864,ok,,oop,1261,106,1367,1848.2499999999998,36.31,36.31,2.547324768267572,2.3306432499999996,1863.4416739338492,711.6379999999999,656.921232456243,708.9823214584609,279.3668121415012,49.93917314649508,trial,0.5205837600585222,0.4275250236555451,0.5163397105405296,7.757302523531351e-09,6.37061929189481e-09,0.12891079044120748,0.1569706105766321,0.0009621689345281636,0.0007901731249713612,38.794117647058826,40.0,1914.1176470588234,7600.0,92.29411764705883,22.07843137254902,[2],51,1791259311.5811574,RING/LL128[0-3]
t2__all_reduce__2gpu_nvlink__default__LL128__67108864,2,0,True,all_reduce,2gpu_nvlink,2,default,LL128,auto/LL128,67108864,ok,,ip,1261,106,1367,1848.22,36.31,36.31,2.526844909414649,2.33060542,1848.4600654093995,735.312,730.8614393037099,720.1507981340026,291.000051985912,49.93917314649508,trial,0.5379019751280175,0.44559140786715595,0.5378321160814024,8.015364037871622e-09,6.6398293952220075e-09,0.12476039706682335,0.15060627923958345,0.0009941611884711045,0.000823550951848235,39.31,40.0,1920.0,7600.0,100.0,23.78,[2],50,1791259311.5811574,RING/LL128[0-3]
t2__reduce_scatter__4gpu__Ring__LL128__67108864,2,0,True,reduce_scatter,4gpu,4,Ring,LL128,Ring/LL128,67108864,ok,,oop,301,26,327,8114.83,8.27,6.2,2.680409239605069,2.44256383,8196.97015169746,1216.194,1122.9770975808974,1195.2078596564634,453.734445483106,102.8054356242458,trial,3.7192477064220184,2.8765546191778206,3.6819778902396734,5.542110959324268e-08,4.2864004063275764e-08,0.01804366616510195,0.023329598385717812,0.030181062865504586,0.023342751720342753,35.986111111111114,39.0,1925.138888888889,7600.0,91.51851851851852,2.759259259259259,[2],54,1791259318.5808873,RING/LL128[0-7]
t2__reduce_scatter__4gpu__Ring__LL128__67108864,2,0,True,reduce_scatter,4gpu,4,Ring,LL128,Ring/LL128,67108864,ok,,ip,301,26,327,8121.389999999999,8.26,6.2,2.6596963619813323,2.44453839,8133.628018291535,1217.542,1228.002417815614,1216.8565110165682,457.77481121679466,102.8054356242458,trial,3.7233700305810395,2.8871888589550068,3.7177677740679638,5.548253701002955e-08,4.302246658436964e-08,0.018023689144193795,0.023243669631050557,0.030238940132660545,0.0234479867272286,36.5,39.0,1935.0,7600.0,100.0,3.0,[2],53,1791259318.5808873,RING/LL128[0-7]
t2__reduce_scatter__4gpu__Ring__LL128__4096,2,0,True,reduce_scatter,4gpu,4,Ring,LL128,Ring/LL128,4096,ok,,oop,115775,9648,125423,19.46,0.21,0.16,2.4651236766949296,2.2529815,19.654478657781503,950.991,911.2975191124671,953.7077059396231,385.77821023366425,102.8054356242458,trial,0.0075822695996747005,0.005561682359294031,0.0075072439711471066,1.8511400389830812e-06,1.3578326072495193e-06,0.0005402076444466878,0.0007364678051336831,1.4755096640966966e-07,1.0823033871186185e-07,35.897959183673464,38.0,1925.204081632653,7600.0,89.00510204081633,0.0,[2],49,1791259326.9467323,RING/LL128[0-0]
t2__reduce_scatter__4gpu__Ring__LL128__4096,2,0,True,reduce_scatter,4gpu,4,Ring,LL128,Ring/LL128,4096,ok,,ip,115775,9648,125423,19.45,0.21,0.16,2.4391293730586767,2.25182375,19.447225573129945,975.221,967.4879128835707,961.470502038813,399.82340041974464,102.8054356242458,trial,0.0077754558573786305,0.005776175360650034,0.007776565138164032,1.8983046526803297e-06,1.4101990626586997e-06,0.0005267858341852769,0.0007091197452043852,1.5123261642601435e-07,1.1234661076464315e-07,36.0,38.0,1935.0,7600.0,97.38775510204081,0.0,[2],49,1791259326.9467323,RING/LL128[0-0]
t2__all_reduce__4gpu__Ring__LL128__1048576,2,0,True,all_reduce,4gpu,4,Ring,LL128,Ring/LL128,1048576,ok,,oop,9364,781,10145,260.73999999999995,4.02,6.03,2.657847221940756,2.44156936,261.9859262632583,1197.097,1111.4872126250689,1180.410765274926,450.40098246349976,102.8054356242458,trial,0.11799871858058157,0.09106514130366576,0.11743755216753292,1.125323472791496e-07,8.684648638121201e-08,0.008886333789158271,0.01151457061383586,3.076698588270084e-05,2.3744324943517808e-05,36.60849056603774,39.0,1923.2547169811323,7600.0,92.21698113207547,2.75,[2],53,1791259334.841825,RING/LL128[0-7]
t2__all_reduce__4gpu__Ring__LL128__1048576,2,0,True,all_reduce,4gpu,4,Ring,LL128,Ring/LL128,1048576,ok,,ip,9364,781,10145,258.82,4.05,6.08,2.6225644256919622,2.42359048,258.50807547481145,1191.8909999999998,1199.099731061571,1186.3888151855351,454.4753937495816,102.8054356242458,trial,0.11748555938886149,0.0909095240772881,0.1176273214102667,1.1204296053777837e-07,8.669807822922525e-08,0.008925147953965592,0.011534281040879031,3.0407612481025128e-05,2.3529203021683704e-05,36.882075471698116,39.0,1931.25,7600.0,100.0,2.099056603773585,[2],53,1791259334.841825,RING/LL128[0-7]
t2__all_reduce__2gpu_nvlink__default__default__67108864,2,0,True,all_reduce,2gpu_nvlink,2,default,default,auto/auto,67108864,ok,,oop,1447,121,1568,1637.1599999999999,40.99,40.99,2.5923651391640306,2.36897052,1653.2940938546114,710.082,617.2797165672109,699.4411969775343,273.9128023566089,49.93917314649508,trial,0.4528584183673469,0.3702942783522638,0.4484390835061458,6.7481162900827365e-09,5.517814730886576e-09,0.14818950311654147,0.18123116646203974,0.0007414016882142856,0.0006062309807471921,35.28431372549019,37.0,1919.8529411764707,7600.0,92.80392156862746,27.107843137254903,[2],51,1791259361.2825687,RING/SIMPLE[0-3]
t2__all_reduce__2gpu_nvlink__default__default__67108864,2,0,True,all_reduce,2gpu_nvlink,2,default,default,auto/auto,67108864,ok,,ip,1447,121,1568,1637.27,40.99,40.99,2.567440966144204,2.36912969,1637.398575347069,730.481,725.007395810665,714.7469639949302,284.51715526571195,49.93917314649508,trial,0.4658679846938775,0.38409765372979593,0.46583140280189217,6.941973934976422e-09,5.7235010524063696e-09,0.14405124671552033,0.17471823466854494,0.0007627516752997448,0.0006288715655221829,36.269230769230774,37.0,1927.5,7600.0,100.0,29.10576923076923,[2],52,1791259361.2825687,RING/SIMPLE[0-3]
t2__all_gather__2gpu_nvlink__default__default__67108864,2,0,True,all_gather,2gpu_nvlink,2,default,default,auto/auto,67108864,ok,,oop,2428,203,2631,967.94,69.33,34.67,2.561958458274603,2.3501583200000002,973.7584410013694,710.935,649.9078004647477,698.4100273121151,277.49669308798707,49.93917314649508,trial,0.27021474724439376,0.22158605585636526,0.26860014910758623,4.026513505643513e-09,3.301889536624629e-09,0.2483538174150942,0.3028568911551942,0.0002615516624477385,0.0002144820069056102,36.36538461538461,37.0,1920.0,7600.0,91.59615384615384,28.28846153846154,[2],52,1791259368.327254,RING/SIMPLE[0-3]
t2__all_gather__2gpu_nvlink__default__default__67108864,2,0,True,all_gather,2gpu_nvlink,2,default,default,auto/auto,67108864,ok,,ip,2428,203,2631,942.61,71.19,35.6,2.4796844348311424,2.28865708,942.4874324709778,673.748,687.73809149534,674.7120802767565,271.7071537555866,49.93917314649508,trial,0.25608057772709997,0.20901353464853625,0.25611388020155346,3.8158979673251505e-09,3.114544371493701e-09,0.2620615143703581,0.32107425058786726,0.0002413841133713417,0.00019701824789505675,36.826530612244895,38.0,1927.5,7600.0,100.0,26.387755102040817,[2],49,1791259368.327254,RING/SIMPLE[0-3]
t2__all_gather__2gpu_nvlink__default__LL128__1048576,2,0,True,all_gather,2gpu_nvlink,2,default,LL128,auto/LL128,1048576,ok,,oop,70922,5911,76833,32.75,32.02,16.01,2.535249149426818,2.3226954999999996,32.99687828702273,580.183,548.8115552786462,579.090348342027,228.84654162340246,49.93917314649508,trial,0.007551221480353493,0.005903384662284042,0.00749472423816643,7.201405983308309e-09,5.629906332286875e-09,0.13886177259244067,0.17762284858366353,2.473025034815769e-07,1.9333584768980236e-07,36.49,38.0,1921.0500000000002,7600.0,90.2,5.9399999999999995,[2],50,1791259375.3656528,RING/LL128[0-3]
t2__all_gather__2gpu_nvlink__default__LL128__1048576,2,0,True,all_gather,2gpu_nvlink,2,default,LL128,auto/LL128,1048576,ok,,ip,70922,5911,76833,32.15,32.62,16.31,2.4697870444506407,2.2801422999999996,32.1448732244041,571.229,571.6035441878619,563.0983237032558,231.2867424272442,49.93917314649508,trial,0.007434683013809171,0.00582939462408352,0.0074358687690359,7.09026624089162e-09,5.55934393318512e-09,0.14103842733474667,0.17987734020749266,2.3902505889396483e-07,1.8741503716428515e-07,36.61,38.0,1927.5,7600.0,97.92,4.26,[2],50,1791259375.3656528,RING/LL128[0-3]
t2__all_reduce__2gpu_nvlink__Tree__LL128__67108864,2,0,True,all_reduce,2gpu_nvlink,2,Tree,LL128,Tree/LL128,67108864,ok,,oop,1118,94,1212,2187.15,30.68,30.68,2.670604261569679,2.4452337,2203.468862681253,721.741,668.3090775512787,717.2344766879816,270.2538187278217,49.93917314649508,trial,0.5954958745874588,0.485456461531109,0.5910856396305553,8.873580017499012e-09,7.233864985869959e-09,0.11269408716977419,0.13823868733426992,0.0013024388021039605,0.001061766099837765,37.367924528301884,39.0,1916.8867924528302,7600.0,91.79245283018868,20.20754716981132,[2],53,1791259382.3649204,TREE/LL128[0-3]
t2__all_reduce__2gpu_nvlink__Tree__LL128__67108864,2,0,True,all_reduce,2gpu_nvlink,2,Tree,LL128,Tree/LL128,67108864,ok,,ip,1118,94,1212,2184.15,30.73,30.73,2.6460044365376234,2.4418797000000003,2183.1719773412733,734.998,739.3265144338211,728.586785948565,277.77655617303765,49.93917314649508,trial,0.60643399339934,0.49740819001431813,0.6067056651653402,9.036570689072311e-09,7.411959618543359e-09,0.11066144828693411,0.134917086906165,0.0013245428066831686,0.001086414098219773,37.93396226415094,39.0,1927.5,7600.0,100.0,22.037735849056602,[2],53,1791259382.3649204,TREE/LL128[0-3]
t2__all_gather__4gpu__default__LL128__4096,2,0,True,all_gather,4gpu,4,default,LL128,auto/LL128,4096,ok,,oop,126850,10571,137421,17.93,0.23,0.17,2.4891580687835813,2.2744204999999997,18.11337473008915,960.153,911.5300637643049,954.3961905836312,385.73404077516625,102.8054356242458,trial,0.006986945226712075,0.005124791846960054,0.006916211351098731,1.7057971744902527e-06,1.251169884511732e-06,0.0005862361686106277,0.0007992519739957209,1.252759279149475e-07,9.188751781599377e-08,33.86,37.0,1927.65,7600.0,89.7,0.0,[2],50,1791259389.3806798,RING/LL128[0-0]
t2__all_gather__4gpu__default__LL128__4096,2,0,True,all_gather,4gpu,4,default,LL128,auto/LL128,4096,ok,,ip,126850,10571,137421,17.53,0.23,0.18,2.408671647310257,2.2236805,17.52768243070751,940.6479999999999,948.3518996853156,942.3844918027885,390.52562479838775,102.8054356242458,trial,0.006845009132519775,0.005043068104747449,0.006845914202715737,1.6711448077440856e-06,1.2312177990106077e-06,0.0005983921892142438,0.0008122039827588493,1.1999301009307165e-07,8.840498387622278e-08,34.26041666666667,38.0,1938.75,7600.0,97.0,0.0,[2],48,1791259389.3806798,RING/LL128[0-0]
t2__all_reduce__4gpu__Ring__LL128__4096,2,0,True,all_reduce,4gpu,4,Ring,LL128,Ring/LL128,4096,ok,,oop,78202,6517,84719,28.769999999999996,0.14,0.21,2.4640279365703464,2.24987154,29.084714604402155,953.7610000000001,904.3024490840393,946.6699923050417,387.0739393188576,102.8054356242458,trial,0.011257935055890652,0.008267868300978223,0.01113611723420353,2.7485193007545536e-06,2.0185225344185114e-06,0.00036383226405776705,0.000495411858400717,3.2389079155797404e-07,2.3786657101914345e-07,34.423469387755105,37.0,1930.3316326530612,7600.0,90.61224489795919,0.0,[2],49,1791259397.2771664,RING/LL128[0-0]
t2__all_reduce__4gpu__Ring__LL128__4096,2,0,True,all_reduce,4gpu,4,Ring,LL128,Ring/LL128,4096,ok,,ip,78202,6517,84719,28.64,0.14,0.21,2.426454287953675,2.23970528,28.641205490547275,951.577,955.7994366547516,949.8501685751238,392.16770112842414,102.8054356242458,trial,0.011232155714774726,0.008287684107515472,0.011231682960318068,2.7422255163024234e-06,2.0233603778113946e-06,0.0003646673091089844,0.0004942273314068098,3.216889396711482e-07,2.3735927283924314e-07,34.70918367346939,37.0,1938.75,7600.0,98.0,0.0,[2],49,1791259397.2771664,RING/LL128[0-0]
t2__all_reduce__4gpu__default__LL128__4096,2,0,True,all_reduce,4gpu,4,default,LL128,auto/LL128,4096,ok,,oop,105634,8803,114437,21.35,0.19,0.29,2.470761548727751,2.2552859,21.590583017098936,971.272,911.4562762725113,955.896690801043,393.10632808743895,102.8054356242458,trial,0.008487394811118782,0.006267765518664483,0.008392820104666823,2.0721178738082964e-06,1.530216191080196e-06,0.0004825980281527728,0.0006535024304599007,1.81205879217386e-07,1.338167938234867e-07,34.87244897959184,37.0,1927.5,7600.0,90.51020408163265,0.0,[2],49,1791259405.1749904,TREE/LL128[0-0]
t2__all_reduce__4gpu__default__LL128__4096,2,0,True,all_reduce,4gpu,4,default,LL128,auto/LL128,4096,ok,,ip,105634,8803,114437,21.35,0.19,0.29,2.4457127461209893,2.2552859,21.371695746314472,971.6200000000001,972.8315569489887,966.7008772003383,397.2747827973801,102.8054356242458,trial,0.008490435785628775,0.006293309294400075,0.008481816612724066,2.072860299225775e-06,1.5364524644531433e-06,0.0004824251785677528,0.0006508499437084255,1.8127080402317436e-07,1.343621534354416e-07,35.035714285714285,37.0,1938.75,7600.0,98.0,0.0,[2],49,1791259405.1749904,TREE/LL128[0-0]
t2__all_gather__4gpu__default__default__1048576,2,0,True,all_gather,4gpu,4,default,default,auto/auto,1048576,ok,,oop,23583,1966,25549,100.33,10.45,7.84,2.5850576031953096,2.36608239,101.18038291891305,1113.4859999999999,1034.3937204560234,1096.5361960760206,430.7393377322247,102.8054356242458,trial,0.04358237112998551,0.03318047778737866,0.043216077754674107,4.156338799475242e-08,3.164336947191111e-08,0.024059636334897792,0.031602197132883425,4.372619295471446e-06,3.328997336407701e-06,35.50480769230769,38.0,1928.1490384615386,7600.0,90.65384615384616,2.7115384615384617,[2],52,1791259413.1028633,RING/SIMPLE[0-7]
t2__all_gather__4gpu__default__default__1048576,2,0,True,all_gather,4gpu,4,default,default,auto/auto,1048576,ok,,ip,23583,1966,25549,99.6,10.53,7.9,2.5444014724344015,2.3488667999999997,99.58908264254576,1106.511,1109.8644069461166,1099.2266543133583,434.880663286728,102.8054356242458,trial,0.043309366315707074,0.03307106729122113,0.043314114063358104,4.1303030315119813e-08,3.153902749178041e-08,0.024211298598929426,0.03170674809997285,4.313612885044424e-06,3.2938783022056246e-06,35.82843137254902,38.0,1938.75,7600.0,99.75,2.0980392156862746,[2],51,1791259413.1028633,RING/SIMPLE[0-7]
t2__all_reduce__2gpu_nvlink__Tree__default__1048576,2,0,True,all_reduce,2gpu_nvlink,2,Tree,default,Tree/auto,1048576,ok,,oop,41473,3457,44930,55.019999999999996,19.06,19.06,2.491205063648522,2.28184446,55.44636242262457,565.865,530.134999092382,560.7326809226641,227.1450906459126,49.93917314649508,trial,0.01259436901847318,0.009825423525106415,0.012497522887338111,1.2010926264260464e-08,9.370254063707747e-09,0.08325752552287206,0.10672069222467877,6.929421833963944e-07,5.405948023513549e-07,37.19,38.0,1918.5,7600.0,91.27000000000001,6.47,[2],50,1791259421.4722545,TREE/SIMPLE[0-3]
t2__all_reduce__2gpu_nvlink__Tree__default__1048576,2,0,True,all_reduce,2gpu_nvlink,2,Tree,default,Tree/auto,1048576,ok,,ip,41473,3457,44930,54.709999999999994,19.17,19.17,2.457041817717254,2.26898783,54.685996388098246,565.494,570.2335514281167,563.9367356698035,230.1523710025332,49.93917314649508,trial,0.012586111729356779,0.009855138287042934,0.01259163621754859,1.2003051499707011e-08,9.398592268984732e-09,0.08331214775046242,0.1063989128776222,6.885861727131093e-07,5.391746156841189e-07,37.5,38.0,1927.5,7600.0,98.10204081632654,6.387755102040817,[2],49,1791259421.4722545,TREE/SIMPLE[0-3]
t2__all_reduce__4gpu__Tree__LL128__4096,2,0,True,all_reduce,4gpu,4,Tree,LL128,Tree/LL128,4096,ok,,oop,106101,8842,114943,21.36,0.19,0.29,2.486734539270401,2.26631736,21.63450179019515,968.021,920.4316819064486,964.390137722951,389.27395936842294,102.8054356242458,trial,0.008421748170832499,0.006197603789777961,0.008314891772109513,2.056090862019653e-06,1.51308686273876e-06,0.00048635982897065255,0.00066090058979823,1.7988854092898217e-07,1.3238081694965726e-07,35.085,38.0,1927.725,7600.0,89.66000000000001,0.0,[2],50,1791259428.029184,TREE/LL128[0-0]
t2__all_reduce__4gpu__Tree__LL128__4096,2,0,True,all_reduce,4gpu,4,Tree,LL128,Tree/LL128,4096,ok,,ip,106101,8842,114943,21.34,0.19,0.29,2.4527912996709347,2.26419534,21.339196816430185,963.7539999999999,978.9413715574852,972.9603449594501,392.9213219768419,102.8054356242458,trial,0.008384625423035764,0.00619083999845114,0.008384941010985806,2.047027691170841e-06,1.5114355464968605e-06,0.0004885131765990078,0.0006616226555725492,1.789279065275832e-07,1.3211252556694733e-07,35.54081632653062,38.0,1938.75,7600.0,98.0,0.0,[2],49,1791259428.029184,TREE/LL128[0-0]
t2__all_reduce__4gpu__Ring__default__1048576,2,0,True,all_reduce,4gpu,4,Ring,default,Ring/auto,1048576,ok,,oop,12897,1075,13972,185.21,5.66,8.49,2.615363805554807,2.38865337,187.18607254185565,1088.956,1021.9474958770478,1077.069451388033,416.3688423335795,102.8054356242458,trial,0.07793844832522187,0.058694702594764725,0.07711567328860226,7.432789642831981e-08,5.59756303737304e-08,0.013453898846234375,0.017864917167048185,1.4434980014314342e-05,1.0870845867576375e-05,35.65094339622641,38.0,1928.1367924528302,7600.0,90.90566037735849,1.8113207547169812,[2],53,1791259435.9424946,RING/SIMPLE[0-7]
t2__all_reduce__4gpu__Ring__default__1048576,2,0,True,all_reduce,4gpu,4,Ring,default,Ring/auto,1048576,ok,,ip,12897,1075,13972,185.75,5.64,8.47,2.5932475989684463,2.39561775,185.60317771030964,1095.201,1097.5458859128703,1089.0671153425083,422.3279722443989,102.8054356242458,trial,0.07838541368451188,0.059304398146759196,0.07844742084439708,7.475415581179798e-08,5.6557081362494656e-08,0.013377182701622808,0.017681251859349684,1.4560090591898081e-05,1.101579195576052e-05,36.03846153846154,38.0,1937.0913461538462,7600.0,100.0,1.4134615384615385,[2],52,1791259435.9424946,RING/SIMPLE[0-7]
t2__all_reduce__2gpu_nvlink__default__LL128__4096,2,0,True,all_reduce,2gpu_nvlink,2,default,LL128,auto/LL128,4096,ok,,oop,148332,12361,160693,15.09,0.27,0.27,2.4464939096942544,2.2383298799999998,15.224645191105115,482.82899999999995,464.7582807700175,481.7813131853741,197.3554882302325,49.93917314649508,trial,0.0030046672848226116,0.00224436109253006,0.0029780943173942083,7.335613488336454e-07,5.479397198559716e-07,0.001363212499663442,0.0018250182707376175,4.534042932797321e-08,3.3867408886278603e-08,36.46938775510204,38.0,1919.5408163265306,7600.0,89.0,0.0,[2],49,1791259444.3093865,TREE/LL128[0-0]
t2__all_reduce__2gpu_nvlink__default__LL128__4096,2,0,True,all_reduce,2gpu_nvlink,2,default,LL128,auto/LL128,4096,ok,,ip,148332,12361,160693,15.07,0.27,0.27,2.421492318622768,2.23536324,15.069059129039646,481.764,487.71532668987135,484.6671907396184,198.95334637030976,49.93917314649508,trial,0.002998039740374503,0.0022455033873746196,0.002998226929800568,7.319432959898689e-07,5.482186004332567e-07,0.0013662260525900648,0.0018240898780335086,4.518045888744376e-08,3.3839736047735514e-08,36.69791666666667,38.0,1927.5,7600.0,97.0,0.0,[2],48,1791259444.3093865,TREE/LL128[0-0]
t2__all_gather__4gpu__Ring__default__4096,2,0,True,all_gather,4gpu,4,Ring,default,Ring/auto,4096,ok,,oop,259180,21599,280779,8.54,0.48,0.36,2.4216243056580424,2.2133971999999997,8.624663189405341,926.244,885.6827771346558,927.0695004334445,382.4887278492632,102.8054356242458,trial,0.0032988364514440183,0.002412174195144805,0.0032664537358327076,8.053799930283248e-07,5.889097156115246e-07,0.0012416499151411506,0.0016980531539738627,2.8172063295331916e-08,2.059996762653663e-08,35.26020408163265,37.0,1924.9744897959185,7600.0,85.61224489795917,0.0,[2],49,1791259450.835475,RING/LL[0-0]
t2__all_gather__4gpu__Ring__default__4096,2,0,True,all_gather,4gpu,4,Ring,default,Ring/auto,4096,ok,,ip,259180,21599,280779,8.51,0.48,0.36,2.3895442616194487,2.2056218,8.51040947371224,938.954,939.8981712909779,934.781350038559,392.9427109099245,102.8054356242458,trial,0.003344103369553991,0.0024691870162682956,0.003343942469843457,8.164314867075173e-07,6.028288613936269e-07,0.0012248425205068619,0.001658845592907062,2.8458319674904462e-08,2.1012781508443194e-08,35.5,37.0,1935.0,7600.0,94.0,0.0,[2],47,1791259450.835475,RING/LL[0-0]
t2__all_gather__4gpu__Ring__LL128__67108864,2,0,True,all_gather,4gpu,4,Ring,LL128,Ring/LL128,67108864,ok,,oop,266,23,289,8023.59,8.36,6.27,2.3335101064294577,2.13427494,8074.429434011965,1053.439,961.2755126502738,1033.261870429289,451.4396561204033,102.8054356242458,trial,3.645117647058824,2.8150224116779916,3.622166710451107,5.431648562936222e-08,4.194710272070753e-08,0.018410616747623735,0.0238395487444796,0.02924692950176471,0.022586585672115418,36.15425531914893,38.0,1921.3563829787236,7600.0,90.87234042553192,2.7393617021276597,[2],47,1791259458.7444954,RING/LL128[0-7]
t2__all_gather__4gpu__Ring__LL128__67108864,2,0,True,all_gather,4gpu,4,Ring,LL128,Ring/LL128,67108864,ok,,ip,266,23,289,8028.16,8.36,6.27,2.323023224249482,2.13549056,8038.142644461876,1052.549,1070.0016449290536,1057.9169076170774,453.0944800778113,102.8054356242458,trial,3.642038062283737,2.815673306110007,3.6375149811814813,5.427059624021854e-08,4.195680180355917e-08,0.018426184145346202,0.023834037796350117,0.029238864290103805,0.022604675809180113,36.65760869565217,38.0,1935.0,7600.0,100.0,3.0,[2],46,1791259458.7444954,RING/LL128[0-7]
t2__all_gather__4gpu__default__default__4096,2,0,True,all_gather,4gpu,4,default,default,auto/auto,4096,ok,,oop,265781,22149,287930,8.54,0.48,0.36,2.4783546589314938,2.26976974,8.607490219607174,945.182,908.3652739296167,950.4205398157956,381.37479500512705,102.8054356242458,trial,0.0032826798180113225,0.0023977830363531715,0.0032569407493437848,8.014355024441705e-07,5.85396249109661e-07,0.001247761044962769,0.0017082446317702184,2.8034085645816693e-08,2.0477067130456084e-08,35.900000000000006,37.0,1924.275,7600.0,86.34,0.0,[2],50,1791259466.6172464,RING/LL[0-0]
t2__all_gather__4gpu__default__default__4096,2,0,True,all_gather,4gpu,4,default,default,auto/auto,4096,ok,,ip,265781,22149,287930,8.53,0.48,0.36,2.455669527873397,2.26711193,8.528703253823487,960.083,966.9987205735686,961.3791880096946,390.9658808330896,102.8054356242458,trial,0.0033344319799951377,0.0024576349266758916,0.0033349389635062543,8.140703076160004e-07,6.000085270204814e-07,0.0012283951283378624,0.0016666429808352787,2.8442704789358524e-08,2.0963625924545354e-08,36.0,37.0,1935.0,7600.0,94.0,0.0,[2],49,1791259466.6172464,RING/LL[0-0]
t2__all_reduce__2gpu_nvlink__Ring__LL128__1048576,2,0,True,all_reduce,2gpu_nvlink,2,Ring,LL128,Ring/LL128,1048576,ok,,oop,46875,3907,50782,49.279999999999994,21.28,21.28,2.5199762508273125,2.3099999999999996,49.62341480893451,607.047,561.6255623759721,593.9449209475922,240.89393691734415,49.93917314649508,trial,0.011953979756606671,0.009475827452342944,0.011871253211286719,1.1400203472716018e-08,9.036853267996734e-09,0.08771773261707907,0.1106579879460273,5.890921224055768e-07,4.6696877685146024e-07,37.372549019607845,38.0,1918.6764705882354,7600.0,89.06862745098039,8.147058823529411,[2],51,1791259474.531684,RING/LL128[0-3]
t2__all_reduce__2gpu_nvlink__Ring__LL128__1048576,2,0,True,all_reduce,2gpu_nvlink,2,Ring,LL128,Ring/LL128,1048576,ok,,ip,46875,3907,50782,49.17,21.33,21.33,2.4973571579903364,2.30484375,49.177999251513064,600.636,603.887184506749,596.8144280162876,240.50865054614033,49.93917314649508,trial,0.011827734236540505,0.00937182561692099,0.01182581034735372,1.1279806362667566e-08,8.937669388695708e-09,0.08865400414227585,0.11188599135976007,5.815696924106967e-07,4.6081266558400506e-07,37.519999999999996,39.0,1927.5,7600.0,98.0,8.09,[2],50,1791259474.531684,RING/LL128[0-3]
t2__all_reduce__4gpu__default__default__1048576,2,0,True,all_reduce,4gpu,4,default,default,auto/auto,1048576,ok,,oop,13090,1091,14181,188.75999999999996,5.55,8.33,2.6951007107272744,2.4708683999999996,190.05011710932052,1124.056,1053.6645059000052,1109.2548999951139,417.07383903166755,102.8054356242458,trial,0.07926493195120232,0.059726746871339685,0.07872685785561756,7.55929297935508e-08,5.6959864493694005e-08,0.013228750396777384,0.017556221541059132,1.4962048555108949e-05,1.1274020739434078e-05,35.92129629629629,38.0,1925.0694444444446,7600.0,92.24074074074075,1.6203703703703705,[2],54,1791259481.5263734,RING/SIMPLE[0-7]
t2__all_reduce__4gpu__default__default__1048576,2,0,True,all_reduce,4gpu,4,default,default,auto/auto,1048576,ok,,ip,13090,1091,14181,188.81,5.55,8.33,2.6757085314020514,2.4715229,188.68264095635368,1117.835,1132.1268725207308,1123.9593667623963,417.7715871819053,102.8054356242458,trial,0.07882624638600945,0.059428645287758354,0.07887945337581555,7.51745666370482e-08,5.667557266975246e-08,0.01330237133029472,0.01764428576358605,1.4883183580142444e-05,1.1220722516781655e-05,36.40566037735849,38.0,1935.0,7600.0,100.0,1.0660377358490565,[2],53,1791259481.5263734,RING/SIMPLE[0-7]
t2__all_gather__4gpu__default__LL128__1048576,2,0,True,all_gather,4gpu,4,default,LL128,auto/LL128,1048576,ok,,oop,16476,1373,17849,136.9,7.66,5.74,2.4678914016112685,2.2555644,138.26496731532683,1090.0069999999998,1014.0426712994911,1082.2984940921651,441.67543162083314,102.8054356242458,trial,0.06106823911703736,0.046853848920613075,0.06046536658889205,5.823921119407402e-08,4.468331234036739e-08,0.017170562229416878,0.022379719578143026,8.360241935122414e-06,6.4142919172319294e-06,36.625,38.0,1924.275,7600.0,91.6,2.7399999999999998,[2],50,1791259490.0124989,RING/LL128[0-7]
t2__all_gather__4gpu__default__LL128__1048576,2,0,True,all_gather,4gpu,4,default,LL128,auto/LL128,1048576,ok,,ip,16476,1373,17849,136.12,7.7,5.78,2.427698074840009,2.24271312,136.01311417110256,1105.239,1101.255008234583,1089.7352964593688,455.2621314216916,102.8054356242458,trial,0.06192162025883803,0.04793873280586755,0.061970281329120656,5.905305887111476e-08,4.571793823801761e-08,0.01693392381557292,0.02187325234995902,8.428770949633033e-06,6.5254203095346905e-06,37.0,38.0,1935.0,7600.0,100.0,2.0416666666666665,[2],48,1791259490.0124989,RING/LL128[0-7]
t2__all_reduce__2gpu_nvlink__Ring__LL128__67108864,2,0,True,all_reduce,2gpu_nvlink,2,Ring,LL128,Ring/LL128,67108864,ok,,oop,1283,107,1390,1849.6599999999999,36.28,36.28,2.5909826029092073,2.3731137799999997,1864.0162610857606,734.637,667.9312956531683,720.5696648009027,283.53606047957817,49.93917314649508,trial,0.5285158273381294,0.43542839652788523,0.5244453096266566,7.875499536665222e-09,6.488388725040633e-09,0.12697607248205578,0.15412146873085775,0.0009775745851942443,0.0008053944879217682,38.30769230769231,39.0,1916.6826923076924,7600.0,91.56730769230768,21.92307692307692,[2],52,1791259497.9084609,RING/LL128[0-3]
t2__all_reduce__2gpu_nvlink__Ring__LL128__67108864,2,0,True,all_reduce,2gpu_nvlink,2,Ring,LL128,Ring/LL128,67108864,ok,,ip,1283,107,1390,1849.12,36.29,36.29,2.571175710298121,2.37242096,1849.7666980562021,733.0550000000001,742.7376620105204,731.3179107223114,285.1049802096195,49.93917314649508,trial,0.5273776978417266,0.43500187842687754,0.5271933210052115,7.858540085579851e-09,6.4820331100654236e-09,0.12725009850556915,0.15427258439133568,0.0009751846486330935,0.0008043706734367078,38.88461538461539,40.0,1920.0,7600.0,100.0,23.615384615384613,[2],52,1791259497.9084609,RING/LL128[0-3]
t2__all_gather__2gpu_nvlink__default__LL128__67108864,2,0,True,all_gather,2gpu_nvlink,2,default,LL128,auto/LL128,67108864,ok,,oop,2111,176,2287,1083.4,61.94,30.97,2.49514780100435,2.2870574,1091.0134678637298,707.456,642.7445901279382,693.4825784256105,283.5327028383785,49.93917314649508,trial,0.3093379973764757,0.2548536868996709,0.30717933025509925,4.609495362288888e-09,3.797615869338377e-09,0.2169434876062964,0.26332310439134027,0.0003351367863576738,0.00027610848438710346,38.85714285714286,40.0,1913.8775510204082,7600.0,92.63265306122449,23.42857142857143,[2],49,1791259504.9177172,RING/LL128[0-3]
t2__all_gather__2gpu_nvlink__default__LL128__67108864,2,0,True,all_gather,2gpu_nvlink,2,default,LL128,auto/LL128,67108864,ok,,ip,2111,176,2287,991.19,67.71,33.85,2.2670388408005238,2.09240209,991.2719024051263,626.971,639.7261765313692,625.8204224701408,276.55944340971575,49.93917314649508,trial,0.27414560559685175,0.2246423064273866,0.2741229547132762,4.085087859583672e-09,3.3474312190322073e-09,0.24479277664836174,0.2987365339471008,0.0002717303828115435,0.00022266320770776134,39.19565217391305,40.0,1920.0,7600.0,100.0,21.445652173913047,[2],46,1791259504.9177172,RING/LL128[0-3]
t2__all_reduce__4gpu__default__default__4096,2,0,True,all_reduce,4gpu,4,default,default,auto/auto,4096,ok,,oop,186191,15516,201707,11.879999999999999,0.34,0.52,2.426639568991959,2.21194908,12.030517379128929,925.41,888.1378887469385,930.5424595982174,381.3545331680308,102.8054356242458,trial,0.004587892338887594,0.0033510897589411844,0.004530491854036206,1.120090903048729e-06,8.181371481790001e-07,0.0008927846813844675,0.0012222889551290858,5.4504160985984614e-08,3.981094633622127e-08,35.765306122448976,38.0,1920.688775510204,7600.0,87.34693877551021,0.0,[2],49,1791259511.4189155,RING/LL[0-0]
t2__all_reduce__4gpu__default__default__4096,2,0,True,all_reduce,4gpu,4,default,default,auto/auto,4096,ok,,ip,186191,15516,201707,11.869999999999997,0.35,0.52,2.394051200710237,2.2100871699999995,11.868954477089229,941.7529999999999,943.0993101094,937.8928790977136,393.3721215822838,102.8054356242458,trial,0.004668915803616136,0.003448722768194635,0.004669327083181708,1.1398720223672208e-06,8.419733320787683e-07,0.0008772914681450444,0.0011876860725874487,5.542003058892353e-08,4.093633925847031e-08,36.0,38.0,1931.25,7600.0,96.0,0.0,[2],47,1791259511.4189155,RING/LL[0-0]
t2__all_reduce__4gpu__default__LL128__1048576,2,0,True,all_reduce,4gpu,4,default,LL128,auto/LL128,1048576,ok,,oop,9340,779,10119,261.11,4.02,6.02,2.6657703053206205,2.4387674,263.44206990024907,1183.053,1110.3838119413358,1179.869650585658,443.79404993698836,102.8054356242458,trial,0.11691402312481472,0.08983074636696659,0.11587906437904703,1.1149790108186218e-07,8.566927563378008e-08,0.008968778697150506,0.011672796257491548,3.052742057812037e-05,2.3455706183878645e-05,36.594339622641506,39.0,1921.485849056604,7600.0,93.37735849056604,2.7924528301886786,[2],53,1791259519.342185,RING/LL128[0-7]
t2__all_reduce__4gpu__default__LL128__1048576,2,0,True,all_reduce,4gpu,4,default,LL128,auto/LL128,1048576,ok,,ip,9340,779,10119,259.99,4.03,6.05,2.628636984154582,2.4283066,259.77240677483763,1203.732,1199.5538271422154,1186.8486053137963,457.930101134578,102.8054356242458,trial,0.11895760450637415,0.09225158906472818,0.11905724699397893,1.1344681215894141e-07,8.797797113869493e-08,0.008814703392449481,0.011366481711922257,3.092778759561221e-05,2.3984490640938677e-05,36.924528301886795,39.0,1931.25,7600.0,100.0,2.094339622641509,[2],53,1791259519.342185,RING/LL128[0-7]
t2__reduce_scatter__4gpu__Ring__LL128__1048576,2,0,True,reduce_scatter,4gpu,4,Ring,LL128,Ring/LL128,1048576,ok,,oop,18081,1507,19588,137.38,7.63,5.72,2.705637000501156,2.48396778,138.12727182464548,1195.5300000000002,1117.4088334462383,1185.4792996751687,441.8663700188001,102.8054356242458,trial,0.06103379620175619,0.0468335618502349,0.060703601913182755,5.820636387038821e-08,4.4663965082392596e-08,0.01718025201207832,0.022389413885562513,8.384822922197265e-06,6.43399472698527e-06,36.898148148148145,39.0,1920.0694444444443,7600.0,91.83333333333333,1.8333333333333335,[2],54,1791259527.755613,RING/LL128[0-7]
t2__reduce_scatter__4gpu__Ring__LL128__1048576,2,0,True,reduce_scatter,4gpu,4,Ring,LL128,Ring/LL128,1048576,ok,,ip,18081,1507,19588,137.19999999999996,7.64,5.73,2.684347428381443,2.4807131999999994,137.04040373603445,1219.97,1217.4345944308104,1207.0548721943733,454.4754479622611,102.8054356242458,trial,0.062281498876863385,0.04819300047265784,0.06235403146042221,5.9396265866149316e-08,4.596042678132805e-08,0.016836075221521838,0.021757848436826557,8.545021645905654e-06,6.612079664848655e-06,37.25462962962963,39.0,1931.25,7600.0,100.0,2.1064814814814814,[2],54,1791259527.755613,RING/LL128[0-7]
t2__all_reduce__2gpu_nvlink__default__default__1048576,2,0,True,all_reduce,2gpu_nvlink,2,default,default,auto/auto,1048576,ok,,oop,46101,3842,49943,49.99,20.98,20.98,2.518589848652482,2.30458899,50.42928635949947,573.816,535.9343767997402,564.437993485815,227.83225315825365,49.93917314649508,trial,0.011489417936447551,0.008971021073286324,0.0113893343353811,1.0957162796447326e-08,8.555432389532398e-09,0.091264501456913,0.11688479956004369,5.743560026430131e-07,4.4846134345358337e-07,37.879999999999995,39.0,1908.0,7600.0,91.03999999999999,3.68,[2],50,1791259536.1717134,RING/SIMPLE[0-3]
t2__all_reduce__2gpu_nvlink__default__default__1048576,2,0,True,all_reduce,2gpu_nvlink,2,default,default,auto/auto,1048576,ok,,ip,46101,3842,49943,49.62,21.13,21.13,2.478749120607972,2.2875316199999998,49.63156239328779,564.02,573.5559878212218,567.499199983783,227.54218864298,49.93917314649508,trial,0.011293274332739323,0.00881471514484985,0.011290643400464666,1.0770105679263423e-08,8.4063674400805e-09,0.09284959960285095,0.11895744590369987,5.603722723905251e-07,4.373861654874495e-07,38.39,39.0,1920.0,7600.0,99.0,4.0,[2],50,1791259536.1717134,RING/SIMPLE[0-3]
