coll,gpu_set,n_gpus,algo,proto,config,size_bytes,placement,n_trials,selected,t_op_us,t_op_us_lo,t_op_us_hi,t_op_us_cv,algbw_gbs,algbw_gbs_lo,algbw_gbs_hi,algbw_gbs_cv,busbw_gbs,busbw_gbs_lo,busbw_gbs_hi,busbw_gbs_cv,e_op_j,e_op_j_lo,e_op_j_hi,e_op_j_cv,e_op_dyn_j,e_op_dyn_j_lo,e_op_dyn_j_hi,e_op_dyn_j_cv,e_op_rate_j,e_op_rate_j_lo,e_op_rate_j_hi,e_op_rate_j_cv,j_per_byte,j_per_byte_lo,j_per_byte_hi,j_per_byte_cv,j_per_byte_dyn,j_per_byte_dyn_lo,j_per_byte_dyn_hi,j_per_byte_dyn_cv,gb_per_j,gb_per_j_lo,gb_per_j_hi,gb_per_j_cv,gb_per_j_dyn,gb_per_j_dyn_lo,gb_per_j_dyn_hi,gb_per_j_dyn_cv,edp_js,edp_js_lo,edp_js_hi,edp_js_cv,edp_dyn_js,edp_dyn_js_lo,edp_dyn_js_hi,edp_dyn_js_cv,p_avg_w,p_avg_w_lo,p_avg_w_hi,p_avg_w_cv,temp_mean_c,temp_mean_c_lo,temp_mean_c_hi,temp_mean_c_cv,clk_gr_mean_mhz,clk_gr_mean_mhz_lo,clk_gr_mean_mhz_hi,clk_gr_mean_mhz_cv
all_gather,2gpu_nvlink,2,Ring,LL128,Ring/LL128,4096,ip,2,RING/LL128[0-0],11.075,11.05,11.099999999999998,0.003192355671270914,0.37,0.37,0.37,0.0,0.185,0.18,0.19,0.03822198817224585,0.0022193227804286515,0.0022132015072038208,0.0022254440536534827,0.003900643786423559,0.001666219005454201,0.0016614235556586827,0.001671014455249719,0.004070167316722192,0.0022195169331628356,0.002214010378583281,0.00222502348774239,0.003508621201306413,5.418268506905888e-07,5.403323992196828e-07,5.433213021614948e-07,0.003900643786423559,4.06791749378467e-07,4.056209852682331e-07,4.079625134887009e-07,0.004070167316722192,0.0018456220954983739,0.001840531552916664,0.0018507126380800836,0.0039006437864235782,0.002458280642927263,0.0024512056057515597,0.0024653556801029664,0.004070167316722237,2.457915282507794e-08,2.445587665460222e-08,2.4702428995553656e-08,0.00709295529609553,1.845349537165016e-08,1.8358730290028444e-08,1.854826045327188e-08,0.007262475805787785,200.4077483259053,200.36293018853218,200.45256646327837,0.0003162673012535612,37.0,36.5,37.5,0.019110994086122907,1923.75,1920.0,1927.5,0.0027567515835732847
all_gather,2gpu_nvlink,2,Ring,LL128,Ring/LL128,4096,oop,2,RING/LL128[0-0],11.45,11.42,11.48,0.003705363045519057,0.36,0.36,0.36,0.0,0.18,0.18,0.18,0.0,0.0022587800197925037,0.0022293468009087825,0.0022882132386762254,0.0184280261755983,0.001682512055590712,0.0016544960433703699,0.0017105280678110543,0.02354849364316022,0.0022415888381264832,0.0022123273523646917,0.0022708503238882743,0.01846100824364359,5.514599657696542e-07,5.442741213156207e-07,5.586458102236878e-07,0.0184280261755983,4.107695448219512e-07,4.039296980884692e-07,4.176093915554332e-07,0.02354849364316022,0.001813676217663532,0.0017900429604933209,0.001837309474833743,0.01842802617559827,0.0024351302458599624,0.0023945821627128342,0.0024756783290070905,0.02354849364316023,2.5863914223190682e-08,2.5459140466378294e-08,2.626868798000307e-08,0.02213263358504013,1.9265603516880264e-08,1.8894344815289624e-08,1.9636862218470905e-08,0.027252667713133265,195.76659897343265,193.72393628412362,197.80926166274168,0.01475614989340626,36.964999999999996,36.44,37.489999999999995,0.02008554362899697,1912.725,1909.2,1916.25,0.002606283081658434
all_gather,2gpu_nvlink,2,Ring,LL128,Ring/LL128,1048576,ip,2,RING/LL128[0-3],32.205,32.18,32.23,0.0010978214270866442,32.565,32.54,32.59,0.0010856852160089174,16.28,16.27,16.29,0.0008686815493692044,0.007460150023441163,0.007457180809501486,0.0074631192373808405,0.0005628710696011053,0.005851743455529171,0.0058473975966866635,0.00585608931437168,0.0010502805808116768,0.007460640255789236,0.007458102439511444,0.007463178072067028,0.00048105981200198436,7.114553473893321e-09,7.111721810819135e-09,7.117385136967507e-09,0.0005628710696011053,5.5806574397365295e-09,5.576512905775703e-09,5.584801973697357e-09,0.0010502805808116768,0.14055698113471515,0.1405010380576466,0.14061292421178367,0.0005628710696011464,0.1791904560248666,0.17905737834746555,0.1793235337022677,0.0010502805808117084,2.4025405727457414e-07,2.4016317705891547e-07,2.403449374902328e-07,0.0005349505227668591,1.884552893388459e-07,1.8844895413648066e-07,1.8846162454121114e-07,4.754087368274112e-05,231.6611309320799,231.40249579619748,231.9197660679623,0.0015788808221710564,38.0,37.5,38.5,0.018608073189119674,1923.75,1920.0,1927.5,0.0027567515835732847
all_gather,2gpu_nvlink,2,Ring,LL128,Ring/LL128,1048576,oop,2,RING/LL128[0-3],32.825,32.75,32.9,0.003231257187448016,31.945,31.87,32.02,0.0033202697504455666,15.975000000000001,15.94,16.01,0.0030984334699880925,0.007624173047872064,0.0076164504870552706,0.007631895608688858,0.0014324635832352567,0.005973610232779775,0.005971483096488659,0.005975737369070891,0.0005035857504403426,0.0075729940569446985,0.007572651694783833,0.0075733364191055644,6.393418606950503e-05,7.270978019592346e-09,7.263613211684485e-09,7.2783428275002076e-09,0.0014324635832352567,5.696878655223632e-09,5.694850059975299e-09,5.698907250471965e-09,0.0005035857504403426,0.13753322087928377,0.13739391283159114,0.13767252892697637,0.0014324635832352133,0.17553474232462216,0.1754722363514836,0.17559724829776072,0.0005035857504402469,2.5026405948846174e-07,2.494387534510601e-07,2.510893655258634e-07,0.00466370997732344,1.9608391542621793e-07,1.9556607141000356e-07,1.966017594424323e-07,0.003734839899194526,230.70930113649752,230.1925963253971,231.22600594759797,0.003167323328543817,37.81862745098039,37.35294117647059,38.28431372549019,0.017414165706473597,1916.8382352941176,1913.6764705882351,1920.0,0.0023327010311881787
all_gather,2gpu_nvlink,2,Ring,LL128,Ring/LL128,67108864,ip,2,RING/LL128[0-3],988.52,986.5599999999998,990.48,0.0028040490655236094,67.88499999999999,67.75,68.02,0.002812386107687487,33.945,33.88,34.01,0.0027080242025113556,0.27372011343804536,0.2735610820244328,0.27387914485165793,0.0008216582228808695,0.22434288701540858,0.22428251104095223,0.22440326298986493,0.0003805983022399,0.27369477941773124,0.27357755895031977,0.2738119998851427,0.0006056921332357617,4.07874753233858e-09,4.076377779609454e-09,4.081117285067706e-09,0.0008216582228808695,3.3429695221097556e-09,3.342069849982146e-09,3.3438691942373653e-09,0.0003805983022399,0.2451733846315989,0.2450309388703123,0.24531583039288551,0.0008216582228808457,0.299135264564553,0.29905476019317484,0.2992157689359312,0.00038059830223990195,0.00027057811823734726,0.00026988442108202436,0.0002712718153926701,0.003625703111648891,0.0002217675490093816,0.00022126815409256179,0.0002222669439262014,0.0031846456684105824,276.8741380948368,276.44374433117554,277.304531858498,0.0021983587991235404,39.46111111111111,39.42222222222222,39.5,0.0013937061715630452,1920.0,1920.0,1920.0,0.0
all_gather,2gpu_nvlink,2,Ring,LL128,Ring/LL128,67108864,oop,2,RING/LL128[0-3],1084.6799999999998,1084.54,1084.8199999999997,0.00018253300395697648,61.870000000000005,61.86,61.88,0.00022857823862507131,30.935000000000002,30.93,30.94,0.00022857823862507131,0.3103994328097731,0.3101003490401396,0.3106985165794066,0.001362658170708006,0.25586632281453403,0.25550650133203395,0.2562261442970341,0.001988790142396568,0.3083644808239294,0.30772131655603063,0.3090076450918282,0.002949664073066761,4.625311982777314e-09,4.620855287315542e-09,4.6297686782390865e-09,0.001362658170708006,3.812705320336432e-09,3.807343562424689e-09,3.818067078248175e-09,0.001988790142396568,0.21620183290188494,0.2159935127429187,0.2164101530608512,0.0013626581707079878,0.2622814756527752,0.26191263262426107,0.26265031868128935,0.001988790142396578,0.0003366840149083769,0.0003364030606457242,0.00033696496917102965,0.0011801253135172935,0.0002775330326554612,0.000277178562775017,0.00027788750253590535,0.0018062574662931691,284.29082215440656,283.66117563838304,284.92046867043007,0.003132196233819285,39.04,38.97,39.11,0.0025357312849927523,1917.0,1914.0,1920.0,0.0022131667642771437
all_gather,2gpu_nvlink,2,Ring,default,Ring/auto,4096,ip,2,RING/LL[0-0],5.829999999999999,5.81,5.849999999999999,0.004851504502137445,0.7,0.7,0.7,0.0,0.35,0.35,0.35,0.0,0.0011581081783897575,0.0011548737703183953,0.00116134258646112,0.003949668818615531,0.0008669426518512519,0.0008644354376758762,0.0008694498660266276,0.004089931765404408,0.0011581869951310742,0.001154030999094364,0.0011623429911677844,0.005074712447120175,2.827412544896869e-07,2.8195160408163947e-07,2.835309048977344e-07,0.003949668818615531,2.1165592086212205e-07,2.1104380802633697e-07,2.1226803369790712e-07,0.004089931765404408,0.00353683017290002,0.0035269523805903486,0.0035467079652096913,0.003949668818615563,0.004724688824048095,0.004711024936628786,0.004738352711467404,0.004089931765404414,6.751835368173713e-09,6.709816605549876e-09,6.793854130797551e-09,0.008801088998240733,5.054325804576305e-09,5.02236989289684e-09,5.0862817162557704e-09,0.008941347558991536,198.65975437849357,198.62839915565647,198.69110960133068,0.00022321069270519125,37.617924528301884,37.39622641509434,37.839622641509436,0.008334550148154955,1920.0,1920.0,1920.0,0.0
all_gather,2gpu_nvlink,2,Ring,default,Ring/auto,4096,oop,2,RING/LL[0-0],5.845,5.83,5.859999999999999,0.003629290579229422,0.7,0.7,0.7,0.0,0.35,0.35,0.35,0.0,0.0011488958039827346,0.0011441636402101476,0.0011536279677553218,0.005824975740501415,0.0008548140195204863,0.000849789391403527,0.0008598386476374455,0.008312799119592238,0.0011405269197479562,0.0011319249702817205,0.0011491288692141919,0.010666117026581738,2.804921396442223e-07,2.7933682622318057e-07,2.816474530652641e-07,0.005824975740501415,2.0869482898449373e-07,2.074681131356267e-07,2.0992154483336073e-07,0.008312799119592238,0.0035652227785328934,0.0035505380542826255,0.003579907502783161,0.005824975740501544,0.004791851131983436,0.00476368445551321,0.004820017808453663,0.008312799119592259,6.7153669567356734e-09,6.670474022425161e-09,6.760259891046186e-09,0.009454166386688818,4.996463313518996e-09,4.954272151882562e-09,5.0386544751554305e-09,0.011941909557722166,195.12615156056444,194.1552264634169,196.09707665771194,0.007036962649305569,37.464622641509436,37.17924528301887,37.75,0.010772416811277507,1915.5136268343817,1915.4716981132076,1915.5555555555557,3.095575270600861e-05
all_gather,2gpu_nvlink,2,Ring,default,Ring/auto,1048576,ip,2,RING/SIMPLE[0-3],35.72,35.65,35.78999999999999,0.0027714151558262045,29.35,29.29,29.41,0.002891066907747407,14.68,14.65,14.71,0.0028900822119341417,0.008054374488961569,0.008009615093425395,0.008099133884497744,0.00785900187502213,0.00627020362743797,0.00622227447653017,0.0063181327783457695,0.01081018405051911,0.008053925750381916,0.008009536177757265,0.008098315323006568,0.007794501412028866,7.681250084840363e-09,7.638564198899646e-09,7.723935970781082e-09,0.00785900187502213,5.979732158124895e-09,5.934023357896967e-09,6.025440958352823e-09,0.01081018405051911,0.13019116313926699,0.1294676708588607,0.1309146554196733,0.007859001875022122,0.16724134242284644,0.16596295721954438,0.1685197276261485,0.010810184050519131,2.876991235880197e-07,2.8666412419369487e-07,2.8873412298234454e-07,0.0050876421250352286,2.2396831853152072e-07,2.2269520351501476e-07,2.2524143354802667e-07,0.008038889315276859,225.47714643173364,223.79257272303062,227.16172014043667,0.01056580244768289,37.25,36.5,38.0,0.028474098571270368,1923.75,1920.0,1927.5,0.0027567515835732847
all_gather,2gpu_nvlink,2,Ring,default,Ring/auto,1048576,oop,2,RING/SIMPLE[0-3],37.3,37.23,37.37,0.002654020090244425,28.115000000000002,28.06,28.17,0.002766556853299745,14.055,14.03,14.08,0.00251549904370885,0.00846023742466915,0.0083953696132764,0.008525105236061899,0.010843305456841115,0.006585593732638269,0.006521270960791818,0.006649916504484721,0.013812898275800579,0.008407719880040784,0.008331077384664135,0.008484362375417434,0.012891587488907768,8.068311142605924e-09,8.006448376919174e-09,8.130173908292674e-09,0.010843305456841115,6.280511601103086e-09,6.219168625633066e-09,6.341854576573106e-09,0.013812898275800579,0.12394896210831063,0.12299859895739901,0.12489932525922226,0.010843305456841219,0.1592378886785907,0.1576825813215606,0.1607931960356208,0.01381289827580057,3.1557139668695674e-07,3.125596107022803e-07,3.185831826716331e-07,0.0134971313344972,2.456471488214367e-07,2.4278691787027935e-07,2.48507379772594e-07,0.016466616535355475,225.4049774204043,223.77323085318656,227.03672398762203,0.010237742538449215,37.08163265306122,36.255102040816325,37.90816326530612,0.03152209646456268,1921.3010204081634,1920.0,1922.6020408163265,0.0009576431213042183
all_gather,2gpu_nvlink,2,Ring,default,Ring/auto,67108864,ip,2,RING/SIMPLE[0-3],941.5150000000001,941.19,941.84,0.0004881700320985218,71.275,71.25,71.3,0.0004960412354868519,35.64,35.63,35.65,0.00039680515218092413,0.25969931792345585,0.2576851079954528,0.2617135278514589,0.010968542468363469,0.2126699635295507,0.2106675918735067,0.21467233518559467,0.013315378936882172,0.2596748737364577,0.25767228125993513,0.26167746621298027,0.010906305255697605,3.8698213983097054e-09,3.839807331494284e-09,3.899835465125127e-09,0.010968542468363469,3.169029407643537e-09,3.139191744826834e-09,3.19886707046024e-09,0.013315378936882172,0.2584254039521132,0.25642107441266493,0.26042973349156145,0.010968542468363525,0.31558200599382646,0.31261067683444693,0.318553335153206,0.013315378936882052,0.00024451145793292914,0.00024253064679424023,0.0002464922690716181,0.011456681827981974,0.00020023261148331315,0.0001982782307954258,0.00020218699217120048,0.013803504106426124,275.80464825983995,273.77286335377033,277.83643316590957,0.010418162957433348,36.755,35.010000000000005,38.5,0.06714195800138884,1927.5,1927.5,1927.5,0.0
all_gather,2gpu_nvlink,2,Ring,default,Ring/auto,67108864,oop,2,RING/SIMPLE[0-3],967.7449999999999,967.1999999999999,968.2899999999998,0.0007964354158309048,69.35,69.31,69.39,0.0008156963589750916,34.67,34.65,34.69,0.0008158139961771358,0.26872508525956795,0.26810989010989006,0.2693402804092459,0.0032375739069551053,0.22008018803347135,0.21942157696800083,0.22073879909894187,0.00423216968978484,0.26701441074030596,0.2660511582128797,0.26797766326773215,0.005101765048932914,4.004315812283277e-09,3.995148690192253e-09,4.013482934374301e-09,0.0032375739069551053,3.2794503574590586e-09,3.2696362878084306e-09,3.2892644271096866e-09,0.00423216968978484,0.24973186128385366,0.24916014752057225,0.2503035750471351,0.003237573906955094,0.3049318778178303,0.3040193399345249,0.30584441570113574,0.004232169689784728,0.0002600576929158772,0.00025931588571428564,0.0002607995001174687,0.004034004121908891,0.00021298186051148238,0.0002122245492434504,0.0002137391717795144,0.005028596630796543,275.91354432731254,275.07357135326686,276.7535173013582,0.004305338379884215,36.19230769230769,34.375,38.00961538461539,0.07101125485879785,1921.4423076923076,1920.0,1922.8846153846152,0.0010615624999046889
all_gather,2gpu_nvlink,2,default,LL128,auto/LL128,4096,ip,2,RING/LL128[0-0],11.07,11.06,11.079999999999998,0.0012775190265338205,0.37,0.37,0.37,0.0,0.185,0.18,0.19,0.03822198817224585,0.0022086935258500235,0.002188085700978109,0.0022293013507219375,0.013195069883520651,0.0016556364558499982,0.0016345431363348106,0.0016767297753651855,0.018017517329027587,0.0022080734689362445,0.0021878312761093783,0.002228315661763111,0.012964597433307789,5.392318178344784e-07,5.342006105903587e-07,5.44263025078598e-07,0.013195069883520651,4.0420811910400347e-07,3.990583828942409e-07,4.09357855313766e-07,0.018017517329027587,0.0018546514308634917,0.00183734693323249,0.0018719559284944931,0.013195069883520694,0.0024743746959684275,0.002442850398543144,0.0025058989933937105,0.018017517329027677,2.445003125291104e-08,2.4243989566837448e-08,2.465607293898463e-08,0.01191765130462969,1.8327684633064327e-08,1.81107379505897e-08,1.8544631315538953e-08,0.016740190963017907,199.4664459287746,197.4576963997634,201.4751954577858,0.014241998518149735,37.765957446808514,37.5,38.03191489361702,0.00995925043924714,1920.0,1920.0,1920.0,0.0
all_gather,2gpu_nvlink,2,default,LL128,auto/LL128,4096,oop,2,RING/LL128[0-0],11.415,11.35,11.48,0.008052902457665505,0.36,0.36,0.36,0.0,0.18,0.18,0.18,0.0,0.0022836585933861202,0.0022636190032603635,0.002303698183511877,0.012410024958337287,0.0017094006312356406,0.0016934707431160193,0.0017253305193552619,0.013179042650504869,0.0022672558652243264,0.002250363819230771,0.0022841479112178822,0.010536508431505545,5.575338362759083e-07,5.526413582178622e-07,5.624263143339543e-07,0.012410024958337287,4.173341384852638e-07,4.134450056435594e-07,4.2122327132696823e-07,0.013179042650504869,0.0017937512402295716,0.001778010691381388,0.001809491789077755,0.012410024958337264,0.002396369620647193,0.0023740378750911058,0.00241870136620328,0.013179042650504864,2.6069265416860735e-08,2.5692075687005124e-08,2.6446455146716347e-08,0.020461904968164052,1.9513843648282613e-08,1.9220892934366818e-08,1.9806794362198406e-08,0.021230818499617218,198.61876405275683,198.26994002033226,198.96758808518138,0.0024837113446413935,37.63275510204082,37.275510204081634,37.989999999999995,0.013425022388410444,1915.2,1910.4,1920.0,0.0035443948931656176
all_gather,2gpu_nvlink,2,default,LL128,auto/LL128,1048576,ip,2,RING/LL128[0-3],32.18,32.15,32.21,0.0013184091631819285,32.59,32.56,32.62,0.0013018228558204796,16.295,16.28,16.31,0.0013018228558204796,0.007347734697330573,0.007260786380851977,0.007434683013809171,0.016734884077158185,0.005740755153947064,0.005652115683810606,0.00582939462408352,0.02183600196610965,0.0073490326114468915,0.007262196453857883,0.0074358687690359,0.016710345192299424,7.007345864611219e-09,6.924425488330819e-09,7.09026624089162e-09,0.016734884077158185,5.474810747096122e-09,5.390277561007124e-09,5.55934393318512e-09,0.02183600196610965,0.1427273702635574,0.14103842733474667,0.1444163131923681,0.01673488407715813,0.18269827187582643,0.17987734020749266,0.18551920354416018,0.02183600196610957,2.364474941106035e-07,2.3386992932724215e-07,2.3902505889396483e-07,0.015416644985967754,1.847348416699124e-07,1.8205464617553962e-07,1.8741503716428515e-07,0.0205178881454638,228.3753869518693,225.46403147649437,231.2867424272442,0.018028555761274333,37.305,36.61,38.0,0.02634709625651525,1923.75,1920.0,1927.5,0.0027567515835732847
all_gather,2gpu_nvlink,2,default,LL128,auto/LL128,1048576,oop,2,RING/LL128[0-3],32.78,32.75,32.81,0.0012942772077850658,31.990000000000002,31.96,32.02,0.0013262396646200204,15.995000000000001,15.98,16.01,0.0013262396646200204,0.007637987583460231,0.007551221480353493,0.007724753686566969,0.016065200214978835,0.005991603593896173,0.005903384662284042,0.006079822525508304,0.020822540675260504,0.007595706300876184,0.00749472423816643,0.007696688363585939,0.018801438205170218,7.284152587375861e-09,7.201405983308309e-09,7.366899191443414e-09,0.016065200214978835,5.714038461586164e-09,5.629906332286875e-09,5.798170590885452e-09,0.020822540675260504,0.13730204714782335,0.135742321703206,0.13886177259244067,0.016065200214978863,0.1750455204024196,0.1724681922211757,0.17762284858366353,0.020822540675260497,2.503758359689196e-07,2.473025034815769e-07,2.534491684562623e-07,0.017359296948374042,1.9640741237586492e-07,1.9333584768980236e-07,1.9947897706192746e-07,0.022116519861394502,231.71507763257807,228.84654162340246,234.58361364175371,0.01750737401199398,37.150000000000006,36.49,37.81,0.02512465548226764,1920.525,1920.0,1921.0500000000002,0.00038659331185275045
all_gather,2gpu_nvlink,2,default,LL128,auto/LL128,67108864,ip,2,RING/LL128[0-3],987.845,984.4999999999999,991.19,0.004788751642350896,67.94,67.71,68.17,0.004787593749570466,33.965,33.85,34.08,0.004788298532987007,0.2730703979011806,0.2719951902055094,0.27414560559685175,0.0055684296696867815,0.2237240022863797,0.2228056981453728,0.2246423064273866,0.00580482271603993,0.27302905825322665,0.27193516179317706,0.2741229547132762,0.005666075323745255,4.069066016393611e-09,4.0530441732035486e-09,4.085087859583672e-09,0.0055684296696867815,3.3337474210020855e-09,3.3200636229719638e-09,3.3474312190322073e-09,0.00580482271603993,0.24576045213224867,0.24479277664836174,0.24672812761613563,0.00556842966968684,0.29996779059124046,0.2987365339471008,0.30119904723538016,0.005804822716039819,0.00026975482378443377,0.000267779264757324,0.0002717303828115435,0.010357043222477677,0.00022100770876594042,0.0002193522098241195,0.00022266320770776134,0.010593427121118867,276.38798061454656,276.21651781937743,276.55944340971575,0.000877335583955084,37.84782608695652,36.5,39.19565217391305,0.050362573731839166,1923.75,1920.0,1927.5,0.0027567515835732847
all_gather,2gpu_nvlink,2,default,LL128,auto/LL128,67108864,oop,2,RING/LL128[0-3],1084.145,1083.4,1084.89,0.0009718156740730826,61.9,61.86,61.94,0.0009138698302895411,30.95,30.93,30.97,0.0009138698302895411,0.30752448622649764,0.3057109750765195,0.3093379973764757,0.008339797897995405,0.2530204118114614,0.25118713672325194,0.2548536868996709,0.010246772087457142,0.30551880485251715,0.303858279449935,0.30717933025509925,0.007686392810191514,4.582471940316225e-09,4.5554485183435605e-09,4.609495362288888e-09,0.008339797897995405,3.770297941736302e-09,3.742980014134227e-09,3.797615869338377e-09,0.010246772087457142,0.21823042025106215,0.2169434876062964,0.21951735289582794,0.008339797897995271,0.26524495315210106,0.26332310439134027,0.26716680191286185,0.010246772087457182,0.0003333997830542195,0.00033166277975076524,0.0003351367863576738,0.007368012081856724,0.0002743094485733961,0.0002725104127596888,0.00027610848438710346,0.009275002593500089,281.8074060191648,280.0821091999511,283.5327028383785,0.008658176147028724,37.37857142857143,35.9,38.85714285714286,0.05594156457313801,1916.7887755102042,1913.8775510204082,1919.7,0.0021479117622056295
all_gather,2gpu_nvlink,2,default,default,auto/auto,4096,ip,2,RING/LL[0-0],5.819999999999999,5.79,5.849999999999999,0.007289760630788995,0.705,0.7,0.71,0.01002988342108579,0.35,0.35,0.35,0.0,0.0011540874487520054,0.001143059619406197,0.0011651152780978136,0.013513452417529421,0.0008632252662360851,0.0008535938594475296,0.0008728566730246407,0.01577904011602732,0.001153388561867977,0.001142118079651294,0.0011646590440846601,0.013819166699125357,2.817596310429701e-07,2.7906728989409106e-07,2.8445197219184903e-07,0.013513452417529421,2.107483560146692e-07,2.0839693834168202e-07,2.130997736876564e-07,0.01577904011602732,0.003549448554194319,0.0035155319623713086,0.003583365146017329,0.013513452417529413,0.0047455862691680095,0.004692637550454255,0.004798534987881764,0.015779040116027283,6.717119786617045e-09,6.61831519636188e-09,6.815924376872209e-09,0.02080218843825967,5.024259991697672e-09,4.942308446201196e-09,5.106211537194147e-09,0.023067474073806982,198.17201232910048,197.257008575353,199.08701608284792,0.006529734965919431,37.25462962962963,37.00925925925926,37.5,0.00931444250102821,1923.75,1920.0,1927.5,0.0027567515835732847
all_gather,2gpu_nvlink,2,default,default,auto/auto,4096,oop,2,RING/LL[0-0],5.834999999999999,5.81,5.859999999999999,0.00605918407186414,0.7,0.7,0.7,0.0,0.35,0.35,0.35,0.0,0.00116773582772848,0.0011673260611541286,0.0011681455943028315,0.0004962573153058529,0.0008730242777793654,0.0008725832674936627,0.0008734652880650681,0.0007143933371168747,0.0011547493406188249,0.001152888896957681,0.001156609784279969,0.0022784725351831588,2.8509175481652343e-07,2.849917141489572e-07,2.8519179548408973e-07,0.0004962573153058529,2.1314069281722788e-07,2.1303302429044498e-07,2.1324836134401078e-07,0.0007143933371168747,0.0035076430876762703,0.0035064122314689378,0.0035088739438836032,0.0004962573153057746,0.004691737846777593,0.004689367804270284,0.004694107889284902,0.0007143933371169365,6.8137487989600396e-09,6.782164415305487e-09,6.845333182614592e-09,0.006555431531359198,5.094085635585454e-09,5.074833323658045e-09,5.113337947512863e-09,0.005344802302611872,197.90275362060572,197.3736833242268,198.43182391698468,0.003780737634516446,37.18055555555556,36.925925925925924,37.43518518518518,0.00968518813728306,1915.625,1914.4444444444443,1916.8055555555557,0.0008715472380041571
all_gather,2gpu_nvlink,2,default,default,auto/auto,1048576,ip,2,RING/SIMPLE[0-3],35.78,35.77,35.78999999999999,0.000395252532803888,29.299999999999997,29.29,29.31,0.00048266674483722356,14.655000000000001,14.65,14.66,0.0004825020683633793,0.008033781866515328,0.00802753924043071,0.008040024492599948,0.0010989104036405364,0.006246323211806447,0.0062410778970093134,0.006251568526603581,0.0011875778875806093,0.008032031955566095,0.008026923086068316,0.008037140825063875,0.0008995273639501865,7.661611429705933e-09,7.655657997542105e-09,7.667564861869763e-09,0.0010989104036405364,5.9569580190720055e-09,5.951955697068513e-09,5.9619603410754976e-09,0.0011875778875806093,0.130520924087217,0.13041950319493567,0.1306223449794983,0.001098910403640451,0.1678710345061153,0.16773006574874444,0.16801200326348614,0.0011875778875805906,2.8744877761017935e-07,2.8714507863020655e-07,2.877524765901521e-07,0.0014941626119517773,2.2349349697158266e-07,2.2324335637602318e-07,2.2374363756714213e-07,0.0015828300488997008,224.48382211040183,224.40377651854388,224.56386770225976,0.0005042749207914215,38.223958333333336,38.0,38.44791666666667,0.008286031227966171,1920.0,1920.0,1920.0,0.0
all_gather,2gpu_nvlink,2,default,default,auto/auto,1048576,oop,2,RING/SIMPLE[0-3],37.364999999999995,37.33,37.39999999999999,0.001324701583916861,28.060000000000002,28.03,28.09,0.0015119888407409815,14.035,14.02,14.05,0.0015114501913499985,0.00852936871817082,0.008461073194044117,0.008597664242297525,0.01132375204551799,0.0066473012526146276,0.00658305754850337,0.006711544956725885,0.013667850184386947,0.008457559452132425,0.008398961360719761,0.008516157543545089,0.009798360398645898,8.13423988167841e-09,8.06910819439327e-09,8.199371568963552e-09,0.01132375204551799,6.339360478033664e-09,6.2780929074319555e-09,6.400628048635373e-09,0.013667850184386947,0.12294499945146313,0.12196056631769474,0.12392943258523152,0.011323752045517938,0.15775935400030452,0.15623466828590393,0.15928403971470512,0.013667850184386954,3.1870225249779717e-07,3.1585186233366686e-07,3.215526426619274e-07,0.012648358762998614,2.4837865983358943e-07,2.457455382856308e-07,2.510117813815481e-07,0.01499241604328992,226.34850752697696,224.99226790034186,227.70474715361203,0.008473713808722897,37.95313725490196,37.72,38.18627450980392,0.00868718350112687,1911.1058823529413,1909.4117647058824,1912.8000000000002,0.0012536428121797775
all_gather,2gpu_nvlink,2,default,default,auto/auto,67108864,ip,2,RING/SIMPLE[0-3],942.245,941.88,942.61,0.0005478277414750862,71.22,71.19,71.25,0.000595709166964258,35.61,35.6,35.62,0.0003971394446427447,0.25676719878373244,0.25608057772709997,0.25745381984036486,0.003781747883297278,0.2097054696656891,0.20901353464853625,0.2103974046828419,0.004666277360806914,0.25676532487037623,0.25611388020155346,0.257416769539199,0.0035880307679781653,3.826129418369121e-09,3.8158979673251505e-09,3.836360869413091e-09,0.003781747883297278,3.124855006719963e-09,3.114544371493701e-09,3.135165641946225e-09,0.004666277360806914,0.26136260474061845,0.26066369511087883,0.2620615143703581,0.003781747883297395,0.32001833206347885,0.3189624135390905,0.32107425058786726,0.0046662773608070265,0.00024193735860129228,0.0002413841133713417,0.00024249060383124284,0.0032339234917568376,0.00019759367770886594,0.00019701824789505675,0.00019816910752267514,0.004118454883368315,272.50408943735454,271.7071537555866,273.3010251191224,0.0041358544446883005,37.66326530612245,36.826530612244895,38.5,0.03141845356667408,1927.5,1927.5,1927.5,0.0
all_gather,2gpu_nvlink,2,default,default,auto/auto,67108864,oop,2,RING/SIMPLE[0-3],968.115,967.94,968.2899999999998,0.0002556384039242724,69.32,69.31,69.33,0.00020401234310052133,34.66,34.65,34.67,0.00040802468620118766,0.270975104522995,0.27021474724439376,0.2717354618015963,0.003968289181177392,0.2223470539181615,0.22158605585636526,0.22310805197995776,0.004840243038830684,0.26944551300234143,0.26860014910758623,0.27029087689709663,0.0044369827197417834,4.037843712016866e-09,4.026513505643513e-09,4.049173918390219e-09,0.003968289181177392,3.3132292914116607e-09,3.301889536624629e-09,3.3245690461986923e-09,0.004840243038830684,0.24765888554463467,0.2469639536741751,0.2483538174150942,0.003968289181177354,0.3018238782041805,0.3007908652531668,0.3028568911551942,0.004840243038830619,0.00026233519637780306,0.0002615516624477385,0.00026311873030786763,0.004223925442627219,0.00021525765127864175,0.0002144820069056102,0.00021603329565167328,0.005095878290057424,278.31958909379614,277.49669308798707,279.14248509960515,0.00418134668719133,37.26602564102564,36.36538461538461,38.16666666666667,0.03417855087527662,1921.1764705882354,1920.0,1922.3529411764707,0.0008660217773258881
all_gather,4gpu,4,Ring,LL128,Ring/LL128,4096,ip,2,RING/LL128[0-0],17.505,17.459999999999997,17.55,0.003635510443118634,0.23,0.23,0.23,0.0,0.18,0.18,0.18,0.0,0.006859808195292066,0.006854083115373438,0.0068655332752106946,0.001180278724432968,0.005065058890888608,0.005049962826151765,0.005080154955625452,0.004214967673467837,0.006859983708077945,0.006854520417689162,0.0068654469984667284,0.0011262795498918883,1.674757860178727e-06,1.6733601355892182e-06,1.676155584768236e-06,0.001180278724432968,1.2365866432833517e-06,1.2329010806034582e-06,1.2402722059632451e-06,0.004214967673467837,0.0005971016588766454,0.0005966033279292931,0.0005975999898239976,0.0011802787244330258,0.0008086848491262653,0.0008062746187425525,0.0008110950795099782,0.004214967673467861,1.2008068482999127e-07,1.1987221098517872e-07,1.2028915867480382e-07,0.0024552369862928633,8.866317656209192e-08,8.862684759896347e-08,8.869950552522038e-08,0.0005794616700568132,391.89049339629184,390.5709639708924,393.2100228216912,0.004761780244215179,35.486979166666664,35.463541666666664,35.510416666666664,0.0009340223131546089,1936.875,1935.0,1938.75,0.0013690353943592401
all_gather,4gpu,4,Ring,LL128,Ring/LL128,4096,oop,2,RING/LL128[0-0],17.845,17.79,17.9,0.004358741716476314,0.23,0.23,0.23,0.0,0.17,0.17,0.17,0.0,0.007007134553908748,0.0069963600697471665,0.007017909038070329,0.0021745581609222326,0.0051561709399197434,0.0051343443608738,0.0051779975189656866,0.005986505192836295,0.006926490902066351,0.006914454459084272,0.00693852734504843,0.002457536023458631,1.7107262094503779e-06,1.7080957201531168e-06,1.713356698747639e-06,0.0021745581609222326,1.2588307958788436e-06,1.2535020412289552e-06,1.264159550528732e-06,0.005986505192836295,0.0005845484559907856,0.0005836496280844147,0.0005854472838971566,0.0021745581609221507,0.0007944021728076309,0.0007910393902270898,0.0007977649553881721,0.005986505192836242,1.250417235178727e-07,1.2484860178727114e-07,1.2523484524847427e-07,0.0021841939068175348,9.201066996102028e-08,9.190476405964101e-08,9.211657586239955e-08,0.001627784713765932,388.15319682998756,386.28237201588115,390.0240216440939,0.006816241232948597,35.125,35.12,35.13,0.00020131153912794568,1923.7875,1921.35,1926.225,0.0017918536004025492
all_gather,4gpu,4,Ring,LL128,Ring/LL128,1048576,ip,2,RING/LL128[0-7],136.22500000000002,136.02,136.43,0.00212819805679194,7.7,7.69,7.71,0.0018366409900948894,5.77,5.76,5.78,0.0024509767112185924,0.06147512664640325,0.0614436676798379,0.061506585612968595,0.0007237024078185939,0.04747236960742132,0.04743920697956981,0.04750553223527283,0.0009879228372077235,0.06131900396827332,0.06131345387996425,0.06132455405658238,0.00012800289716233937,5.862724938049626e-08,5.859724777206221e-08,5.8657250988930316e-08,0.0007237024078185939,4.527317963354237e-08,4.5241553287095844e-08,4.530480597998889e-08,0.0009879228372077235,0.01705691930696871,0.01704819068641178,0.017065647927525643,0.000723702407818638,0.0220881434900392,0.022072713443286776,0.022103573536791626,0.000987922837207712,8.374455576494428e-06,8.357567677811552e-06,8.391343475177304e-06,0.002851898268389106,6.46691675143226e-06,6.4617024946418115e-06,6.472131008222709e-06,0.0011402764182970606,450.13128632988094,449.49464235565773,450.76793030410414,0.002000195432071648,36.22222222222222,35.69444444444444,36.75,0.02060587245789022,1935.0,1931.25,1938.75,0.0027407239580873937
all_gather,4gpu,4,Ring,LL128,Ring/LL128,1048576,oop,2,RING/LL128[0-7],136.10500000000002,135.74,136.47,0.0037925715459841474,7.705,7.68,7.73,0.004588622850010108,5.775,5.76,5.79,0.003673281980189887,0.0606291286727457,0.060474012158054716,0.06078424518743667,0.003618192832822902,0.04656406417929629,0.046529838673667626,0.04659828968492495,0.001039474863121003,0.060155474033190326,0.06011539485565465,0.060195553210726,0.00094223372603528,5.7820442841287324e-08,5.767251220517608e-08,5.796837347739856e-08,0.003618192832822902,4.440695207528714e-08,4.437431208960307e-08,4.4439592060971213e-08,0.001039474863121003,0.017295034360900262,0.017250785902935373,0.017339282818865147,0.0036181928328231,0.02251900870293678,0.022502456787362,0.022535560618511554,0.001039474863120956,8.251984175531914e-06,8.208742410334347e-06,8.295225940729482e-06,0.007410713532955972,6.337614447432676e-06,6.315960301563644e-06,6.359268593301708e-06,0.004832036884477269,441.9823970143466,440.5026368846973,443.46215714399585,0.004734796812147772,35.665740740740745,34.98148148148148,36.35,0.027132163934518512,1926.6963383838383,1924.2954545454545,1929.0972222222222,0.0017622717281815712
all_gather,4gpu,4,Ring,LL128,Ring/LL128,67108864,ip,2,RING/LL128[0-7],8040.0,8028.16,8051.839999999999,0.002082622957524504,8.344999999999999,8.33,8.36,0.0025420255764644667,6.26,6.25,6.27,0.0022591270964425958,3.6801920415224916,3.642038062283737,3.718346020761246,0.014661700881138167,2.855975863730321,2.815673306110007,2.8962784213506354,0.01995689960437055,3.6807930507106157,3.6375149811814813,3.7240711202397505,0.016628055975494677,5.4839134835041934e-08,5.427059624021854e-08,5.540767342986533e-08,0.014661700881138167,4.25573567111838e-08,4.195680180355917e-08,4.315791161880844e-08,0.01995689960437055,0.018237112917599874,0.018048041689853547,0.018426184145346202,0.014661700881138091,0.023502380220016626,0.023170722643683132,0.023834037796350117,0.01995689960437049,0.029589195756955018,0.029238864290103805,0.029939527223806228,0.016744068200318957,0.022962523126674003,0.022604675809180113,0.023320370444167897,0.022039064560410736,457.80314677821934,453.0944800778113,462.51181347862735,0.014545684876293699,36.35274051803885,36.04787234042553,36.65760869565217,0.011860143289686414,1936.875,1935.0,1938.75,0.0013690353943592401
all_gather,4gpu,4,Ring,LL128,Ring/LL128,67108864,oop,2,RING/LL128[0-7],8053.475,8023.59,8083.36,0.005247892656464396,8.33,8.3,8.36,0.005093206106985828,6.25,6.23,6.27,0.004525483399593808,3.6336297577854673,3.6221418685121107,3.645117647058824,0.004471101872338973,2.802543057349384,2.7900637030207758,2.8150224116779916,0.006297306332152645,3.6101357652636192,3.598104820076132,3.622166710451107,0.00471293240991715,5.4145302739522863e-08,5.3974119849683504e-08,5.431648562936222e-08,0.004471101872338973,4.1761145850261806e-08,4.1575188979816076e-08,4.194710272070753e-08,0.006297306332152645,0.01846900737237797,0.018410616747623735,0.018527397997132208,0.004471101872338854,0.02394617791409117,0.0238395487444796,0.024052807083702735,0.006297306332152577,0.02926300309801038,0.02924692950176471,0.029279076694256053,0.0007767998974884009,0.022569837503282716,0.022553089334450018,0.022586585672115418,0.0010494310162699994,448.282278580538,445.12490104067274,451.4396561204033,0.009960701887543971,35.829787234042556,35.505319148936174,36.15425531914893,0.012806862723390376,1925.5452127659576,1921.3563829787236,1929.7340425531916,0.0030764792518526824
all_gather,4gpu,4,Ring,default,Ring/auto,4096,ip,2,RING/LL[0-0],8.52,8.51,8.53,0.0016598750732078227,0.48,0.48,0.48,0.0,0.36,0.36,0.36,0.0,0.0033423261711167857,0.0033405489726795806,0.003344103369553991,0.0007519727292456326,0.0024684543679169366,0.002467721719565578,0.0024691870162682956,0.00041974494177754673,0.0033410973029770765,0.003338252136110696,0.003343942469843457,0.0012042970332126017,8.15997600370309e-07,8.155637140331007e-07,8.164314867075173e-07,0.0007519727292456326,6.026499921672209e-07,6.02471122940815e-07,6.028288613936269e-07,0.00041974494177754673,0.0012254941464016084,0.0012248425205068619,0.001226145772296355,0.0007519727292455835,0.0016593380919109673,0.001658845592907062,0.001659830590914873,0.0004197449417775414,2.8476601205930643e-08,2.8458319674904462e-08,2.849488273695682e-08,0.0009079029105756746,2.1031223888168788e-08,2.1012781508443194e-08,2.1049666267894382e-08,0.001240130563444857,392.14850294093503,391.3542949719456,392.9427109099245,0.00286416924370824,35.30989583333333,35.119791666666664,35.5,0.007613953097812271,1935.0,1935.0,1935.0,0.0
all_gather,4gpu,4,Ring,default,Ring/auto,4096,oop,2,RING/LL[0-0],8.555,8.54,8.569999999999999,0.002479626351326239,0.48,0.48,0.48,0.0,0.36,0.36,0.36,0.0,0.003321206358025351,0.0032988364514440183,0.003343576264606684,0.009525401876909943,0.0024353442103082924,0.002412174195144805,0.0024585142254717795,0.0134549151392632,0.0032884971024540314,0.0032664537358327076,0.0033105404690753552,0.00947971887005009,8.108413960022829e-07,8.053799930283248e-07,8.163027989762412e-07,0.009525401876909943,5.945664575947979e-07,5.889097156115246e-07,6.002231995780712e-07,0.0134549151392632,0.0012333427642313762,0.001225035613321602,0.0012416499151411506,0.009525401876909914,0.0016820500261829582,0.0016660468983920535,0.0016980531539738627,0.013454915139263154,2.84132559415056e-08,2.8172063295331916e-08,2.8654448587679278e-08,0.012004886453903518,2.083471726941489e-08,2.059996762653663e-08,2.1069466912293148e-08,0.015934275681677965,384.3914157960059,382.4887278492632,386.2941037427486,0.007000174792340578,35.0204081632653,34.78061224489795,35.26020408163265,0.009683571886878805,1923.0229591836737,1921.0714285714287,1924.9744897959185,0.0014351784236599204
all_gather,4gpu,4,Ring,default,Ring/auto,1048576,ip,2,RING/SIMPLE[0-7],99.93,99.83,100.03,0.001415204205316837,10.49,10.48,10.5,0.0013481540156082602,7.87,7.86,7.88,0.0017969676777294344,0.04332172707546411,0.04327826890621232,0.0433651852447159,0.001418667640944403,0.03306726535848221,0.03300222966199387,0.033132301054970545,0.002781432423125794,0.04328502763369617,0.043259826933486366,0.04331022833390598,0.0008233602695048884,4.131481845423137e-08,4.12733735143779e-08,4.1356263394084836e-08,0.001418667640944403,3.153540168617459e-08,3.147337881278407e-08,3.159742455956511e-08,0.002781432423125794,0.02420441487399378,0.024180134227093385,0.024228695520894173,0.0014186676409444563,0.03171051626834155,0.03164814898489193,0.03177288355179118,0.002781432423125778,4.329135840834204e-06,4.3291252386884185e-06,4.329146442979989e-06,3.463439104428704e-06,3.304405323703478e-06,3.3012130330892468e-06,3.3075976143177093e-06,0.001366230906752796,433.1536651761396,432.9723916215733,433.33493873070586,0.0005918442806271943,35.335,35.2,35.47,0.005403108275657705,1936.875,1935.0,1938.75,0.0013690353943592401
all_gather,4gpu,4,Ring,default,Ring/auto,1048576,oop,2,RING/SIMPLE[0-7],100.31,100.28,100.34,0.0004229529146764476,10.455,10.45,10.46,0.0006763336022827911,7.84,7.84,7.84,0.0,0.042929900345575825,0.042717672586996706,0.04314212810415494,0.006991289802180104,0.03257082454310899,0.03232930640984784,0.03281234267637013,0.010486631038918753,0.04262189905811177,0.042418031232343764,0.042825766883879776,0.006764425107842719,4.094114336545546e-08,4.073874720287009e-08,4.114353952804083e-08,0.006991289802180104,3.106195883093737e-08,3.0831629190299834e-08,3.1292288471574905e-08,0.010486631038918753,0.024425904052977995,0.024305152436349415,0.024546655669606576,0.006991289802180109,0.032195490090686577,0.031956755125416084,0.03243422505595706,0.010486631038918783,4.306291936831953e-06,4.286291267379249e-06,4.326292606284657e-06,0.006568346598759408,3.2671721643752645e-06,3.2439226051641322e-06,3.2904217235863963e-06,0.010063700442264983,424.9024408508841,422.7429861704581,427.06189553131014,0.007187367740869934,34.927499999999995,34.754999999999995,35.1,0.006984520492716718,1927.125,1923.75,1930.5,0.0024767312826148775
all_gather,4gpu,4,Ring,default,Ring/auto,67108864,ip,2,RING/SIMPLE[0-7],5379.179999999999,5368.28,5390.079999999999,0.002865664995383353,12.475,12.45,12.5,0.0028340953153769845,9.36,9.34,9.38,0.003021823851224632,2.3880692771084338,2.379881526104418,2.39625702811245,0.004848782498150126,1.8363635802031881,1.8268125931327763,1.8459145672735997,0.007355371014018781,2.387303780190561,2.374801482315237,2.399806078065885,0.0074062293047181755,3.558500524026802e-08,3.546299824274209e-08,3.570701223779395e-08,0.004848782498150126,2.7363949719118895e-08,2.7221628921222334e-08,2.7506270517015453e-08,0.007355371014018781,0.028102054467380906,0.028005703567142864,0.028198405367618952,0.0048487824981501585,0.03654542058942724,0.03635534666109669,0.03673549451775779,0.0073553710140187144,0.012845943740522088,0.012775870398955823,0.012916017082088354,0.007714393897834944,0.00987823434911645,0.00980684150746282,0.009949627190770083,0.010220928290889447,443.8015178230287,442.3766052283482,445.22643041770914,0.00454061249379712,35.9212962962963,35.5,36.342592592592595,0.016586342850361136,1938.75,1938.75,1938.75,0.0
all_gather,4gpu,4,Ring,default,Ring/auto,67108864,oop,2,RING/SIMPLE[0-7],5359.179999999999,5356.169999999999,5362.19,0.0007942974154149191,12.524999999999999,12.52,12.53,0.0005645563123245768,9.395,9.39,9.4,0.0007526415978568733,2.3957961847389555,2.3903032128514052,2.401289156626506,0.0032424441572246956,1.8425530109030162,1.8374344863757586,1.8476715354302737,0.003928617935523822,2.3794655082305676,2.3782489457866776,2.380682070674457,0.0007230527619213494,3.5700145136400394e-08,3.5618293476870734e-08,3.578199679593006e-08,0.0032424441572246956,2.7456179423675182e-08,2.7379907464619854e-08,2.753245138273051e-08,0.003928617935523822,0.02801123785152541,0.027947014966860168,0.028075460736190654,0.0032424441572246943,0.03642195447691088,0.03632077602168187,0.03652313293213988,0.003928617935523615,0.012839519531174697,0.01280287035957831,0.012876168702771083,0.004036736374402798,0.009874588651730052,0.009841611472891245,0.009907565830568859,0.004722907982042622,443.99832476786446,443.52194640374137,444.4747031319875,0.0015173497416148525,35.4212962962963,34.93055555555556,35.91203703703704,0.01959307771684067,1927.5347222222222,1925.9722222222222,1929.0972222222222,0.0011463911211209857
all_gather,4gpu,4,default,LL128,auto/LL128,4096,ip,2,RING/LL128[0-0],17.505000000000003,17.48,17.53,0.002019728023954749,0.23,0.23,0.23,0.0,0.18,0.18,0.18,0.0,0.006873097998122558,0.006845009132519775,0.0069011868637253405,0.005779585086373215,0.005078292430184768,0.005043068104747449,0.005113516755622087,0.009809344271473475,0.0068730310274439125,0.006845914202715737,0.006900147852172088,0.005579631627727661,1.67800244094789e-06,1.6711448077440856e-06,1.6848600741516945e-06,0.005779585086373215,1.239817487838078e-06,1.2312177990106077e-06,1.2484171766655485e-06,0.009809344271473475,0.0005959566432549041,0.0005935210972955646,0.0005983921892142438,0.005779585086373158,0.0008066091370240174,0.0008010142912891853,0.0008122039827588493,0.009809344271473407,1.2031287823549528e-07,1.1999301009307165e-07,1.2063274637791894e-07,0.0037598790073093543,8.889462838224842e-08,8.840498387622278e-08,8.938427288827408e-08,0.007789693413029944,392.63546263294927,390.52562479838775,394.7453004675108,0.007599316832046104,35.1328125,34.26041666666667,36.005208333333336,0.0351168588981533,1936.875,1935.0,1938.75,0.0013690353943592401
all_gather,4gpu,4,default,LL128,auto/LL128,4096,oop,2,RING/LL128[0-0],17.875,17.82,17.93,0.004351426345763347,0.23,0.23,0.23,0.0,0.17,0.17,0.17,0.0,0.006947679030133677,0.006908412833555279,0.006986945226712075,0.007992710587683872,0.005095622757238728,0.0050664536675174,0.005124791846960054,0.008095442745909252,0.00687519670078212,0.006834182050465508,0.006916211351098731,0.008436627671633537,1.6962107007162297e-06,1.6866242269422067e-06,1.7057971744902527e-06,0.007992710587683872,1.2440485247164862e-06,1.2369271649212403e-06,1.251169884511732e-06,0.008095442745909252,0.0005895682312989232,0.0005862361686106277,0.0005929002939872187,0.007992710587683726,0.0008038535067579563,0.0007992519739957209,0.0008084550395201917,0.00809544274590926,1.241919223044513e-07,1.2310791669395507e-07,1.252759279149475e-07,0.012343922274543418,9.108586108557693e-08,9.028420435516007e-08,9.188751781599377e-08,0.012446649864330066,384.62297017617766,383.511899577189,385.73404077516625,0.004085276313902855,34.76,33.86,35.66,0.0366165767012596,1924.65,1921.65,1927.65,0.0022043699826562154
all_gather,4gpu,4,default,LL128,auto/LL128,1048576,ip,2,RING/LL128[0-7],134.97,133.82,136.12,0.012049682127354727,7.77,7.7,7.84,0.012740662724081909,5.83,5.78,5.88,0.012128761255343826,0.061090509272228144,0.06025939828561825,0.06192162025883803,0.019239787703575675,0.04726125912057218,0.046583785435276796,0.04793873280586755,0.020272258753228186,0.06113252118554103,0.0602947610419614,0.061970281329120656,0.0193803843533638,5.826044966910185e-08,5.746784046708894e-08,5.905305887111476e-08,0.019239787703575675,4.507184898431032e-08,4.4425759730603024e-08,4.571793823801761e-08,0.020272258753228186,0.01716748024875915,0.01693392381557292,0.017401036681945384,0.019239787703575612,0.02219135773234602,0.02187325234995902,0.022509463114733015,0.02027225875322829,8.246341814107233e-06,8.063912678581434e-06,8.428770949633033e-06,0.03128584328037779,6.379631238241715e-06,6.233842166948741e-06,6.5254203095346905e-06,0.03231799365336475,452.9141364101486,450.5661413986056,455.2621314216916,0.0073315582861415525,36.596354166666664,36.19270833333333,37.0,0.015598313681621791,1936.875,1935.0,1938.75,0.0013690353943592401
all_gather,4gpu,4,default,LL128,auto/LL128,1048576,oop,2,RING/LL128[0-7],135.715,134.53,136.9,0.012348252377497851,7.725,7.66,7.79,0.011899531592783315,5.795,5.74,5.85,0.013422216726578055,0.06070211216314639,0.06033598520925541,0.06106823911703736,0.008529879526289728,0.04666610737758529,0.0464783658345575,0.046853848920613075,0.005689496109510039,0.06017997040890147,0.05989457422891089,0.06046536658889205,0.006706735574141356,5.7890045321604145e-08,5.754087944913427e-08,5.823921119407402e-08,0.008529879526289728,4.450426805265931e-08,4.432522376495123e-08,4.468331234036739e-08,0.005689496109510039,0.0172747555333606,0.017170562229416878,0.01737894883730432,0.008529879526289749,0.022470118692025077,0.022379719578143026,0.022560517805907128,0.005689496109510085,8.238621012661772e-06,8.11700009020113e-06,8.360241935122414e-06,0.020877032424215937,6.333513236477476e-06,6.252734555723021e-06,6.4142919172319294e-06,0.018037114885243673,443.44447351840324,441.67543162083314,445.2135154159733,0.005641750418265188,36.25260416666667,35.880208333333336,36.625,0.014527156053397883,1925.73125,1924.275,1927.1875,0.0010694371295089879
all_gather,4gpu,4,default,LL128,auto/LL128,67108864,ip,2,RING/LL128[0-7],8084.535,8064.789999999999,8104.28,0.003453958302989257,8.3,8.28,8.32,0.003407743523790669,6.225,6.21,6.24,0.003407743523790619,3.6759725609756098,3.653149390243902,3.698795731707317,0.008780489258214447,2.8464007750555202,2.822481073594603,2.870320476516438,0.011884330031945367,3.6730250194719964,3.6462708659871534,3.69977917295684,0.010301069692554312,5.4776259675258543e-08,5.443616792923066e-08,5.511635142128642e-08,0.008780489258214447,4.241467677139521e-08,4.205824544421737e-08,4.2771108098573057e-08,0.011884330031945367,0.018256787811190223,0.018143436098598344,0.018370139523782105,0.008780489258214372,0.023578409639371703,0.023380268701370454,0.023776550577372955,0.011884330031945374,0.029718979471753046,0.029461882670945114,0.029976076272560975,0.0122342620442566,0.023012298984468826,0.022762717137515015,0.023261880831422638,0.015337973538516203,454.3219351958138,452.12223331136386,456.52163708026376,0.006847233200012657,36.50235849056604,36.14150943396226,36.86320754716981,0.013980401566394181,1936.875,1935.0,1938.75,0.0013690353943592401
all_gather,4gpu,4,default,LL128,auto/LL128,67108864,oop,2,RING/LL128[0-7],8090.83,8086.699999999999,8094.96,0.0007218915751043688,8.295,8.29,8.3,0.0008524494046855432,6.22,6.22,6.22,0.0,3.685876524390244,3.6698993902439025,3.7018536585365855,0.006130178167416594,2.849947603525373,2.833833715892842,2.8660614911579034,0.007996104350933208,3.657715006335273,3.6492294800350176,3.666200532635528,0.003280831436268156,5.492384023055798e-08,5.4685762379227617e-08,5.516191808188834e-08,0.006130178167416594,4.2467528634151414e-08,4.2227412997079524e-08,4.27076442712233e-08,0.007996104350933208,0.018207371984504013,0.018128448661184904,0.01828629530782312,0.006130178167416563,0.023548155544427712,0.023415011927356687,0.023681299161498734,0.007996104350933236,0.02982186634539634,0.02967737539908536,0.029966357291707317,0.0068520545812402675,0.023058508119387113,0.022916363110310645,0.02320065312846358,0.008717970764577445,452.081137278593,451.26312093128445,452.89915362590153,0.0025589428914698066,35.89622641509434,35.54245283018868,36.25,0.013937715792113281,1926.802935010482,1922.638888888889,1930.9669811320755,0.0030562806359189384
all_gather,4gpu,4,default,default,auto/auto,4096,ip,2,RING/LL[0-0],8.53,8.53,8.53,0.0,0.48,0.48,0.48,0.0,0.36,0.36,0.36,0.0,0.003339966311256208,0.0033344319799951377,0.0033455006425172785,0.0023433548720817547,0.0024653403459642814,0.0024576349266758916,0.0024730457652526712,0.004420123363190192,0.003339783144599638,0.0033349389635062543,0.003344627325693022,0.0020512429413065457,8.154214627090352e-07,8.140703076160004e-07,8.167726178020699e-07,0.0023433548720817547,6.018897329014359e-07,6.000085270204814e-07,6.037709387823904e-07,0.004420123363190192,0.0012263630421761357,0.0012243309560144092,0.0012283951283378624,0.0023433548720817906,0.0016614501198086752,0.0016562572587820717,0.0016666429808352787,0.0044201233631901435,2.8489912635015456e-08,2.8442704789358524e-08,2.8537120480672385e-08,0.0023433548720817672,2.102935315107532e-08,2.0963625924545354e-08,2.1095080377605283e-08,0.004420123363190168,391.53378014063753,390.9658808330896,392.10167944818545,0.0020512429413065557,35.80612244897959,35.61224489795919,36.0,0.0076574687047844415,1935.0,1935.0,1935.0,0.0
all_gather,4gpu,4,default,default,auto/auto,4096,oop,2,RING/LL[0-0],8.549999999999999,8.54,8.559999999999999,0.0016540509501439358,0.48,0.48,0.48,0.0,0.36,0.36,0.36,0.0,0.003317155211336089,0.0032826798180113225,0.003351630604660855,0.01469800648501872,0.002432499559177539,0.0023977830363531715,0.002467216082001907,0.020183591496006757,0.0032870052596957683,0.0032569407493437848,0.0033170697700477514,0.012935068527945221,8.098523465175998e-07,8.014355024441705e-07,8.182691905910291e-07,0.01469800648501872,5.938719626898289e-07,5.85396249109661e-07,6.023476762699968e-07,0.020183591496006757,0.001234926380921752,0.0012220917168807347,0.001247761044962769,0.014698006485018806,0.0016842076963023145,0.0016601707608344108,0.0017082446317702184,0.02018359149600673,2.8362021810856805e-08,2.8034085645816693e-08,2.8689957975896917e-08,0.0163518586680876,2.0798218396196202e-08,2.0477067130456084e-08,2.111936966193632e-08,0.021837277930787845,384.44147285582005,381.37479500512705,387.50815070651305,0.011281138259257799,35.63,35.36,35.900000000000006,0.010716746052223971,1925.5125,1924.275,1926.75,0.0009088953114750701
all_gather,4gpu,4,default,default,auto/auto,1048576,ip,2,RING/SIMPLE[0-7],100.08,99.6,100.56,0.00678279886030267,10.48,10.43,10.53,0.006747202110558635,7.86,7.82,7.9,0.007197015584595909,0.04368722846295354,0.043309366315707074,0.0440650906102,0.012231899164684213,0.03342996478900723,0.03307106729122113,0.03378886228679333,0.015182717423554301,0.04370340973306462,0.043314114063358104,0.04409270540277113,0.012597351539267701,4.1663387740090883e-08,4.1303030315119813e-08,4.2023745165061953e-08,0.012231899164684213,3.1881298817641475e-08,3.153902749178041e-08,3.222357014350255e-08,0.015182717423554301,0.02400368451826987,0.023796070437610308,0.024211298598929426,0.01223189916468427,0.03136996633859161,0.031033184577210375,0.03170674809997285,0.015182717423554242,4.372399198403068e-06,4.313612885044424e-06,4.431185511761713e-06,0.019013909266124045,3.345843146882781e-06,3.2938783022056246e-06,3.3978079915599372e-06,0.02196438532317738,436.6761381408338,434.880663286728,438.4716129949397,0.005814801102682197,35.95988876319758,35.82843137254902,36.09134615384615,0.005169894321799074,1938.75,1938.75,1938.75,0.0
all_gather,4gpu,4,default,default,auto/auto,1048576,oop,2,RING/SIMPLE[0-7],100.505,100.33,100.68,0.002462438420131314,10.43,10.41,10.45,0.002711818911549501,7.824999999999999,7.81,7.84,0.002710952515731195,0.043607186191240356,0.04358237112998551,0.0436320012524952,0.0008047709389873838,0.033206357329266196,0.03318047778737866,0.03323223687115373,0.001102174465041283,0.04320414256626092,0.043192207377847736,0.043216077754674107,0.0003906779378278005,4.158705348133121e-08,4.156338799475242e-08,4.1610718967910006e-08,0.0008047709389873838,3.166805012632961e-08,3.164336947191111e-08,3.169273078074811e-08,0.001102174465041283,0.024045952769343126,0.02403226920378846,0.024059636334897792,0.0008047709389873627,0.031577586981372724,0.03155297682986202,0.031602197132883425,0.0011021744650413202,4.382744590786332e-06,4.372619295471446e-06,4.392869886101217e-06,0.003267206121809308,3.3374094722977296e-06,3.328997336407701e-06,3.345821608187758e-06,0.003564608047934,429.87208929642486,429.00484086062505,430.7393377322247,0.0028531149855817875,35.68028846153847,35.50480769230769,35.85576923076923,0.006955304861095224,1928.4375,1928.1490384615386,1928.7259615384614,0.00021154236002731097
all_gather,4gpu,4,default,default,auto/auto,67108864,ip,2,RING/SIMPLE[0-7],5383.525,5362.64,5404.409999999999,0.005486340316086785,12.465,12.42,12.51,0.005105464124090588,9.350000000000001,9.31,9.39,0.006050111496783299,2.42207343412527,2.4157408207343414,2.428406047516199,0.0036975211471865234,1.8698573490250943,1.8630840865092517,1.8766306115409368,0.0051227649619432405,2.4209916589489504,2.4098476785878327,2.4321356393100677,0.006509716011311603,3.60917066652368e-08,3.5997343372320255e-08,3.618606995815335e-08,0.0036975211471865234,2.7863045767323587e-08,2.776211629076677e-08,2.7963975243880403e-08,0.0051227649619432405,0.027707385664896896,0.02763494353369763,0.027779827796096158,0.0036975211471865664,0.03589030179555483,0.03576029485360236,0.0360203087375073,0.005122764961943158,0.013039425141079914,0.012954748354902809,0.013124101927257019,0.009183768312957289,0.010066565244497963,0.009991049245677975,0.010142081243317953,0.010608956194442831,449.7025392121536,449.37711250202005,450.0279659222872,0.0010233939702355914,36.1125,35.455,36.769999999999996,0.025748575071244263,1933.125,1931.25,1935.0,0.0013716911371223037
all_gather,4gpu,4,default,default,auto/auto,67108864,oop,2,RING/SIMPLE[0-7],5361.84,5357.59,5366.089999999999,0.0011209599018406015,12.52,12.51,12.53,0.0011295635482212979,9.385000000000002,9.38,9.39,0.000753443560134824,2.386410367170626,2.3711619870410368,2.401658747300216,0.009036361172472255,1.8326475120238352,1.8177843657906574,1.847510658257013,0.011469561301115786,2.369068999216907,2.3600716327831064,2.378066365650707,0.005370969625843254,3.556028555587867e-08,3.5333066985622596e-08,3.578750412613475e-08,0.009036361172472255,2.730857598817103e-08,2.7087097850302717e-08,2.7530054126039343e-08,0.011469561301115786,0.028122407172663542,0.027942714207603102,0.02830210013772398,0.009036361172472142,0.036620942087134026,0.036323938755142095,0.036917945419125964,0.01146956130111573,0.0127956153687257,0.012703713750151188,0.012887516987300214,0.010157269630796875,0.00982642590424137,0.009738943340316367,0.009913908468166375,0.012590440265825526,441.83775643880176,440.50993689011415,443.16557598748943,0.0042500225179336396,35.67,34.935,36.405,0.029140649519041883,1922.8875,1921.125,1924.65,0.001296254410974456
all_reduce,2gpu_nvlink,2,Ring,LL128,Ring/LL128,4096,ip,2,RING/LL128[0-0],14.774999999999999,14.719999999999999,14.829999999999998,0.005264415968224693,0.28,0.28,0.28,0.0,0.28,0.28,0.28,0.0,0.0029436394189203997,0.002915711798156424,0.0029715670396843756,0.013417275157876657,0.0022056691434966433,0.0021806090036644078,0.002230729283328879,0.01606786300212287,0.0029435705398144192,0.002915719073424235,0.0029714220062046033,0.01338100139548898,7.186619675098632e-07,7.118437007217832e-07,7.254802342979433e-07,0.013417275157876657,5.384934432364852e-07,5.323752450352558e-07,5.446116414377146e-07,0.01606786300212287,0.001391600035833856,0.0013783973052935248,0.0014048027663741873,0.013417275157876718,0.0018572725765528062,0.0018361708122142054,0.001878374340891407,0.016067863002122835,4.3493808433690925e-08,4.291927766886256e-08,4.4068339198519284e-08,0.018681031367018125,3.259013990285368e-08,3.2098564533940084e-08,3.308171527176727e-08,0.021331376782009043,199.22217603448954,198.07874140110292,200.36561066787615,0.008116871316286179,37.38265306122449,37.265306122448976,37.5,0.0044393219509460445,1923.75,1920.0,1927.5,0.0027567515835732847
all_reduce,2gpu_nvlink,2,Ring,LL128,Ring/LL128,4096,oop,2,RING/LL128[0-0],14.794999999999998,14.74,14.849999999999998,0.005257299488375706,0.28,0.28,0.28,0.0,0.28,0.28,0.28,0.0,0.002938433812695591,0.0029375388137306236,0.002939328811660558,0.00043074636192173187,0.002192580763143279,0.002187955182060719,0.002197206344225839,0.002983497625617565,0.0029112636312465107,0.0029070381583032197,0.002915489104189802,0.002052621095425935,7.173910675526345e-07,7.17172561945953e-07,7.176095731593159e-07,0.00043074636192173187,5.352980378767771e-07,5.341687456202927e-07,5.364273301332615e-07,0.002983497625617565,0.0013939399833659814,0.0013935154120052282,0.0013943645547267343,0.00043074636192174466,0.001868126501295051,0.0018641854056011202,0.0018720675969889815,0.002983497625617532,4.347407903388819e-08,4.332570668387662e-08,4.3622451383899757e-08,0.004826558591476189,3.243897798374527e-08,3.2386821513888864e-08,3.2491134453601674e-08,0.0022738196953489614,196.7772607362819,195.76014534028417,197.79437613227967,0.0073098811424468675,37.20918367346939,36.9795918367347,37.43877551020408,0.008726122351129658,1915.4846938775509,1912.6530612244896,1918.3163265306123,0.0020906109635944817
all_reduce,2gpu_nvlink,2,Ring,LL128,Ring/LL128,1048576,ip,2,RING/LL128[0-3],49.18,49.17,49.19,0.0002875586747403037,21.325,21.32,21.33,0.0003315858293957359,21.325,21.32,21.33,0.0003315858293957359,0.011827084399984245,0.011826434563427985,0.011827734236540505,7.770365375850152e-05,0.009370381664200924,0.00936893771148086,0.00937182561692099,0.0002179268244690235,0.01182536835782376,0.011824926368293801,0.01182581034735372,5.2858191709657705e-05,1.1279186630233999e-08,1.1278566897800431e-08,1.1279806362667566e-08,7.770365375850152e-05,8.936292328072475e-09,8.934915267449245e-09,8.937669388695708e-09,0.0002179268244690235,0.08865887548472835,0.08865400414227585,0.08866374682718085,7.770365375857469e-05,0.11190323537253252,0.11188599135976007,0.11192047938530499,0.00021792682446899537,5.816560042928596e-07,5.815696924106967e-07,5.817423161750225e-07,0.00020985502332624686,4.6083535580587427e-07,4.6081266558400506e-07,4.608580460277434e-07,6.963185245309468e-05,240.45077138298888,240.39289221983742,240.50865054614033,0.00034041686386281794,37.51,37.5,37.519999999999996,0.00037702307714551153,1927.5,1927.5,1927.5,0.0
all_reduce,2gpu_nvlink,2,Ring,LL128,Ring/LL128,1048576,oop,2,RING/LL128[0-3],49.3,49.279999999999994,49.31999999999999,0.0005737174695225416,21.270000000000003,21.26,21.28,0.0006648864891269698,21.270000000000003,21.26,21.28,0.0006648864891269698,0.011952502855342443,0.011951025954078215,0.011953979756606671,0.00017474614509079573,0.009471735741095902,0.009467644029848859,0.009475827452342944,0.0006109285243015573,0.01186372639629931,0.011856199581311904,0.011871253211286719,0.000897232748049961,1.1398794989912456e-08,1.1397386507108893e-08,1.1400203472716018e-08,0.00017474614509079573,9.03295110807028e-09,9.029048948143824e-09,9.036853267996734e-09,0.0006109285243015573,0.08772857272659731,0.08771773261707907,0.08773941283611554,0.00017474614509084302,0.11070581193818695,0.1106579879460273,0.1107536359303466,0.0006109285243015319,5.892583612303571e-07,5.890921224055768e-07,5.894246000551375e-07,0.00039897134443115723,4.669564902018029e-07,4.6694420355214565e-07,4.6696877685146024e-07,3.7211061300304466e-05,240.6436389910312,240.39334106471827,240.89393691734415,0.0014709498389808367,37.371274509803925,37.370000000000005,37.372549019607845,4.823033395901097e-05,1919.3382352941176,1918.6764705882354,1920.0,0.0004876038026800449
all_reduce,2gpu_nvlink,2,Ring,LL128,Ring/LL128,67108864,ip,2,RING/LL128[0-3],1850.275,1849.12,1851.43,0.0008827967002424218,36.269999999999996,36.25,36.29,0.0007798255099934189,36.269999999999996,36.25,36.29,0.0007798255099934189,0.5266920863309352,0.5260064748201438,0.5273776978417266,0.0018409258886624997,0.4342608033560186,0.43351972828515956,0.43500187842687754,0.0024133847859305426,0.5265929664349962,0.525992611864781,0.5271933210052115,0.0016123070939952223,7.848323677941192e-09,7.838107270302532e-09,7.858540085579851e-09,0.0018409258886624997,6.470990230977812e-09,6.4599473518902e-09,6.4820331100654236e-09,0.0024133847859305426,0.1274159598332545,0.12725009850556915,0.12758182116093983,0.0018409258886624776,0.15453630380005012,0.15427258439133568,0.15480002320876454,0.0024133847859304338,0.0009745244081546761,0.0009738641676762589,0.0009751846486330935,0.0009581299669789381,0.0008035010519878503,0.000802631430538993,0.0008043706734367078,0.001530589716170372,284.6028543812828,284.10072855294607,285.1049802096195,0.0024951020185492202,39.08653846153847,38.88461538461539,39.28846153846154,0.00730590032222262,1920.0,1920.0,1920.0,0.0
all_reduce,2gpu_nvlink,2,Ring,LL128,Ring/LL128,67108864,oop,2,RING/LL128[0-3],1851.4999999999998,1849.6599999999999,1853.3399999999997,0.0014054296272030134,36.245000000000005,36.21,36.28,0.001365635941041758,36.245000000000005,36.21,36.28,0.001365635941041758,0.5273492805755395,0.5261827338129497,0.5285158273381294,0.0031283748998320784,0.43419507311329897,0.4329617496987127,0.43542839652788523,0.004017048574950229,0.5235042221995659,0.5225631347724753,0.5244453096266566,0.0025422881924017054,7.85811663531571e-09,7.840733733966197e-09,7.875499536665222e-09,0.0031283748998320784,6.4700107740357364e-09,6.45163282303084e-09,6.488388725040633e-09,0.004017048574950229,0.12725757834829154,0.12697607248205578,0.12753908421452734,0.0031283748998321994,0.1545604950795097,0.15412146873085775,0.15499952142816167,0.004017048574950226,0.0009763850465395682,0.000975195507884892,0.0009775745851942443,0.0017229490602833663,0.0008039099085541901,0.000802425329186612,0.0008053944879217682,0.0026116263199493033,282.74678610014803,281.95751172071795,283.53606047957817,0.003947710767005203,38.47115384615385,38.30769230769231,38.63461538461539,0.006008905413732281,1913.1490384615386,1909.6153846153848,1916.6826923076924,0.0026121023994979445
all_reduce,2gpu_nvlink,2,Ring,default,Ring/auto,4096,ip,2,RING/LL[0-0],6.415,6.39,6.44,0.00551135449093186,0.64,0.64,0.64,0.0,0.64,0.64,0.64,0.0,0.0012766224193471367,0.001272738079105716,0.0012805067595885572,0.00430298463119419,0.0009563511278784754,0.0009536280661321044,0.0009590741896248464,0.0040267541289359466,0.0012771499999792595,0.0012730932753107027,0.0012812067246478162,0.004492091802199881,3.1167539534842205e-07,3.1072707009416893e-07,3.126237206026751e-07,0.00430298463119419,2.334841620797059e-07,2.328193520830333e-07,2.3414897207637851e-07,0.0040267541289359466,0.003208495995669359,0.0031987336024029236,0.003218258388935795,0.0043029846311941075,0.004282980475132864,0.004270785351446274,0.004295175598819454,0.004026754128935882,8.189629928617917e-09,8.132796325485524e-09,8.246463531750309e-09,0.00981422274863687,6.135060561884079e-09,6.093683342584147e-09,6.176437781184011e-09,0.009538002782042497,199.08863402031113,198.94514357885345,199.23212446176882,0.001019275306091356,37.5,37.5,37.5,0.0,1923.75,1920.0,1927.5,0.0027567515835732847
all_reduce,2gpu_nvlink,2,Ring,default,Ring/auto,4096,oop,2,RING/LL[0-0],6.42,6.3999999999999995,6.44,0.004405649727019089,0.64,0.64,0.64,0.0,0.64,0.64,0.64,0.0,0.0012692953041848305,0.0012632807689473096,0.0012753098394223514,0.006701228056410075,0.0009472027360194566,0.000941682140794431,0.0009527233312444823,0.00824248108954263,0.001263629857645205,0.0012558172115577678,0.0012714425037326422,0.008743660169176671,3.098865488732496e-07,3.0841815648127675e-07,3.113549412652225e-07,0.006701228056410075,2.3125066797350015e-07,2.2990286640489039e-07,2.3259846954210994e-07,0.00824248108954263,0.003227059894561354,0.003211768523526231,0.003242351265596477,0.0067012280564100754,0.004324458732010246,0.004299254427462855,0.004349663036557636,0.00824248108954263,8.148996143571361e-09,8.08499692126278e-09,8.212995365879944e-09,0.011106713830209386,6.081151977149412e-09,6.026765701084358e-09,6.135538253214466e-09,0.01264790117187972,196.82519975641662,196.22143930590124,197.428960206932,0.004338093997110274,37.408922558922555,37.336363636363636,37.48148148148148,0.0027430304145322805,1921.2954545454545,1920.0,1922.590909090909,0.0009535490146949129
all_reduce,2gpu_nvlink,2,Ring,default,Ring/auto,1048576,ip,2,RING/SIMPLE[0-3],49.59,49.58,49.6,0.0002851811983007292,21.145,21.14,21.15,0.0003344085037533255,21.145,21.14,21.15,0.0003344085037533255,0.011378909785778941,0.011375560695967013,0.011382258875590868,0.0004162374359934613,0.008901827250919772,0.008898307659256687,0.008905346842582856,0.0005591497255167435,0.011377722352604897,0.011374320630984919,0.011381124074224872,0.00042282283758552047,1.085177401140112e-08,1.0848580070464147e-08,1.0854967952338093e-08,0.0004162374359934613,8.489444018287441e-09,8.48608747411412e-09,8.492800562460762e-09,0.0005591497255167435,0.09215083963010898,0.09212371739748952,0.09217796186272845,0.0004162374359934732,0.11779336245931926,0.11774678948898491,0.1178399354296536,0.0005591497255167782,5.642801027858796e-07,5.642278105199638e-07,5.643323950517952e-07,0.00013105624547124514,4.414415781771948e-07,4.4135605989913164e-07,4.4152709645525793e-07,0.00027396854905939146,229.43584394514443,229.32098046340562,229.55070742688326,0.0007080039932002755,38.75,38.5,39.0,0.009123958466923194,1920.0,1920.0,1920.0,0.0
all_reduce,2gpu_nvlink,2,Ring,default,Ring/auto,1048576,oop,2,RING/SIMPLE[0-3],49.87,49.74,49.99999999999999,0.0036865402668637645,21.025,20.97,21.08,0.003699488510369552,21.025,20.97,21.08,0.003699488510369552,0.011471296389419693,0.01136409534345771,0.011578497435381675,0.013216045332055708,0.008960439144399108,0.008860792192557533,0.00906008609624068,0.015727138868141075,0.011379687434642162,0.011276350099210835,0.011483024770073487,0.012842273753635367,1.093988074247331e-08,1.083764585824748e-08,1.1042115626699138e-08,0.013216045332055708,8.545340675734623e-09,8.450309937055143e-09,8.640371414414101e-09,0.015727138868141075,0.09141665828877577,0.09056235542236699,0.09227096115518456,0.013216045332055807,0.11703731011976648,0.11573576551718286,0.1183388547223501,0.015727138868141078,5.720874870763351e-07,5.652501023835864e-07,5.789248717690837e-07,0.016902173849429176,4.468700542349229e-07,4.4073580365781175e-07,4.53004304812034e-07,0.019413116361081915,228.1831839613987,226.7058725213276,229.66049540146977,0.009155950224407843,38.629999999999995,38.349999999999994,38.91,0.01025057720591427,1909.8000000000002,1906.8,1912.8000000000002,0.002221510465556312
all_reduce,2gpu_nvlink,2,Ring,default,Ring/auto,67108864,ip,2,RING/SIMPLE[0-3],1639.1599999999999,1638.6099999999997,1639.71,0.0004745219864476071,40.94,40.93,40.95,0.000345435652753619,40.94,40.93,40.95,0.000345435652753619,0.465082530507386,0.4650642260757868,0.46510083493898524,5.565974578944978e-05,0.38320986544395186,0.3831912041372971,0.38322852675060665,6.886845914624618e-05,0.46506485453118024,0.4650365457100431,0.4650931633523174,8.608416309438964e-05,6.930269755533129e-09,6.929996998247307e-09,6.930542512818951e-09,5.565974578944978e-05,5.710271976052997e-09,5.709993900914447e-09,5.710550051191548e-09,6.886845914624618e-05,0.1442945277491693,0.14428884869407674,0.1443002068042618,5.56597457894581e-05,0.1751230075493958,0.17511447952222092,0.17513153557657066,6.886845914624741e-05,0.0007623446907739243,0.0007620588914900449,0.0007626304900578035,0.0005301817252354845,0.0006281422727773895,0.0006279620962188115,0.0006283224493359675,0.00040565353392958616,283.7214777032712,283.6435487691832,283.7994066373592,0.0003884378312867065,39.495098039215684,39.205882352941174,39.78431372549019,0.010356038249970532,1920.0,1920.0,1920.0,0.0
all_reduce,2gpu_nvlink,2,Ring,default,Ring/auto,67108864,oop,2,RING/SIMPLE[0-3],1639.57,1639.28,1639.86,0.0002501399349147314,40.93,40.92,40.94,0.00034552004944363884,40.93,40.92,40.94,0.00034552004944363884,0.4600578034682081,0.45802247912652544,0.46209312780989087,0.006256568774916335,0.37761178200557133,0.37561503249591705,0.37960853151522556,0.007478130640460821,0.456954514777244,0.4551287131911931,0.458780316363295,0.005650613533065326,6.855395487967255e-09,6.825066791870079e-09,6.885724184064431e-09,0.006256568774916335,5.62685403236108e-09,5.5971001460539854e-09,5.656607918668174e-09,0.007478130640460821,0.14587335981778995,0.14522800699950936,0.14651871263607055,0.006256568774916343,0.17772416989128265,0.1767843934701145,0.17866394631245083,0.007478130640460905,0.0007542975630764291,0.0007508270895825305,0.0007577680365703276,0.006506703618277971,0.0006191215284802323,0.0006157382104699068,0.0006225048464905577,0.007728263347211635,278.70368824339414,277.6393985110494,279.7679779757388,0.005400477414787018,38.99509803921569,38.69607843137255,39.294117647058826,0.010844378039567474,1910.5882352941176,1909.4117647058824,1911.764705882353,0.0008708211590966987
all_reduce,2gpu_nvlink,2,Tree,LL128,Tree/LL128,4096,ip,2,TREE/LL128[0-0],15.12,15.09,15.149999999999999,0.002805979290422748,0.27,0.27,0.27,0.0,0.27,0.27,0.27,0.0,0.003057813174236881,0.003021500534699161,0.0030941258137746007,0.016794298537426137,0.0023026126967676114,0.00226767088144872,0.002337554512086503,0.02146048668422658,0.003057747074655076,0.0030213390065544337,0.003094155142755718,0.016838797464482774,7.46536419491426e-07,7.376710289792874e-07,7.554018100035646e-07,0.016794298537426137,5.621613029217801e-07,5.536305862911914e-07,5.706920195523689e-07,0.02146048668422658,0.0013397083089444744,0.0013237987872908078,0.001355617830598141,0.01679429853742606,0.0017792585937258967,0.0017522586013807686,0.001806258586071025,0.02146048668422648,4.6235224573647765e-08,4.559444306861034e-08,4.6876006078685196e-08,0.019599816012535885,3.481655222958585e-08,3.421915360106118e-08,3.5413950858110516e-08,0.024265735361491368,202.22796784416374,200.22127280016127,204.23466288816624,0.014033149702429198,37.0,36.5,37.5,0.019110994086122907,1923.75,1920.0,1927.5,0.0027567515835732847
all_reduce,2gpu_nvlink,2,Tree,LL128,Tree/LL128,4096,oop,2,TREE/LL128[0-0],15.145,15.1,15.189999999999998,0.00420202114934222,0.27,0.27,0.27,0.0,0.27,0.27,0.27,0.0,0.0030387828871253197,0.0030340518939607135,0.003043513880289926,0.0022017481818879902,0.0022762701744747484,0.0022693525721903156,0.0022831877767591807,0.004297805717199217,0.0030145521841784652,0.0030097569144376573,0.0030193474539192736,0.002249599638142063,7.4189035330208e-07,7.407353256740023e-07,7.430453809301577e-07,0.0022017481818879902,5.557300230651241e-07,5.540411553199013e-07,5.574188908103469e-07,0.004297805717199217,0.0013479113448537135,0.0013458128206761504,0.0013500098690312767,0.002201748181887879,0.0017994515216880774,0.0017939829748974806,0.0018049200684786741,0.004297805717199182,4.602215393082056e-08,4.595705959237788e-08,4.608724826926323e-08,0.0020002822205521923,3.447380050031726e-08,3.447146557157089e-08,3.447613542906363e-08,9.578543277414145e-05,199.04873202796017,198.1406790281539,199.95678502776647,0.00645159029447742,36.92793367346939,36.4375,37.41836734693878,0.018781932360411632,1914.8804209183672,1908.9795918367347,1920.78125,0.004357991457496982
all_reduce,2gpu_nvlink,2,Tree,LL128,Tree/LL128,1048576,ip,2,TREE/LL128[0-3],72.05,71.92999999999999,72.17,0.002355386918595112,14.555,14.53,14.58,0.0024290854729871443,14.555,14.53,14.58,0.0024290854729871443,0.016190427250036707,0.01578807810894142,0.01659277639113199,0.03514469404411979,0.01259170585427751,0.012195989245948708,0.012987422462606311,0.04444416037281895,0.016189924583703035,0.015788235728408373,0.016591613438997697,0.03508810829073686,1.544039464000388e-08,1.5056684597913188e-08,1.5824104682094566e-08,0.03514469404411979,1.200838647296668e-08,1.1631001707028111e-08,1.238577123890525e-08,0.04444416037281895,0.06480520606653015,0.06319472855431303,0.06641568357874728,0.03514469404411976,0.08335746191626195,0.08073780636759022,0.08597711746493368,0.04444416037281895,1.166568565262076e-06,1.1356364583761562e-06,1.1975006721479958e-06,0.03749852891074132,9.07279892793694e-07,8.772575064610906e-07,9.373022791262974e-07,0.046797097856578304,224.69535704036005,219.49444916458185,229.89626491613825,0.032734074043449975,36.0,34.5,37.5,0.05892556509887895,1927.5,1927.5,1927.5,0.0
all_reduce,2gpu_nvlink,2,Tree,LL128,Tree/LL128,1048576,oop,2,TREE/LL128[0-3],72.025,71.94,72.11,0.0016689781714920413,14.559999999999999,14.54,14.58,0.001942601047215835,14.559999999999999,14.54,14.58,0.001942601047215835,0.016126648069299664,0.016104213771839675,0.016149082366759653,0.0019673578535286057,0.012502454025738576,0.012471706696353531,0.01253320135512362,0.0034779804135703822,0.01600747530919968,0.015927398231081434,0.016087552387317922,0.007074575329499135,1.5379570073413528e-08,1.535817506011932e-08,1.5400965086707737e-08,0.0019673578535286057,1.1923269296396805e-08,1.1893946358064204e-08,1.1952592234729405e-08,0.0034779804135703822,0.06502144926540554,0.06493099584149306,0.06511190268931802,0.0019673578535286513,0.08387012180565775,0.0836638597185976,0.0840763838927179,0.0034779804135704247,1.1615237341065925e-06,1.158537138746146e-06,1.1645103294670386e-06,0.0036363300551171397,9.004918647268186e-07,8.972145797356729e-07,9.037691497179642e-07,0.005146943646899052,222.24787366594052,221.3983629563725,223.09738437550857,0.005405629070980948,35.92459183673469,34.39,37.45918367346938,0.060411001969911296,1922.4,1917.3000000000002,1927.5,0.0037518150062955968
all_reduce,2gpu_nvlink,2,Tree,LL128,Tree/LL128,67108864,ip,2,TREE/LL128[0-3],2177.9799999999996,2171.8099999999995,2184.15,0.004006325898237092,30.814999999999998,30.73,30.9,0.003900962284657205,30.814999999999998,30.73,30.9,0.003900962284657205,0.6079682343234324,0.60643399339934,0.6095024752475248,0.0035688448841637863,0.49922545961189524,0.49740819001431813,0.5010427292094723,0.00514798927398415,0.6081840797379352,0.6067056651653402,0.6096624943105302,0.0034377649942346463,9.05943266039241e-09,9.036570689072311e-09,9.082294631712508e-09,0.0035688448841637863,7.439039045749534e-09,7.411959618543359e-09,7.466118472955709e-09,0.00514798927398415,0.11038289105447627,0.11010433382201844,0.11066144828693411,0.003568844884163886,0.13442774596589213,0.1339384050256193,0.134917086906165,0.0051479892739840685,0.0013241331887252476,0.0013237235707673266,0.0013245428066831686,0.0004374841416376833,0.0010872918539720985,0.001086414098219773,0.001088169609724424,0.001141675148999747,279.24643425822126,277.77655617303765,280.7163123434049,0.0074440396298113025,38.48584905660377,37.93396226415094,39.0377358490566,0.020279812084526554,1924.7405660377358,1921.9811320754716,1927.5,0.002027509059021134
all_reduce,2gpu_nvlink,2,Tree,LL128,Tree/LL128,67108864,oop,2,TREE/LL128[0-3],2179.79,2172.43,2187.15,0.004775052559680593,30.785,30.68,30.89,0.004823531721590891,30.785,30.68,30.89,0.004823531721590891,0.5970325907590759,0.5954958745874588,0.598569306930693,0.0036400774179779238,0.48729082727225614,0.485456461531109,0.48912519301340324,0.005323689189891984,0.5922981918790557,0.5910856396305553,0.5935107441275561,0.0028951765486149596,8.89647887288147e-09,8.873580017499012e-09,8.91937772826393e-09,0.0036400774179779238,7.2611991654672644e-09,7.233864985869959e-09,7.288533345064569e-09,0.005323689189891984,0.1124047659095722,0.1121154446493702,0.11269408716977419,0.0036400774179779823,0.1377202509180533,0.13720181450183666,0.13823868733426992,0.005323689189892026,0.001301394360779703,0.0013003499194554453,0.0013024388021039605,0.0011349850056081722,0.0010621781714479361,0.001061766099837765,0.0010625902430581075,0.0005486436037173167,271.7275694835824,270.2538187278217,273.2013202393431,0.007670176089659952,37.948113207547166,37.367924528301884,38.52830188679245,0.02162191027618277,1917.3113207547171,1916.8867924528302,1917.735849056604,0.0003131331232651977
all_reduce,2gpu_nvlink,2,Tree,default,Tree/auto,4096,ip,2,TREE/LL[0-0],7.944999999999999,7.929999999999999,7.96,0.002670006725688764,0.515,0.51,0.52,0.013730228760903847,0.515,0.51,0.52,0.013730228760903847,0.0015735508287509307,0.0015561774271495932,0.0015909242303522681,0.015614176371200595,0.0011767257000441247,0.001160005182583084,0.001193446217505165,0.020095067663103594,0.0015735367345387267,0.0015559979208576318,0.0015910755482198217,0.01576298006351297,3.841676828005202e-07,3.7992612967519365e-07,3.884092359258467e-07,0.015614176371200595,2.872865478623351e-07,2.8320439027907325e-07,2.9136870544559694e-07,0.020095067663103594,0.002603347342553323,0.002574604070926149,0.002632090614180498,0.01561417637120056,0.0034815481410069124,0.0034320775749429808,0.003531018707070844,0.02009506766310356,1.2502121935450164e-08,1.2340486997296272e-08,1.2663756873604055e-08,0.01828380197144021,9.349336494612483e-09,9.198841097883854e-09,9.499831891341113e-09,0.022764463686914153,198.05024925549833,196.21663566931048,199.88386284168615,0.013093248867327125,36.87244897959184,36.5,37.244897959183675,0.014284985478516135,1923.75,1920.0,1927.5,0.0027567515835732847
all_reduce,2gpu_nvlink,2,Tree,default,Tree/auto,4096,oop,2,TREE/LL[0-0],7.949999999999999,7.929999999999999,7.97,0.0035577699682342837,0.515,0.51,0.52,0.013730228760903847,0.515,0.51,0.52,0.013730228760903847,0.0015882417288175443,0.0015688797168271053,0.001607603740807983,0.01724046123136133,0.0011877270052308786,0.0011671277773998465,0.0012083262330619107,0.02452727541325548,0.0015746022557068954,0.0015542874312260656,0.0015949170801877251,0.018245560232047747,3.877543283245958e-07,3.830272746159925e-07,3.92481382033199e-07,0.01724046123136133,2.89972413386445e-07,2.849433050292594e-07,2.9500152174363055e-07,0.02452727541325548,0.0025793358469095294,0.0025478915581157746,0.002610780135703284,0.017240461231361363,0.0034496415450063064,0.003389813022283473,0.0035094700677291398,0.02452727541325549,1.2626134503859666e-08,1.250397134311203e-08,1.2748297664607304e-08,0.013683110907686024,9.442017707028863e-09,9.302008385876777e-09,9.58202702818095e-09,0.02097042040966866,198.07085886955394,195.01724356663308,201.12447417247483,0.021802622557944247,36.75,36.46938775510204,37.03061224489796,0.01079852088442597,1916.0969387755101,1910.204081632653,1921.9897959183672,0.004349340747802361
all_reduce,2gpu_nvlink,2,Tree,default,Tree/auto,1048576,ip,2,TREE/SIMPLE[0-3],54.795,54.709999999999994,54.88,0.0021937795930599383,19.14,19.11,19.17,0.0022166356777008596,19.14,19.11,19.17,0.0022166356777008596,0.012684052971288672,0.012586111729356779,0.012781994213220568,0.010919997966681257,0.00994838851540022,0.009855138287042934,0.010041638743757506,0.013255989895561133,0.012689287371231938,0.01259163621754859,0.012786938524915288,0.010883163244727113,1.2096455546654389e-08,1.2003051499707011e-08,1.2189859593601768e-08,0.010919997966681257,9.487522616768093e-09,9.398592268984732e-09,9.576452964551454e-09,0.013255989895561133,0.08267377355919153,0.08203539936792065,0.08331214775046242,0.010919997966681303,0.10541085473532215,0.1044227965930221,0.1063989128776222,0.013255989895561121,6.95031007567327e-07,6.885861727131093e-07,7.014758424215448e-07,0.013113620484344614,5.451298749707654e-07,5.391746156841189e-07,5.510851342574119e-07,0.01544954484667622,231.57526098336652,230.1523710025332,232.99815096419985,0.008689487383558766,37.51020408163265,37.5,37.5204081632653,0.000384715332527958,1927.5,1927.5,1927.5,0.0
all_reduce,2gpu_nvlink,2,Tree,default,Tree/auto,1048576,oop,2,TREE/SIMPLE[0-3],55.205,55.019999999999996,55.38999999999999,0.004739235740223182,18.994999999999997,18.93,19.06,0.004839372548262727,18.994999999999997,18.93,19.06,0.004839372548262727,0.012602537280213665,0.01259436901847318,0.012610705541954152,0.0009166143513452795,0.009823433873021495,0.009821444220936575,0.009825423525106415,0.00028643679992851204,0.012503545345421169,0.012497522887338111,0.012509567803504226,0.0006811701533119132,1.2018716125692048e-08,1.2010926264260464e-08,1.2026505987123634e-08,0.0009166143513452795,9.368356583615775e-09,9.366459103523803e-09,9.370254063707747e-09,0.00028643679992851204,0.08320359759171282,0.08314966966055358,0.08325752552287206,0.000916614351345297,0.1067423119623683,0.10672069222467877,0.10676393170005782,0.00028643679992858306,6.957245816826174e-07,6.929421833963944e-07,6.985069799688404e-07,0.005655837806943132,5.423022988745159e-07,5.405948023513549e-07,5.440097953976768e-07,0.004452801962615107,226.49516496101575,225.84523927611892,227.1450906459126,0.004058072137098109,37.295980392156864,37.19,37.40196078431373,0.004018634350348853,1917.9264705882354,1917.3529411764707,1918.5,0.0004229010261736731
all_reduce,2gpu_nvlink,2,Tree,default,Tree/auto,67108864,ip,2,TREE/SIMPLE[0-3],1511.3899999999999,1511.08,1511.7,0.00029006821822014377,44.4,44.39,44.41,0.0003185165681019851,44.4,44.39,44.41,0.0003185165681019851,0.4378788495061011,0.4364450900639163,0.4393126089482859,0.004630600565899151,0.3623899959916001,0.36098179346210246,0.36379819852109774,0.005495458312347614,0.4378735963533521,0.436438087099941,0.4393091056067633,0.004636307537136544,6.524903319866972e-09,6.503538639305775e-09,6.546268000428168e-09,0.004630600565899151,5.400031745308639e-09,5.379047892423011e-09,5.4210155981942674e-09,0.005495458312347614,0.15326061894295384,0.1527587932444247,0.153762444641483,0.004630600565899007,0.18518689285999557,0.18446727958744458,0.18590650613254656,0.0054954583123476486,0.0006618061588204531,0.0006595034466937826,0.0006641088709471237,0.004920665479424721,0.0005477130525845285,0.0005454723684647138,0.0005499537367043434,0.005785521919339484,289.71563946991074,288.82526874814107,290.6060101916804,0.004346242241428478,36.13942307692308,34.644230769230774,37.63461538461539,0.05851009949421739,1927.5,1927.5,1927.5,0.0
all_reduce,2gpu_nvlink,2,Tree,default,Tree/auto,67108864,oop,2,TREE/SIMPLE[0-3],1512.48,1511.91,1513.05,0.0005329668693487347,44.370000000000005,44.35,44.39,0.0006374638550250461,44.370000000000005,44.35,44.39,0.0006374638550250461,0.43261446833236494,0.43184137129575834,0.43338756536897155,0.0025272486110185844,0.3566401796289177,0.35581414159743513,0.35746621766040027,0.0032755540566801,0.4301553359839265,0.4293081368988886,0.4310025350689644,0.0027853204083825777,6.446457927411272e-09,6.434937883850311e-09,6.457977970972233e-09,0.0025272486110185844,5.314352804853286e-09,5.3020438789939155e-09,5.326661730712656e-09,0.0032755540566801,0.15512444271928172,0.1548472299680905,0.1554016554704729,0.002527248611018741,0.18817067691530048,0.18773484229985252,0.18860651153074842,0.0032755540566801215,0.0006543202903980244,0.0006533975868390471,0.0006552429939570018,0.0019942830847594637,0.0005394106680434675,0.0005383645869439992,0.0005404567491429358,0.0027425895812853702,284.40423434150097,283.7369134522247,285.0715552307772,0.003318284814761781,35.52177068214804,33.80769230769231,37.23584905660377,0.06824189328332034,1917.7249637155298,1916.6037735849059,1918.8461538461538,0.0008268142297398219
all_reduce,2gpu_nvlink,2,default,LL128,auto/LL128,4096,ip,2,TREE/LL128[0-0],15.08,15.07,15.09,0.0009378074021041545,0.27,0.27,0.27,0.0,0.27,0.27,0.27,0.0,0.003001160598159223,0.002998039740374503,0.003004281455943943,0.0014706175364609293,0.0022481738770406727,0.0022455033873746196,0.0022508443667067254,0.0016798712690677211,0.003001956508973889,0.002998226929800568,0.00300568608814721,0.001756994624368439,7.327052241599665e-07,7.319432959898689e-07,7.334671523300642e-07,0.0014706175364609293,5.48870575449383e-07,5.482186004332567e-07,5.495225504655091e-07,0.0016798712690677211,0.0013648068123243177,0.0013633875720585706,0.0013662260525900648,0.001470617536460959,0.0018219257065602195,0.0018197615350869303,0.0018240898780335086,0.0016798712690677573,4.525753302881893e-08,4.518045888744376e-08,4.53346071701941e-08,0.0024084232777693564,3.390248877067e-08,3.3839736047735514e-08,3.396524149360449e-08,0.0026176766092337335,199.06865755053627,198.95334637030976,199.18396873076276,0.0008191878971613806,37.348958333333336,36.69791666666667,38.0,0.024651609998136415,1923.75,1920.0,1927.5,0.0027567515835732847
all_reduce,2gpu_nvlink,2,default,LL128,auto/LL128,4096,oop,2,TREE/LL128[0-0],15.09,15.09,15.09,0.0,0.27,0.27,0.27,0.0,0.27,0.27,0.27,0.0,0.003022626996820023,0.0030046672848226116,0.0030405867088174345,0.008402911874265376,0.002261450560535381,0.00224436109253006,0.002278540028540702,0.010687015603447198,0.002992867036034832,0.0029780943173942083,0.003007639754675456,0.006980523626058288,7.379460441455134e-07,7.335613488336454e-07,7.423307394573815e-07,0.008402911874265376,5.521119532557083e-07,5.479397198559716e-07,5.562841866554448e-07,0.010687015603447198,0.0013551604668718008,0.0013471084340801595,0.001363212499663442,0.008402911874265334,0.001811330299073204,0.0017976423274087907,0.0018250182707376175,0.010687015603447217,4.5611441382014144e-08,4.534042932797321e-08,4.5882453436055085e-08,0.00840291187426532,3.4125288958478894e-08,3.3867408886278603e-08,3.438316903067919e-08,0.010687015603447205,198.33446229521752,197.3554882302325,199.31343636020253,0.00698052362605823,37.16836734693878,36.46938775510204,37.86734693877551,0.026595368297201685,1916.0969387755101,1912.6530612244896,1919.5408163265306,0.0025418225149494975
all_reduce,2gpu_nvlink,2,default,LL128,auto/LL128,1048576,ip,2,RING/LL128[0-3],49.225,49.18,49.27,0.001292831087999831,21.3,21.28,21.32,0.001327900058566258,21.3,21.28,21.32,0.001327900058566258,0.011840763245497935,0.011822825171459512,0.011858701319536357,0.0021424520583700687,0.009381874214742396,0.009365651064876286,0.009398097364608504,0.002445460047738752,0.01183934085129484,0.01182046663432876,0.011858215068260923,0.002254532067947504,1.1292231793878493e-08,1.1275124713382255e-08,1.130933887437473e-08,0.0021424520583700687,8.947252478353878e-09,8.93178087699536e-09,8.962724079712395e-09,0.002445460047738752,0.08855665676272945,0.08842249853047116,0.08869081499498775,0.0021424520583701095,0.11176648837904984,0.1115732216127855,0.11195975514531419,0.002445460047738737,5.828623779729675e-07,5.814465419323788e-07,5.842782140135563e-07,0.0034352783888035475,4.618234882624384e-07,4.606027193706157e-07,4.63044257154261e-07,0.0037382852263193526,240.51464685144265,240.35109057195527,240.67820313093003,0.0009617023814986454,38.02040816326531,37.54081632653062,38.5,0.017838979450224134,1923.75,1920.0,1927.5,0.0027567515835732847
all_reduce,2gpu_nvlink,2,default,LL128,auto/LL128,1048576,oop,2,RING/LL128[0-3],49.355,49.31999999999999,49.39,0.0010028867325106586,21.245,21.23,21.26,0.0009985033389313827,21.245,21.23,21.26,0.0009985033389313827,0.011919744916375888,0.01191206433241086,0.011927425500340915,0.0009112599377327996,0.00943433323326843,0.009422754562886755,0.009445911903650106,0.001735651294388319,0.011822294002946397,0.011802892733060814,0.011841695272831979,0.002320830372905042,1.1367554584861648e-08,1.1360229809199199e-08,1.1374879360524096e-08,0.0009112599377327996,8.997281296986037e-09,8.986239016424899e-09,9.008323577547174e-09,0.001735651294388319,0.08796970427828213,0.08791302028841254,0.08802638826815173,0.0009112599377328474,0.11114485289905998,0.11100844584362547,0.11128125995449449,0.0017356512943883984,5.882987415272932e-07,5.882606256768139e-07,5.883368573777724e-07,9.162683664627604e-05,4.6563111147449994e-07,4.653898478609768e-07,4.6587237508802315e-07,0.0007327651996258541,239.53629230376424,238.97332927841293,240.09925532911555,0.003323713237394456,37.67,37.35,37.989999999999995,0.012013494556925559,1912.5749999999998,1909.1999999999998,1915.95,0.0024955731268103774
all_reduce,2gpu_nvlink,2,default,LL128,auto/LL128,67108864,ip,2,RING/LL128[0-3],1848.865,1848.22,1849.51,0.0004933663343351843,36.295,36.28,36.31,0.0005844662745721788,36.295,36.28,36.31,0.0005844662745721788,0.5371137527432334,0.5363255303584492,0.5379019751280175,0.002075379341963532,0.4447739459875091,0.44395648410786215,0.44559140786715595,0.0025992207667490464,0.5371350088107738,0.5364379015401453,0.5378321160814024,0.0018354017898302595,8.003618609059354e-09,7.991873180247086e-09,8.015364037871622e-09,0.002075379341963532,6.627648263983564e-09,6.615467132745119e-09,6.6398293952220075e-09,0.0025992207667490464,0.12494375387558258,0.12476039706682335,0.12512711068434182,0.0020753793419635404,0.1508835922117348,0.15060627923958345,0.15116090518388614,0.002599220766748994,0.00099305031006218,0.0009919394316532553,0.0009941611884711045,0.0015820138175580078,0.0008223264543852836,0.0008211019569223321,0.000823550951848235,0.0021058557826549406,290.5216537592685,290.043255532625,291.000051985912,0.002328767069786515,39.14029411764706,38.970588235294116,39.31,0.0061317975720018136,1921.25,1920.0,1922.5,0.00092011292281919
all_reduce,2gpu_nvlink,2,default,LL128,auto/LL128,67108864,oop,2,RING/LL128[0-3],1849.945,1848.2499999999998,1851.64,0.0012957639217504452,36.275000000000006,36.24,36.31,0.001364506538471634,36.275000000000006,36.24,36.31,0.001364506538471634,0.5221869056327724,0.5205837600585222,0.5237900512070226,0.004341721688359229,0.4291311513666833,0.4275250236555451,0.43073727907782144,0.005293038234956696,0.5184944779185708,0.5163397105405296,0.520649245296612,0.0058772106156616995,7.781191254150456e-09,7.757302523531351e-09,7.805079984769562e-09,0.004341721688359229,6.3945524598163856e-09,6.37061929189481e-09,6.418485627737961e-09,0.005293038234956696,0.12851623777131105,0.12812168510141464,0.12891079044120748,0.00434172168835925,0.15638530055187372,0.1557999905271153,0.1569706105766321,0.005293038234956774,0.0009660197724725675,0.0009621689345281636,0.0009698706104169714,0.005637469752340433,0.0007938717502015092,0.0007901731249713612,0.0007975703754316574,0.006588779562042668,280.2747859546946,279.3668121415012,281.18275976788794,0.004581464138929847,38.607058823529414,38.42,38.794117647058826,0.006852143966885743,1920.8088235294117,1914.1176470588234,1927.5,0.004926441609920479
all_reduce,2gpu_nvlink,2,default,default,auto/auto,4096,ip,2,RING/LL[0-0],6.404999999999999,6.3999999999999995,6.409999999999999,0.0011039918519696059,0.64,0.64,0.64,0.0,0.64,0.64,0.64,0.0,0.0012755054977926358,0.0012624411316198366,0.001288569863965435,0.014485083645154672,0.0009557827586430066,0.0009428995619838961,0.000968665955302117,0.01906248180067757,0.0012762309615220548,0.001263061522887324,0.0012894004001567855,0.014593282319263542,3.114027094220302e-07,3.0821316689937416e-07,3.145922519446863e-07,0.014485083645154672,2.3334540005932777e-07,2.3020008837497464e-07,2.364907117436809e-07,0.01906248180067757,0.003211612775262408,0.0031787178286127233,0.0032445077219120924,0.014485083645154656,0.004286271432258085,0.004228495878873434,0.004344046985642736,0.019062481800677628,8.169678035192697e-09,8.079623242366954e-09,8.259732828018439e-09,0.015588950852438332,6.121852985091752e-09,6.034557196696935e-09,6.20914877348657e-09,0.020166261454929807,199.25393577797354,197.35336295114436,201.15450860480274,0.013489399130236585,37.0,36.5,37.5,0.019110994086122907,1923.75,1920.0,1927.5,0.0027567515835732847
all_reduce,2gpu_nvlink,2,default,default,auto/auto,4096,oop,2,RING/LL[0-0],6.42,6.409999999999999,6.43,0.0022028248635095446,0.64,0.64,0.64,0.0,0.64,0.64,0.64,0.0,0.0012593736092473447,0.0012504517196708538,0.0012682954988238353,0.010018835672290382,0.0009353828622462436,0.000925998333306271,0.0009447673911862162,0.014188551703332646,0.0012464016133900582,0.0012375619187184172,0.0012552413080616995,0.010029845884000674,3.074642600701525e-07,3.0528606437276704e-07,3.096424557675379e-07,0.010018835672290382,2.2836495660308682e-07,2.260738118423513e-07,2.3065610136382232e-07,0.014188551703332646,0.0032525737815021277,0.003229531291247553,0.003275616271756703,0.010018835672290363,0.004379396394740684,0.004335458694078346,0.004423334095403022,0.014188551703332861,8.085089352472187e-09,8.04040455748359e-09,8.129774147460784e-09,0.007816097058397153,6.005064130331484e-09,5.954169283159322e-09,6.055958977503646e-09,0.011985914149064154,194.14616923185466,192.46686138700113,195.82547707670818,0.012232535614726547,36.93055555555556,36.39814814814815,37.46296296296296,0.020387935273023083,1916.5972222222222,1913.3333333333335,1919.861111111111,0.0024083494848195102
all_reduce,2gpu_nvlink,2,default,default,auto/auto,1048576,ip,2,RING/SIMPLE[0-3],49.55,49.48,49.62,0.001997879906480667,21.16,21.13,21.19,0.0020050286801131596,21.16,21.13,21.19,0.0020050286801131596,0.01140740444106281,0.011293274332739323,0.0115215345493863,0.014149086051966993,0.00893207493517951,0.00881471514484985,0.00904943472550917,0.01858155113631867,0.011405086876157773,0.011290643400464666,0.01151953035185088,0.014190818290796908,1.0878948632300196e-08,1.0770105679263423e-08,1.0987791585336972e-08,0.014149086051966993,8.518290457896719e-09,8.4063674400805e-09,8.630213475712939e-09,0.01858155113631867,0.09192984930265936,0.09101009900246777,0.09284959960285095,0.014149086051966863,0.11741471739823241,0.11587198889276494,0.11895744590369987,0.018581551136318722,5.652289009470796e-07,5.603722723905251e-07,5.700855295036341e-07,0.012151377894123076,4.425760978528216e-07,4.373861654874495e-07,4.477660302181937e-07,0.01658397905923315,230.17701946145445,227.54218864298,232.8118502799289,0.01618846871318173,37.945,37.5,38.39,0.016585190018606605,1923.75,1920.0,1927.5,0.0027567515835732847
all_reduce,2gpu_nvlink,2,default,default,auto/auto,1048576,oop,2,RING/SIMPLE[0-3],49.900000000000006,49.81,49.99,0.0025506857838392453,21.015,20.98,21.05,0.002355340218085107,21.015,20.98,21.05,0.002355340218085107,0.011411018561159723,0.011332619185871895,0.011489417936447551,0.009716350842773211,0.008896737287849992,0.008822453502413658,0.008971021073286324,0.011808052034080266,0.01131128937680891,0.011233244418236716,0.0113893343353811,0.009757706235854292,1.088239532581303e-08,1.0807627855178733e-08,1.0957162796447326e-08,0.009716350842773211,8.484589851236336e-09,8.413747312940272e-09,8.555432389532398e-09,0.011808052034080266,0.09189587182088828,0.091264501456913,0.09252724218486355,0.009716350842773225,0.11786895270620781,0.11688479956004369,0.11885310585237194,0.011808052034080328,5.694168821456461e-07,5.644777616482791e-07,5.743560026430131e-07,0.012266884619316173,4.4395387620440385e-07,4.3944640895522433e-07,4.4846134345358337e-07,0.014358521588416733,226.67706231729903,225.52187147634442,227.83225315825365,0.00720711014032991,37.574999999999996,37.269999999999996,37.879999999999995,0.011479311683933296,1913.25,1908.0,1918.5,0.0038806330602162544
all_reduce,2gpu_nvlink,2,default,default,auto/auto,67108864,ip,2,RING/SIMPLE[0-3],1638.205,1637.27,1639.14,0.0008071576395011171,40.965,40.94,40.99,0.0008630621032425336,40.965,40.94,40.99,0.0008630621032425336,0.4637710459183673,0.4616741071428571,0.4658679846938775,0.006394360497258275,0.3819382845576256,0.3797789153854553,0.38409765372979593,0.00799555659362787,0.46370938897487096,0.46158737514784975,0.46583140280189217,0.006471684216597248,6.9107271122689146e-09,6.8794802895614075e-09,6.941973934976422e-09,0.006394360497258275,5.691323944294834e-09,5.659146836183299e-09,5.7235010524063696e-09,0.00799555659362787,0.14470553215242243,0.14405124671552033,0.14535981758932456,0.0063943604972582155,0.17571165782732234,0.17471823466854494,0.17670508098609974,0.007995556593627813,0.0007597500856409438,0.0007567484959821428,0.0007627516752997448,0.0055872172762890795,0.000625691188443549,0.0006225108113649152,0.0006288715655221829,0.007188422149995378,283.0602709439367,281.60338662216145,284.51715526571195,0.007278822845016494,37.54638009049774,36.269230769230774,38.82352941176471,0.04810482094300334,1923.75,1920.0,1927.5,0.0027567515835732847
all_reduce,2gpu_nvlink,2,default,default,auto/auto,67108864,oop,2,RING/SIMPLE[0-3],1638.3,1637.1599999999999,1639.44,0.0009840709644787097,40.96,40.93,40.99,0.0010358009490037709,40.96,40.93,40.99,0.0010358009490037709,0.4566029974489796,0.4528584183673469,0.46034757653061226,0.011597896974417566,0.3741722553429906,0.3702942783522638,0.3780502323337174,0.014657120020375015,0.45326745094290055,0.4484390835061458,0.45809581837965524,0.015064710027103453,6.803914866581255e-09,6.7481162900827365e-09,6.8597134430797734e-09,0.011597896974417566,5.575601091131428e-09,5.517814730886576e-09,5.63338745137628e-09,0.014657120020375015,0.14698409367859078,0.14577868424064006,0.14818950311654147,0.011597896974417465,0.17937212701851424,0.1775130875749887,0.18123116646203974,0.01465712002037501,0.0007480569595408164,0.0007414016882142856,0.000754712230867347,0.012581896139339275,0.0006130108268221909,0.0006062309807471921,0.0006197906728971896,0.015641078184164506,276.66746665787525,273.9128023566089,279.42213095914167,0.014080743434331229,36.79600301659125,35.28431372549019,38.30769230769231,0.05810010116058885,1915.888009049774,1911.9230769230771,1919.8529411764707,0.00292671636388833
all_reduce,4gpu,4,Ring,LL128,Ring/LL128,4096,ip,2,RING/LL128[0-0],28.630000000000003,28.62,28.64,0.0004939621244753981,0.14,0.14,0.14,0.0,0.21,0.21,0.21,0.0,0.011315130018059703,0.011232155714774726,0.011398104321344681,0.010370484903557063,0.00837959852833614,0.008287684107515472,0.00847151294915681,0.015512273059705591,0.011314737499792973,0.011231682960318068,0.01139779203926788,0.010380873276486733,2.762482914565357e-06,2.7422255163024234e-06,2.7827403128282912e-06,0.010370484903557063,2.0458004219570656e-06,2.0233603778113946e-06,2.0682404661027366e-06,0.015512273059705591,0.0003620126557516306,0.0003593580023942769,0.0003646673091089844,0.010370484903557235,0.0004888650520604124,0.00048350277271401503,0.0004942273314068098,0.015512273059705678,3.239513426740165e-07,3.216889396711482e-07,3.2621374567688477e-07,0.009876548076016314,2.399069867220555e-07,2.3735927283924314e-07,2.424547006048679e-07,0.015018368474169293,395.20670240327354,392.16770112842414,398.24570367812294,0.010874807519270311,35.25765306122449,34.70918367346939,35.80612244897959,0.02199955979380763,1938.75,1938.75,1938.75,0.0
all_reduce,4gpu,4,Ring,LL128,Ring/LL128,4096,oop,2,RING/LL128[0-0],28.695,28.62,28.769999999999996,0.0036963239999295563,0.14,0.14,0.14,0.0,0.21,0.21,0.21,0.0,0.011228018508244904,0.011198101960599158,0.011257935055890652,0.0037681080939551835,0.00825348265943849,0.008239097017898758,0.008267868300978223,0.0024649436133075226,0.011105624679327814,0.011075132124452096,0.01113611723420353,0.0038829859554785112,2.7412154561144785e-06,2.7339116114744037e-06,2.7485193007545536e-06,0.0037681080939551835,2.015010414901975e-06,2.011498295385439e-06,2.0185225344185114e-06,0.0024649436133075226,0.00036480426853683343,0.00036383226405776705,0.00036577627301589977,0.0037681080939551775,0.0004962768582173235,0.000495411858400717,0.0004971418580339299,0.0024649436133074745,3.2219023483516094e-07,3.204896781123479e-07,3.2389079155797404e-07,0.0074643801113879835,2.3683476383570293e-07,2.3580295665226244e-07,2.3786657101914345e-07,0.006161239545001158,387.02285583084904,386.9717723428405,387.0739393188576,0.00018666329511707336,34.89540816326531,34.423469387755105,35.36734693877551,0.019126362236934147,1929.107142857143,1927.8826530612246,1930.3316326530612,0.0008976640218180893
all_reduce,4gpu,4,Ring,LL128,Ring/LL128,1048576,ip,2,RING/LL128[0-7],259.615,258.82,260.41,0.004330642613433865,4.04,4.03,4.05,0.0035005286197353092,6.0600000000000005,6.04,6.08,0.004667371492980516,0.1165741251848201,0.11566269098077872,0.11748555938886149,0.011057021534774477,0.08998813786061566,0.08906675164394322,0.0909095240772881,0.014480096096888889,0.11671467613159675,0.1158020308529268,0.1176273214102667,0.01105838077531545,1.1117374914628992e-07,1.1030453775480148e-07,1.1204296053777837e-07,0.011057021534774477,8.581937585889402e-08,8.494067348856279e-08,8.669807822922525e-08,0.014480096096888889,0.008995479061191223,0.008925147953965592,0.009065810168416854,0.011057021534774425,0.011653601970116209,0.011534281040879031,0.011772922899353387,0.014480096096888944,3.0263666919664857e-05,3.011972135830459e-05,3.0407612481025128e-05,0.006726539968189547,2.336153790864148e-05,2.3193872795599255e-05,2.3529203021683704e-05,0.010149771720012626,449.5832881595471,444.69118256951265,454.4753937495816,0.0153886549082153,36.60141509433962,36.32075471698113,36.882075471698116,0.010844217663663915,1933.125,1931.25,1935.0,0.0013716911371223037
all_reduce,4gpu,4,Ring,LL128,Ring/LL128,1048576,oop,2,RING/LL128[0-7],261.2,260.73999999999995,261.66,0.0024905751864152956,4.015,4.01,4.02,0.001761162593241675,6.02,6.01,6.03,0.002349191964074963,0.11813750616067029,0.11799871858058157,0.118276293740759,0.0016614137578243977,0.09121186728670275,0.09106514130366576,0.09135859326973975,0.002274943835007858,0.11750122188191844,0.11743755216753292,0.11756489159630398,0.0007663118064161775,1.1266470542971638e-07,1.125323472791496e-07,1.1279706358028317e-07,0.0016614137578243977,8.698641518278384e-08,8.684648638121201e-08,8.712634398435568e-08,0.002274943835007858,0.008875906401526723,0.008865479013895174,0.008886333789158271,0.0016614137578243476,0.011496077698915688,0.011477584783995515,0.01151457061383586,0.002274943835007904,3.085758045145392e-05,3.076698588270084e-05,3.0948175020207e-05,0.004151980354049882,2.382460722923896e-05,2.3744324943517808e-05,2.3904889514960106e-05,0.004765505520939832,449.85250452438913,449.30402658527845,450.40098246349976,0.0017242650254283036,36.22091194968553,35.83333333333333,36.60849056603774,0.015132665254052081,1924.4745807127883,1923.2547169811323,1925.6944444444446,0.0008964253676534276
all_reduce,4gpu,4,Ring,LL128,Ring/LL128,67108864,ip,2,RING/LL128[0-7],15858.15,15851.3,15865.0,0.0006108759787400306,4.23,4.23,4.23,0.0,6.345,6.34,6.35,0.0011144314912317297,7.3022656249999995,7.26623125,7.338299999999999,0.006978697359648263,5.673965086022053,5.628916958200229,5.719013213843878,0.01122806932352942,7.291886082136117,7.231995141975753,7.351777022296481,0.011615455711185529,1.088122371584177e-07,1.0827528312802314e-07,1.0934919118881225e-07,0.006978697359648263,8.45486683550783e-08,8.387739894092424e-08,8.521993776923236e-08,0.01122806932352942,0.009190366615158303,0.009145015057983458,0.009235718172333148,0.0069786973596482815,0.011828252983761302,0.011734343232072132,0.011922162735450475,0.011228069323529453,0.11580067045656249,0.11517921141312498,0.1164221295,0.007589557160797321,0.0899788980085762,0.08922565137951928,0.09073214463763313,0.01183890470099539,459.81792154332106,456.2398757184429,463.39596736819925,0.011004618774647805,36.056372549019606,35.82843137254902,36.28431372549019,0.008940375317836797,1936.875,1935.0,1938.75,0.0013690353943592401
all_reduce,4gpu,4,Ring,LL128,Ring/LL128,67108864,oop,2,RING/LL128[0-7],15793.599999999999,15756.299999999997,15830.899999999998,0.0033399709930931965,4.25,4.24,4.26,0.003327561323230741,6.375,6.36,6.39,0.003327561323230741,7.21029375,7.17573125,7.24485625,0.006779024259520614,5.578182549726621,5.545923756956071,5.61044134249717,0.008178438377591251,7.153891339435767,7.093566681454129,7.214215997417406,0.01192525094599497,1.074417494237423e-07,1.0692672803997994e-07,1.0795677080750465e-07,0.006779024259520614,8.31213973421845e-08,8.264070387119161e-08,8.360209081317738e-08,0.008178438377591251,0.00930758279231773,0.009262966949827334,0.009352198634808125,0.006779024259520696,0.012030998954803742,0.011961423336106084,0.0121005745735014,0.008178438377591229,0.11387778455124997,0.11306297429437498,0.11469259480812498,0.010118880698058693,0.08810078717033269,0.08738323849172694,0.08881833584893845,0.011518252055855238,452.95491663885457,450.20510408243877,455.70472919527043,0.008585450932123779,35.56661764705883,35.33823529411765,35.795,0.009081027162637638,1927.795588235294,1927.65,1927.941176470588,0.00010680222432877013
all_reduce,4gpu,4,Ring,default,Ring/auto,4096,ip,2,RING/LL[0-0],11.879999999999999,11.869999999999997,11.889999999999999,0.0011904154565430898,0.345,0.34,0.35,0.02049584873004476,0.52,0.52,0.52,0.0,0.004587719517374035,0.004583772576253403,0.004591666458494667,0.0012166867746702598,0.0033697255683048277,0.0033610886977297515,0.003378362438879904,0.003624740132733862,0.004587960755110632,0.004582545738478536,0.00459337577174273,0.0016691489684294279,1.1200487102963952e-06,1.119085101624366e-06,1.1210123189684246e-06,0.0012166867746702598,8.226869063244208e-07,8.205782953441776e-07,8.247955173046641e-07,0.003624740132733862,0.0008928189738277314,0.0008920508571397483,0.0008935870905157147,0.001216686774670296,0.0012155372374667724,0.0012124217203166717,0.0012186527546168729,0.0036247401327338022,5.450206839699233e-08,5.450105593165296e-08,5.4503080862331687e-08,2.627133715236927e-05,4.0032253382755596e-08,3.9963344616006745e-08,4.0101162149504453e-08,0.0024343299281926636,386.1926400660976,385.41175260542775,386.97352752676755,0.0028595615840256616,35.3671875,35.234375,35.5,0.0053107202474801446,1935.0,1935.0,1935.0,0.0
all_reduce,4gpu,4,Ring,default,Ring/auto,4096,oop,2,RING/LL[0-0],11.884999999999998,11.879999999999999,11.889999999999999,0.0005949573253567796,0.34,0.34,0.34,0.0,0.52,0.52,0.52,0.0,0.004605353351152856,0.004595138767455222,0.004615567934850491,0.0031366980332950705,0.0033747488657459765,0.0033621460279747327,0.0033873517035172204,0.00528131271674382,0.0045602899422779635,0.004551668557383975,0.004568911327171952,0.0026736193526823654,1.1243538454963028e-06,1.1218600506482476e-06,1.1268476403443583e-06,0.0031366980332950705,8.239132973012638e-07,8.208364326110187e-07,8.269901619915089e-07,0.00528131271674382,0.0008894040994897502,0.000887431418585041,0.0008913767803944594,0.003136698033295151,0.0012137368696464286,0.0012092042275229236,0.0012182695117699338,0.005281312716743803,5.473467565137019e-08,5.4590248557368035e-08,5.487910274537234e-08,0.0037316518766447775,4.010895328357978e-08,3.9942294812339823e-08,4.027561175481975e-08,0.0058762608100373925,383.70106204354397,383.13708395488004,384.2650401322079,0.0020786636805797333,34.94270833333333,34.77604166666667,35.10937499999999,0.006745391861072804,1923.0859375,1921.71875,1924.453125,0.001005412741627396
all_reduce,4gpu,4,Ring,default,Ring/auto,1048576,ip,2,RING/SIMPLE[0-7],185.365,184.98,185.75,0.002937297879932289,5.654999999999999,5.64,5.67,0.003751229608416729,8.485,8.47,8.5,0.002500082903429107,0.07813111938162039,0.0778768250787289,0.07838541368451188,0.004602858052331428,0.05913680374384417,0.058969209340929134,0.059304398146759196,0.004007898002179906,0.07817723947048386,0.07790705809657063,0.07844742084439708,0.004887537163971423,7.451164186632193e-08,7.426912792084589e-08,7.475415581179798e-08,0.004602858052331428,5.639725088486115e-08,5.6237420407227644e-08,5.6557081362494656e-08,0.004007898002179906,0.013420863749820681,0.013377182701622808,0.013464544798018554,0.004602858052331415,0.017731503149493764,0.017681251859349684,0.017781754439637844,0.004007898002179945,1.4482872847480675e-05,1.440565510306327e-05,1.4560090591898081e-05,0.007540104961285403,1.0961958149822794e-05,1.090812434388507e-05,1.101579195576052e-05,0.006945155001574444,421.74636826235144,421.164764280304,422.3279722443989,0.0019502532831060593,36.394230769230774,36.03846153846154,36.75,0.013824544731256114,1935.1633201357467,1933.235294117647,1937.0913461538462,0.0014089976360307011
all_reduce,4gpu,4,Ring,default,Ring/auto,1048576,oop,2,RING/SIMPLE[0-7],184.79500000000002,184.38,185.21,0.0031759443079349726,5.675000000000001,5.66,5.69,0.003738009415964158,8.51,8.49,8.53,0.0033236511454126086,0.07805217578013168,0.07793844832522187,0.07816590323504151,0.0020606076325239563,0.05890763211365942,0.058694702594764725,0.0591205616325541,0.0051118641616664335,0.07724732251824758,0.07711567328860226,0.07737897174789289,0.0024101822557848983,7.443635538113755e-08,7.432789642831981e-08,7.45448143339553e-08,0.0020606076325239563,5.6178695787105004e-08,5.59756303737304e-08,5.6381761200479604e-08,0.0051118641616664335,0.013434324100583504,0.013414749354932635,0.013453898846234375,0.0020606076325240122,0.017800574608174753,0.017736232049301318,0.017864917167048185,0.005111864161666516,1.4423604626395646e-05,1.4412229238476953e-05,1.4434980014314342e-05,0.001115340325013688,1.088574751069335e-05,1.0870845867576375e-05,1.0900649153810325e-05,0.001935935568684477,418.0200100264624,416.3688423335795,419.67117771934534,0.005586105184006622,36.04009433962264,35.65094339622641,36.42924528301887,0.015270285831526965,1926.4033018867924,1924.6698113207547,1928.1367924528302,0.0012725922273572072
all_reduce,4gpu,4,Ring,default,Ring/auto,67108864,ip,2,RING/SIMPLE[0-7],10485.25,10478.4,10492.1,0.0009239038556311215,6.4,6.4,6.4,0.0,9.6,9.59,9.61,0.0014731391274719426,4.60628125,4.5996328124999994,4.6129296875,0.0020411933120867273,3.532964960813128,3.524035837769832,3.5418940838564237,0.003574246291143697,4.6137152279689015,4.606643902137881,4.620786553799922,0.002167529723890453,6.863893941044808e-08,6.853986997157334e-08,6.87380088493228e-08,0.0020411933120867273,5.264528037329209e-08,5.251222607150424e-08,5.277833467507994e-08,0.003574246291143697,0.014569020031903208,0.01454799195874368,0.014590048105062736,0.002041193312086722,0.018995176406476095,0.018947168495488068,0.019043184317464122,0.003574246291143754,0.048298056018359375,0.04819679246249999,0.04839931957421876,0.002965094371832035,0.0370440820198587,0.036926257122487406,0.03716190691722999,0.004498142719756703,440.0193202269613,439.6323772844978,440.4062631694248,0.0012436271134962137,36.29861111111111,36.10185185185185,36.49537037037037,0.007665847382291515,1935.0,1935.0,1935.0,0.0
all_reduce,4gpu,4,Ring,default,Ring/auto,67108864,oop,2,RING/SIMPLE[0-7],10488.45,10468.9,10508.0,0.002636030599792559,6.4,6.39,6.41,0.0022097086912080117,9.6,9.58,9.62,0.002946278254943885,4.631279296875,4.6281015624999995,4.63445703125,0.0009703571654115211,3.548072858675413,3.5461558439013627,3.5499898734494626,0.0007640960038636628,4.597834982054133,4.59537267143169,4.600297292676576,0.0007573636484618419,6.901143933646381e-08,6.89640874043107e-08,6.905879126861692e-08,0.0009703571654115211,5.287040559463818e-08,5.284183984847907e-08,5.2898971340797284e-08,0.0007640960038636628,0.014490358126299247,0.014480415623121978,0.014500300629476517,0.0009703571654114308,0.018914178559334735,0.01890395927659126,0.018924397842078215,0.0007640960038637241,0.04857500346601562,0.048451132447656246,0.048698874484375,0.003606383152836194,0.0372137472969353,0.03716448898615508,0.03726300560771552,0.0018719364811378243,438.37233974963635,437.7899973997503,438.9546820995224,0.0018786688266495954,35.826388888888886,35.73148148148148,35.9212962962963,0.0037463821190991454,1926.25,1924.861111111111,1927.638888888889,0.0010196939666689167
all_reduce,4gpu,4,Tree,LL128,Tree/LL128,4096,ip,2,TREE/LL128[0-0],21.32,21.3,21.34,0.001326654373708316,0.19,0.19,0.19,0.0,0.29,0.29,0.29,0.0,0.008432827575406941,0.008384625423035764,0.008481029727778117,0.008083663161534794,0.006246681063919177,0.00619083999845114,0.006302522129387213,0.012642104073217142,0.008432019649634016,0.008384941010985806,0.008479098288282227,0.007896002623434515,2.0587957947770853e-06,2.047027691170841e-06,2.0705638983833292e-06,0.008083663161534794,1.5250686191208928e-06,1.5114355464968605e-06,1.5387016917449251e-06,0.012642104073217142,0.0004857366992926463,0.0004829602219862848,0.0004885131765990078,0.008083663161534877,0.0006557606033232293,0.0006498985510739094,0.0006616226555725492,0.012642104073217161,1.7978691986462854e-07,1.789279065275832e-07,1.8064593320167387e-07,0.0067570450198690115,1.3317812346144748e-07,1.3211252556694733e-07,1.3424372135594764e-07,0.011315544589983486,395.50052691053895,392.9213219768419,398.079731844236,0.009222608692501237,35.54081632653062,35.54081632653061,35.54081632653062,1.9992302068472525e-16,1938.75,1938.75,1938.75,0.0
all_reduce,4gpu,4,Tree,LL128,Tree/LL128,4096,oop,2,TREE/LL128[0-0],21.35,21.34,21.36,0.0006623951111817633,0.19,0.19,0.19,0.0,0.29,0.29,0.29,0.0,0.008448696310345127,0.008421748170832499,0.008475644449857756,0.0045108053336959,0.0062325448891326265,0.006197603789777961,0.006267485988487292,0.007928410861148295,0.008345260741088985,0.008314891772109513,0.008375629710068458,0.005146418924287958,2.062669997642853e-06,2.056090862019653e-06,2.0692491332660537e-06,0.0045108053336959,1.5216174045733951e-06,1.51308686273876e-06,1.5301479464080302e-06,0.007928410861148295,0.000484813457765256,0.0004832670865598594,0.00048635982897065255,0.004510805333695919,0.0006572160832490146,0.0006535315766997993,0.00066090058979823,0.007928410861148276,1.8037939674447334e-07,1.7988854092898217e-07,1.808702525599645e-07,0.003848415971923247,1.3306448397198803e-07,1.3238081694965726e-07,1.337481509943188e-07,0.007266034829631486,390.8794752340816,389.27395936842294,392.48499109974034,0.005808804134471331,35.175,35.085,35.265,0.0036184568760079137,1926.6374999999998,1925.55,1927.725,0.0007982597915179731
all_reduce,4gpu,4,Tree,LL128,Tree/LL128,1048576,ip,2,TREE/LL128[0-7],178.05499999999995,177.12999999999997,178.97999999999996,0.007346873410997217,5.890000000000001,5.86,5.92,0.007203125105465632,8.835,8.79,8.88,0.00720312510546581,0.08239151353157367,0.08188272636151019,0.08290030070163716,0.008733104726732256,0.06412853053961635,0.06362554358818764,0.06463151749104507,0.011092269890197225,0.08235961915300344,0.08167078528670564,0.08304845301930122,0.01182810467020846,7.857467034489982e-08,7.808945308829325e-08,7.905988760150639e-08,0.008733104726732256,6.115773252450595e-08,6.067804678744091e-08,6.163741826157099e-08,0.011092269890197225,0.01272723296990859,0.012648639282671409,0.012805826657145773,0.008733104726732327,0.016352168102533576,0.016223911192326315,0.016480425012740836,0.011092269890197183,1.4670691569996656e-05,1.4503887320414298e-05,1.4837495819579016e-05,0.016079462300419203,1.141887076816146e-05,1.1269992535775677e-05,1.1567749000547244e-05,0.018438391996620226,462.54395187972705,461.0782210055081,464.0096827539459,0.004481425976246132,36.41745283018868,36.33490566037736,36.5,0.0032055873766633097,1935.0,1935.0,1935.0,0.0
all_reduce,4gpu,4,Tree,LL128,Tree/LL128,1048576,oop,2,TREE/LL128[0-7],177.47999999999996,177.03999999999996,177.92,0.0035060512026379247,5.904999999999999,5.89,5.92,0.003592413790956241,8.86,8.84,8.88,0.003192355671271169,0.08199261610424324,0.08173859004343469,0.08224664216505179,0.004381456739164498,0.06362046642903588,0.06336765858981394,0.06387327426825783,0.005619642466794883,0.0812103479111031,0.08094710009342497,0.08147359572878121,0.004584251189676518,7.819425211357426e-08,7.795199398368329e-08,7.843651024346522e-08,0.004381456739164498,6.067320483115757e-08,6.043210848790545e-08,6.09143011744097e-08,0.005619642466794883,0.012788786536652788,0.01274916485825315,0.012828408215052425,0.004381456739164443,0.016482000468294403,0.016416506152418988,0.01654749478416982,0.0056196424667948565,1.4551937734714332e-05,1.4542929940527897e-05,1.4560945528900767e-05,0.0008754122603983069,1.129124914637603e-05,1.1274373816299695e-05,1.1308124476452364e-05,0.0021136120861467737,457.58113412512625,454.9634672517141,460.19880099853833,0.008090237376661324,36.011574074074076,35.90277777777777,36.120370370370374,0.004272548526807124,1925.3819444444446,1925.0694444444446,1925.6944444444446,0.0002295345811862339
all_reduce,4gpu,4,Tree,LL128,Tree/LL128,67108864,ip,2,TREE/LL128[0-7],10148.0,10106.899999999998,10189.1,0.005727648542918408,6.615,6.59,6.64,0.005344722457948186,9.920000000000002,9.88,9.96,0.005702474041827,4.7531704545454545,4.7295,4.776840909090909,0.007042684070735502,3.7121196222270876,3.693122058290611,3.7311171861635644,0.007237539547525904,4.750584090551657,4.716236741488336,4.7849314396149785,0.010224950437888384,7.082775912501595e-08,7.047504186630249e-08,7.118047638372942e-08,0.007042684070735502,5.53148928616507e-08,5.503180709914283e-08,5.5597978624158567e-08,0.007237539547525904,0.014119108279980828,0.014048796113825703,0.014189420446135956,0.007042684070735476,0.018078787464644006,0.01798626541371196,0.018171309515576054,0.007237539547525895,0.04823614662840908,0.04780058354999999,0.04867170970681818,0.012770075053887742,0.037671370726238274,0.03732601533093737,0.038016726121539175,0.01296491936602348,468.12405444266915,466.6353423392273,469.61276654611095,0.004497433590894978,36.206848357791756,36.089622641509436,36.324074074074076,0.0045787525107713785,1936.875,1935.0,1938.75,0.0013690353943592401
all_reduce,4gpu,4,Tree,LL128,Tree/LL128,67108864,oop,2,TREE/LL128[0-7],10124.45,10084.7,10164.2,0.005552399301130484,6.625,6.6,6.65,0.005336654952351379,9.940000000000001,9.9,9.98,0.005691000250998375,4.668083333333334,4.660568181818181,4.675598484848485,0.002276743673388345,3.622802439680026,3.610464157817402,3.6351407215426494,0.004816427568720933,4.635814966356293,4.634002857066903,4.637627075645682,0.0005528066914134846,6.955986221631368e-08,6.944787773219021e-08,6.967184670043714e-08,0.002276743673388345,5.3983963127136615e-08,5.380010840024653e-08,5.41678178540267e-08,0.004816427568720933,0.014376143941715092,0.014352999774781708,0.014399288108648479,0.0022767436733884053,0.018524234628100423,0.01846114611252819,0.018587323143672656,0.0048164275687209894,0.04726147757689394,0.047152008040151516,0.04737094711363636,0.0032756763322931187,0.0366783917137144,0.03665930363454116,0.036697479792887636,0.0007359815734873358,457.8894964017312,456.2707419812363,459.50825082222605,0.004999600282612172,35.60648148148148,35.37962962962963,35.83333333333333,0.009010072104574225,1927.013888888889,1922.9166666666667,1931.111111111111,0.003006904759811582
all_reduce,4gpu,4,Tree,default,Tree/auto,4096,ip,2,TREE/LL[0-0],14.14,14.12,14.16,0.0020003020684202654,0.29,0.29,0.29,0.0,0.435,0.43,0.44,0.016255328303139038,0.0055891689454286055,0.005575131205733988,0.005603206685123223,0.0035519344745212826,0.004139295716315554,0.004123479370754123,0.004155112061876985,0.005403743035799627,0.005588751189589692,0.005574981102086175,0.00560252127709321,0.00348447154684813,1.3645431995675306e-06,1.3611160170248993e-06,1.367970382110162e-06,0.0035519344745212826,1.010570243241102e-06,1.0067088307505183e-06,1.0144316557316858e-06,0.005403743035799627,0.0007328506041259696,0.0007310099787814489,0.0007346912294704902,0.0035519344745212566,0.0009895547658570671,0.0009857736539961614,0.0009933358777179727,0.005403743035799698,7.903112964315437e-08,7.87208526249639e-08,7.934140666134484e-08,0.005552216818852636,5.8529957755613156e-08,5.822352871504821e-08,5.883638679617811e-08,0.007404005088836227,395.2434861150199,394.82868994944585,395.65828228059394,0.001484174650773276,35.9075,35.2,36.615,0.02786482198367929,1933.125,1931.25,1935.0,0.0013716911371223037
all_reduce,4gpu,4,Tree,default,Tree/auto,4096,oop,2,TREE/LL[0-0],14.129999999999999,14.1,14.16,0.0030025765655479976,0.29,0.29,0.29,0.0,0.435,0.43,0.44,0.016255328303139038,0.005554452502675068,0.0054911255668597244,0.005617779438490412,0.016123607403332386,0.004087823223460098,0.004027554194479242,0.0041480922524409535,0.020850529368938463,0.005486555199415459,0.005438544159420633,0.005534566239410285,0.012375317742461454,1.3560675055359052e-06,1.3406068278466124e-06,1.3715281832251983e-06,0.016123607403332386,9.98003716665063e-07,9.832895982615336e-07,1.0127178350685922e-06,0.020850529368938463,0.0007375222827575948,0.0007291137085119635,0.0007459308570032261,0.016123607403332314,0.0010022181309011567,0.0009874418770676326,0.001016994384734681,0.020850529368938598,7.848631367087318e-08,7.742487049272211e-08,7.954775684902424e-08,0.019125721008180153,5.77627502183606e-08,5.6788514142157305e-08,5.87369862945639e-08,0.023852359292302325,388.28577471521317,385.7123517319598,390.85919769846646,0.009372915315552732,35.595882352941175,34.78,36.41176470588235,0.03241475734158735,1922.7264705882353,1921.1029411764705,1924.35,0.0011941466184354464
all_reduce,4gpu,4,Tree,default,Tree/auto,1048576,ip,2,TREE/SIMPLE[0-7],129.79,129.26,130.32,0.005774968703734818,8.08,8.05,8.11,0.005250792929602964,12.120000000000001,12.07,12.17,0.005834214366225618,0.05632243816254416,0.05603129732458354,0.05661357900050479,0.007310324890700407,0.04300732208572057,0.04278751632643587,0.04322712784500528,0.0072278921540049855,0.05629013159623805,0.055919515348329875,0.05666074784414623,0.009311232881583847,5.371326271299759e-08,5.3435609173377553e-08,5.3990916252617634e-08,0.007310324890700407,4.101497849056298e-08,4.080535538333499e-08,4.1224601597790983e-08,0.0072278921540049855,0.01861787332641434,0.01852163418233372,0.018714112470494964,0.007310324890700421,0.02438197357887006,0.024257359955992513,0.024506587201747608,0.0072278921540050575,7.310243553760726e-06,7.242605492175668e-06,7.3778816153457834e-06,0.01308501739001654,5.582036830558094e-06,5.5307143603551e-06,5.633359300761087e-06,0.013002589488164703,433.69717862183404,432.61268256482964,434.7816746788385,0.0035363592565427772,36.15384615384615,36.0,36.30769230769231,0.006017930052651447,1936.875,1935.0,1938.75,0.0013690353943592401
all_reduce,4gpu,4,Tree,default,Tree/auto,1048576,oop,2,TREE/SIMPLE[0-7],130.44,129.79,131.09,0.007047215697198098,8.04,8.0,8.08,0.007035888370015405,12.059999999999999,12.0,12.12,0.007035888370015353,0.056684124179707224,0.05649858657243817,0.05686966178697627,0.004628982176707585,0.04321156597270434,0.04314482776537884,0.04327830418002985,0.0021841855485592505,0.05627048129526227,0.056150786977036356,0.05639017561348818,0.0030082082875011146,5.405819337816927e-08,5.388125092738931e-08,5.423513582894923e-08,0.004628982176707585,4.1209760639862386e-08,4.114611412561306e-08,4.127340715411172e-08,0.0021841855485592505,0.01849878161589883,0.018438231687182893,0.018559331544614765,0.004628982176707524,0.024266153693007338,0.024228675773387866,0.024303631612626806,0.0021841855485592128,7.393997757445734e-06,7.332951551236749e-06,7.455043963654719e-06,0.011676007429841984,5.636560045314316e-06,5.599767195668519e-06,5.673352894960113e-06,0.009231330199470743,431.39590731206204,430.1638234303775,432.62799119374654,0.004039050222604725,35.75721153846154,35.59134615384616,35.92307692307692,0.006560049465797691,1929.0865384615386,1927.3557692307693,1930.8173076923076,0.0012688271213814235
all_reduce,4gpu,4,Tree,default,Tree/auto,67108864,ip,2,TREE/SIMPLE[0-7],6815.254999999999,6803.0599999999995,6827.45,0.002530548657847744,9.844999999999999,9.83,9.86,0.002154718479999591,14.77,14.74,14.8,0.0028724716906698175,3.0722539062500003,3.0606458333333335,3.0838619791666666,0.005343404110698454,2.3745192953883576,2.3622608193295807,2.3867777714471345,0.007300889544261584,3.076782626202209,3.065056925475266,3.0885083269291522,0.0053896056403697325,4.578015068545938e-08,4.560717691977819e-08,4.595312445114056e-08,0.005343404110698454,3.5383094778483474e-08,3.5200429250740717e-08,3.556576030622623e-08,0.007300889544261584,0.02184383976929929,0.02176130593825552,0.021926373600343062,0.005343404110698391,0.028262837337012927,0.028116930198872694,0.02840874447515316,0.007300889544261513,0.020938335356289063,0.020821757242916666,0.021054913469661457,0.007873899534118923,0.016183103992607514,0.016070602089548296,0.016295605895666736,0.009831347383778215,451.4536133911155,450.5409220961253,452.3663046861057,0.002859076479507032,36.38030660377358,35.5625,37.198113207547166,0.03179063890393152,1933.125,1931.25,1935.0,0.0013716911371223037
all_reduce,4gpu,4,Tree,default,Tree/auto,67108864,oop,2,TREE/SIMPLE[0-7],6802.049999999999,6778.839999999999,6825.259999999999,0.004825588871396063,9.865,9.83,9.9,0.005017483495495035,14.8,14.75,14.85,0.004777748521530709,3.0763046875000004,3.059361979166667,3.0932473958333335,0.007788762929007387,2.3734086218434536,2.355554087240709,2.391263156446198,0.010638760116009442,3.052319070779421,3.0293412170490694,3.0752969245097734,0.010646197735609316,4.584051202982665e-08,4.55880460018913e-08,4.609297805776199e-08,0.007788762929007387,3.536654445295712e-08,3.510049115480049e-08,3.5632597751113745e-08,0.010638760116009442,0.021815426771048814,0.02169527858987192,0.021935574952225707,0.007788762929007486,0.02827691000859362,0.028064190182955258,0.028489629834231988,0.01063876011600951,0.02092557153986979,0.020738925358854167,0.021112217720885416,0.012614114747332855,0.016144458519958393,0.015967924268750808,0.016320992771165978,0.015463952041036868,448.72886904929635,446.8819469185096,450.57579118008306,0.0058207583825382915,35.882075471698116,35.05188679245283,36.7122641509434,0.03272007190451761,1924.316037735849,1923.9622641509436,1924.6698113207547,0.0002599944042307157
all_reduce,4gpu,4,default,LL128,auto/LL128,4096,ip,2,TREE/LL128[0-0],21.345,21.34,21.35,0.0003312751375903763,0.19,0.19,0.19,0.0,0.29,0.29,0.29,0.0,0.008516991881996207,0.008490435785628775,0.00854354797836364,0.004409537095591072,0.006326730992696032,0.006293309294400075,0.00636015269099199,0.007470748963762023,0.008510151288155233,0.008481816612724066,0.008538485963586398,0.004708645113744102,2.07934372119048e-06,2.072860299225775e-06,2.0858271431551856e-06,0.004409537095591072,1.5446120587636797e-06,1.5364524644531433e-06,1.5527716530742164e-06,0.007470748963762023,0.00048092564587190256,0.0004794261131760523,0.0004824251785677528,0.0044095370955911555,0.0006474298197725061,0.0006440096958365867,0.0006508499437084255,0.00747074896376207,1.817950589407272e-07,1.8127080402317436e-07,1.8231931385828007e-07,0.004078264936704167,1.3504390593060535e-07,1.343621534354416e-07,1.3572565842576906e-07,0.0071394826608294605,398.6956379681933,397.2747827973801,400.11649313900654,0.005039916320560016,35.64285714285714,35.035714285714285,36.25,0.024089810180704045,1936.875,1935.0,1938.75,0.0013690353943592401
all_reduce,4gpu,4,default,LL128,auto/LL128,4096,oop,2,TREE/LL128[0-0],21.35,21.35,21.35,0.0,0.19,0.19,0.19,0.0,0.29,0.29,0.29,0.0,0.008451139054676373,0.008414883298233963,0.008487394811118782,0.006067038081284359,0.006238875716655476,0.006209985914646468,0.006267765518664483,0.006548671855465918,0.008362303508831445,0.008331786912996068,0.008392820104666823,0.005160896595330511,2.063266370770599e-06,2.054414867732901e-06,2.0721178738082964e-06,0.006067038081284359,1.5231630167615908e-06,1.5161098424429854e-06,1.530216191080196e-06,0.006548671855465918,0.00048467731504816755,0.0004825980281527728,0.00048675660194356235,0.0060670380812844595,0.0006565426234793186,0.0006535024304599007,0.0006595828164987365,0.006548671855465935,1.8043181881734056e-07,1.7965775841729512e-07,1.81205879217386e-07,0.00606703808128435,1.331999965505944e-07,1.325831992777021e-07,1.338167938234867e-07,0.006548671855465879,391.6769793363674,390.2476305852959,393.10632808743895,0.005160896595330522,35.484693877551024,34.87244897959184,36.0969387755102,0.02440052156502821,1925.8163265306123,1924.1326530612246,1927.5,0.001236397169456657
all_reduce,4gpu,4,default,LL128,auto/LL128,1048576,ip,2,RING/LL128[0-7],261.08500000000004,259.99,262.18,0.005931263193207336,4.015000000000001,4.0,4.03,0.00528348777972518,6.025,6.0,6.05,0.005868106067938132,0.11882251210593933,0.1186874197055045,0.11895760450637415,0.0016078561333404992,0.09208185982256718,0.09191213058040619,0.09225158906472818,0.002606739228094489,0.11894698097320958,0.11883671495244023,0.11905724699397893,0.0013110017653667847,1.1331797800630506e-07,1.131891438536687e-07,1.1344681215894141e-07,0.0016078561333404992,8.78161047197029e-08,8.765423830071086e-08,8.797797113869493e-08,0.002606739228094489,0.008824736464559075,0.008814703392449481,0.008834769536668669,0.0016078561333405085,0.011387471589045316,0.011366481711922257,0.011408461466168376,0.002606739228094497,3.1022627647000686e-05,3.092778759561221e-05,3.1117467698389166e-05,0.004323427675305642,2.4041006518254783e-05,2.3984490640938677e-05,2.4097522395570893e-05,0.00332454966597029,455.5969732014339,453.26384526828986,457.930101134578,0.007242236801132213,35.48349056603774,34.04245283018868,36.924528301886795,0.057433332443334116,1935.0,1931.25,1938.75,0.0027407239580873937
all_reduce,4gpu,4,default,LL128,auto/LL128,1048576,oop,2,RING/LL128[0-7],261.985,261.11,262.86,0.004723311896011062,4.005,3.99,4.02,0.005296680008887883,6.0,5.98,6.02,0.004714045207910216,0.1169678822017986,0.11691402312481472,0.1170217412787825,0.0006511893324365892,0.08990385933986017,0.08983074636696659,0.08997697231275376,0.0011500880897743855,0.11609068756182428,0.11587906437904703,0.11630231074460151,0.0025779877911115768,1.1154926510028706e-07,1.1149790108186218e-07,1.1160062911871194e-07,0.0006511893324365892,8.57390015982248e-08,8.566927563378008e-08,8.580872756266952e-08,0.0011500880897743855,0.008964650830507757,0.008960522963865007,0.008968778697150506,0.0006511893324363852,0.011663311243554873,0.011653826229618197,0.011672796257491548,0.0011500880897744184,3.064387774533057e-05,3.052742057812037e-05,3.076033491254077e-05,0.005374492963094765,2.3553526563004547e-05,2.3455706183878645e-05,2.3651346942130452e-05,0.005873384033014368,443.1218418759763,442.4496338149643,443.79404993698836,0.0021453371663990887,35.00235849056604,33.410377358490564,36.594339622641506,0.06432141733049247,1926.2264150943397,1921.485849056604,1930.9669811320755,0.003480469757529979
all_reduce,4gpu,4,default,LL128,auto/LL128,67108864,ip,2,RING/LL128[0-7],15900.749999999998,15878.099999999999,15923.399999999998,0.0020144922212945986,4.220000000000001,4.21,4.23,0.0033512169724481695,6.33,6.32,6.34,0.0022341446482986808,7.251516129032258,7.219909677419355,7.283122580645162,0.00616398994832303,5.620293858154902,5.585571756636383,5.655015959673421,0.008736992783809,7.247343371692079,7.231723110672691,7.2629636327114655,0.003048066560183911,1.0805601073849586e-07,1.0758503790824644e-07,1.0852698356874528e-07,0.00616398994832303,8.374890473715815e-08,8.323150510544155e-08,8.426630436887475e-08,0.008736992783809,0.009254635544218588,0.009214298298142236,0.009294972790294937,0.006163989948323009,0.011940910416880536,0.01186713962941239,0.012014681204348681,0.008736992783808939,0.11530382920258064,0.11496550975741933,0.11564214864774194,0.0041495234899879005,0.08936610110945716,0.08894129330962376,0.08979090890929055,0.006722559723070244,455.7885840434843,454.1569709153003,457.4201971716683,0.005062543238695209,35.83673469387755,34.43877551020408,37.234693877551024,0.05516721470532867,1935.0,1931.25,1938.75,0.0027407239580873937
all_reduce,4gpu,4,default,LL128,auto/LL128,67108864,oop,2,RING/LL128[0-7],15866.900000000001,15857.6,15876.2,0.000828907104101623,4.23,4.23,4.23,0.0,6.345,6.34,6.35,0.0011144314912317297,7.186025806451612,7.164122580645162,7.207929032258063,0.004310566066627881,5.545513647694236,5.53144518675338,5.559582108635093,0.0035877304661486075,7.126111504634432,7.123439654685721,7.128783354583144,0.000530242395398385,1.0708012888508457e-07,1.0675374538667741e-07,1.0740651238349174e-07,0.004310566066627881,8.263459276697391e-08,8.242495636274486e-08,8.284422917120297e-08,0.0035877304661486075,0.009338887625447328,0.009310422411161904,0.009367352839732753,0.0043105660666278274,0.012101547335827577,0.012070846817023731,0.012132247854631422,0.0035877304661486066,0.11401974916838709,0.11373904291483872,0.11430045542193545,0.003481665182623546,0.08798997965991293,0.08781833007393401,0.08816162924589184,0.0027588274642788707,449.1183229745782,448.68669169484644,449.54995425430985,0.0013591492008122386,35.3675,34.05,36.685,0.05268187936457358,1925.4375,1923.15,1927.725,0.001680144654878866
all_reduce,4gpu,4,default,default,auto/auto,4096,ip,2,RING/LL[0-0],11.884999999999998,11.869999999999997,11.9,0.00178487197607055,0.345,0.34,0.35,0.02049584873004476,0.52,0.52,0.52,0.0,0.004668469611862751,0.004668023420109367,0.004668915803616136,0.00013516430040634906,0.003449680276933281,0.003448722768194635,0.0034506377856719267,0.0003925354628770056,0.0046675971469035266,0.004665867210625346,0.004669327083181708,0.0005241453513759047,1.1397630888336795e-06,1.1396541553001384e-06,1.1398720223672208e-06,0.00013516430040634906,8.422070988606643e-07,8.419733320787683e-07,8.424408656425602e-07,0.0003925354628770056,0.0008773753238122449,0.0008772914681450444,0.0008774591794794455,0.0001351643004063593,0.001187356504587587,0.0011870269365877254,0.0011876860725874487,0.00039253546287716754,5.54847546441125e-08,5.542003058892353e-08,5.5549478699301465e-08,0.001649707874660918,4.099946445398312e-08,4.093633925847031e-08,4.1062589649495924e-08,0.0021774066761740297,392.7309015737195,392.08968156515516,393.3721215822838,0.0023090162473665974,36.25,36.0,36.5,0.009753196981883415,1931.25,1931.25,1931.25,0.0
all_reduce,4gpu,4,default,default,auto/auto,4096,oop,2,RING/LL[0-0],11.895,11.879999999999999,11.91,0.0017833714531817764,0.34,0.34,0.34,0.0,0.52,0.52,0.52,0.0,0.004638785466047286,0.004587892338887594,0.004689678593206978,0.015515645460996978,0.0034060655040515165,0.0033510897589411844,0.003461041249161849,0.022826174142604596,0.004589489792903997,0.004530491854036206,0.004648487731771789,0.0181797300056954,1.1325159829217007e-06,1.120090903048729e-06,1.1449410627946725e-06,0.015515645460996978,8.315589609500773e-07,8.181371481790001e-07,8.449807737211545e-07,0.022826174142604596,0.0008830960420858724,0.0008734074027872775,0.0008927846813844675,0.015515645460996924,0.0012028739175115413,0.0011834588798939965,0.0012222889551290858,0.022826174142604638,5.517911651553986e-08,5.4504160985984614e-08,5.585407204509511e-08,0.01729877758421386,4.051597380686945e-08,3.981094633622127e-08,4.122100127751762e-08,0.024609044708859884,385.82788504630713,381.3545331680308,390.30123692458346,0.016396624351726855,36.076530612244895,35.765306122448976,36.38775510204081,0.012200116999683056,1921.8367346938776,1920.688775510204,1922.984693877551,0.0008447436857118849
all_reduce,4gpu,4,default,default,auto/auto,1048576,ip,2,RING/SIMPLE[0-7],188.75,188.69,188.81,0.0004495513310855042,5.555,5.55,5.56,0.0012729194980855671,8.335,8.33,8.34,0.0008483584657306927,0.07952457513574501,0.07882624638600945,0.08022290388548058,0.012418626408067119,0.06018179121423307,0.059428645287758354,0.06093493714070778,0.01769819678306101,0.07956438787952638,0.07887945337581555,0.08024932238323723,0.012174336915051043,7.584054483007909e-08,7.51745666370482e-08,7.650652302310999e-08,0.012418626408067119,5.739382859633738e-08,5.667557266975246e-08,5.8112084522922306e-08,0.01769819678306101,0.013186576116089265,0.013070780901883811,0.01330237133029472,0.012418626408067002,0.017426205257197493,0.01720812475080893,0.01764428576358605,0.017698196783061056,1.5010221657146887e-05,1.4883183580142444e-05,1.5137259734151329e-05,0.011969108487611058,1.1359267902930902e-05,1.1220722516781655e-05,1.149781328908015e-05,0.017248714069498215,421.5343769372806,417.7715871819053,425.2971666926559,0.012623853701028096,36.34171907756813,36.27777777777778,36.40566037735849,0.002488232688340229,1936.875,1935.0,1938.75,0.0013690353943592401
all_reduce,4gpu,4,default,default,auto/auto,1048576,oop,2,RING/SIMPLE[0-7],188.59999999999997,188.43999999999997,188.75999999999996,0.0011997569988318685,5.555,5.55,5.56,0.0012729194980855671,8.34,8.33,8.35,0.0016956997150756174,0.07909424582187434,0.07892355969254636,0.07926493195120232,0.003051886221258366,0.05959691399693447,0.05946708112252925,0.059726746871339685,0.0030808879103234586,0.07844446642394685,0.07816207499227615,0.07872685785561756,0.005091012926371998,7.54301508158439e-08,7.526737183813701e-08,7.55929297935508e-08,0.003051886221258366,5.683604621594855e-08,5.6712227938203095e-08,5.6959864493694005e-08,0.0030808879103234586,0.013257359904633694,0.013228750396777384,0.013285969412490004,0.0030518862212582233,0.01759455156606362,0.017556221541059132,0.01763288159106811,0.0030808879103234985,1.491720207178619e-05,1.4872355588463433e-05,1.4962048555108949e-05,0.0042516354363622754,1.1239998753081745e-05,1.1205976766729411e-05,1.1274020739434078e-05,0.004280636997860029,415.9293919003492,414.78494476903074,417.07383903166755,0.0038912678114299583,35.89583333333333,35.87037037037037,35.92129629629629,0.0010031823812538469,1925.7986111111113,1925.0694444444446,1926.5277777777778,0.0005354648109520482
all_reduce,4gpu,4,default,default,auto/auto,67108864,ip,2,RING/SIMPLE[0-7],10449.849999999999,10418.4,10481.3,0.004256234925538031,6.42,6.4,6.44,0.004405649727018991,9.629999999999999,9.6,9.66,0.004405649727019024,4.5886484375,4.5756484375,4.6016484375,0.004006577658162572,3.516894511036207,3.508209107654851,3.5255799144175626,0.0034925742634729605,4.5872487939751725,4.56657963553436,4.607917952415984,0.006372142759779134,6.837619002908468e-08,6.818247493356466e-08,6.85699051246047e-08,0.004006577658162572,5.2405812010708554e-08,5.227638941488938e-08,5.2535234606527725e-08,0.0034925742634729605,0.014625091365449316,0.01458365733746908,0.01466652539342955,0.00400657765816253,0.019081969360008222,0.019034844090631428,0.019129094629385012,0.003492574263472982,0.04795109672460937,0.04767093568125,0.048231257767968744,0.008262742131695198,0.03675129326208805,0.0365499257671913,0.03695266075698479,0.007748751595575645,438.9755008793037,438.31870877815794,439.6322929804494,0.0021159365277544106,35.37229210342418,34.95754716981132,35.78703703703704,0.016581846274645422,1938.75,1938.75,1938.75,0.0
all_reduce,4gpu,4,default,default,auto/auto,67108864,oop,2,RING/SIMPLE[0-7],10435.599999999999,10396.399999999998,10474.8,0.0053123128181442715,6.4350000000000005,6.41,6.46,0.005494225184044638,9.645,9.61,9.68,0.005131931019498033,4.59486328125,4.578199218750001,4.61152734375,0.005128888880741835,3.516972608627876,3.5047533650017666,3.5291918522539856,0.004913492932982198,4.561094580016786,4.533964175753661,4.588224984279912,0.008412056577313082,6.846879841759801e-08,6.822048453614117e-08,6.871711229905486e-08,0.005128888880741835,5.240697575551087e-08,5.2224894836571315e-08,5.258905667445042e-08,0.004913492932982198,0.014605384876544683,0.014552415934593254,0.014658353818496114,0.005128888880741836,0.01908165958702474,0.019015362952609006,0.01914795622144047,0.004913492932982264,0.047950808489062496,0.0475967903578125,0.04830482662031249,0.01044105945896449,0.0367021983489472,0.03643681788390436,0.03696757881399004,0.010225672295818463,437.0670614196959,436.10905464907677,438.02506819031504,0.0030998130205786745,34.77083333333333,34.37037037037037,35.1712962962963,0.016287793508457958,1930.2430555555557,1929.5833333333335,1930.9027777777778,0.0004833526593349058
reduce_scatter,2gpu_nvlink,2,Ring,LL128,Ring/LL128,4096,ip,2,RING/LL128[0-0],12.725000000000001,12.72,12.73,0.0005556831286338172,0.32,0.32,0.32,0.0,0.16,0.16,0.16,0.0,0.0025441103419119593,0.00253936479416583,0.002548855889658088,0.0026379429669002303,0.0019088521382861338,0.001903904317445267,0.0019137999591270006,0.003665697932805092,0.002545331383037815,0.002541123153294578,0.002549539612781052,0.0023381378221034132,6.211206889433494e-07,6.199621079506421e-07,6.222792699360567e-07,0.0026379429669002303,4.6602835407376313e-07,4.648203900012859e-07,4.672363181462404e-07,0.003665697932805092,0.001609998664003385,0.0016069955216453807,0.0016130018063613889,0.0026379429669002295,0.002145806601624773,0.0021402445853684897,0.0021513686178810565,0.003665697932805168,3.237378037309095e-08,3.2326113829731016e-08,3.2421446916450883e-08,0.002082261364418688,2.429011872058685e-08,2.423670196107825e-08,2.434353548009545e-08,0.0031100179716725255,200.02620271473387,199.616901280014,200.43550414945378,0.0028938190708201737,37.75,37.5,38.0,0.00936565273094765,1923.75,1920.0,1927.5,0.0027567515835732847
reduce_scatter,2gpu_nvlink,2,Ring,LL128,Ring/LL128,4096,oop,2,RING/LL128[0-0],12.745000000000001,12.74,12.75,0.0005548111268627166,0.32,0.32,0.32,0.0,0.16,0.16,0.16,0.0,0.0025581197484542623,0.0025577498282513345,0.0025584896686571897,0.00020450417471352484,0.0019162675532362135,0.0019161283259030428,0.001916406780569384,0.00010275036097662337,0.0025370382137537093,0.0025347460675671707,0.002539330359940248,0.0012777041379871906,6.245409542124664e-07,6.244506416629235e-07,6.246312667620092e-07,0.00020450417471352484,4.6783875811430994e-07,4.6780476706617257e-07,4.6787274916244725e-07,0.00010275036097662337,0.0016011760544542017,0.0016009445143273784,0.0016014075945810253,0.00020450417471356338,0.0021374885854037818,0.002137333285150993,0.0021376438856565705,0.00010275036097668592,3.2603234344448555e-08,3.2595158378692594e-08,3.2611310310204515e-08,0.00035030697202237756,2.4422830662132205e-08,2.4411474872004767e-08,2.4434186452259645e-08,0.0006575614690965059,199.0614127100692,198.95965993462877,199.16316548550964,0.000722893267348358,37.62244897959184,37.36734693877551,37.87755102040816,0.009589188787449746,1913.6479591836735,1908.9795918367347,1918.3163265306123,0.003449991093971571
reduce_scatter,2gpu_nvlink,2,Ring,LL128,Ring/LL128,1048576,ip,2,RING/LL128[0-3],37.714999999999996,37.64999999999999,37.78,0.0024373294857287027,27.8,27.75,27.85,0.0025435495726135165,13.905000000000001,13.88,13.93,0.0025426349557228782,0.008722563645698064,0.00871731646181258,0.008727810829583548,0.0008507405524953481,0.006838751197859037,0.006829745499711297,0.006847756896006776,0.001862325458361187,0.008722117011820588,0.008715699292178808,0.008728534731462368,0.0010405760602171885,8.318484922121109e-09,8.313480817616063e-09,8.323489026626156e-09,0.0008507405524953481,6.5219413736906404e-09,6.513352870665834e-09,6.530529876715446e-09,0.001862325458361187,0.12021424228594829,0.12014192567576917,0.12028655889612742,0.0008507405524954309,0.1533288444089742,0.1531269313330136,0.1535307574849348,0.0018623254583612595,3.2897114683054994e-07,3.2860207773382057e-07,3.293402159272793e-07,0.0015865905781588501,2.5792291605687393e-07,2.578180471346551e-07,2.5802778497909284e-07,0.0005750053323710606,231.26485429560404,230.69611678609866,231.8335918051094,0.0034779011355729264,38.105000000000004,38.0,38.21,0.0038969275436078095,1923.75,1920.0,1927.5,0.0027567515835732847
reduce_scatter,2gpu_nvlink,2,Ring,LL128,Ring/LL128,1048576,oop,2,RING/LL128[0-3],37.825,37.82,37.83,0.00018694164737248031,27.725,27.72,27.73,0.00025504302297084153,13.86,13.86,13.86,0.0,0.008709849605894965,0.00860186331652221,0.00881783589526772,0.017533675309150606,0.006808024787797938,0.006697008257530966,0.00691904131806491,0.02306117965853312,0.008652297983359435,0.008528908859808036,0.008775687106910835,0.020167887457334933,8.306359868903127e-09,8.203376118204318e-09,8.409343619601937e-09,0.017533675309150606,6.492638385580004e-09,6.3867647719678556e-09,6.598511999192152e-09,0.02306117965853312,0.12040818773830639,0.11891534526773634,0.12190103020887644,0.017533675309150676,0.15406155715549993,0.15154931901653415,0.15657379529446572,0.023061179658533135,3.294506012744239e-07,3.2532247063087e-07,3.3357873191797784e-07,0.017720587914480605,2.5751409268110835e-07,2.5328085229982115e-07,2.617473330623955e-07,0.0232480711935847,228.74505813669805,225.51319037038698,231.97692590300915,0.019980983476295313,37.765,37.629999999999995,37.9,0.005055443689139945,1919.55,1911.6,1927.5,0.005857100789698717
reduce_scatter,2gpu_nvlink,2,Ring,LL128,Ring/LL128,67108864,ip,2,RING/LL128[0-3],1145.845,1145.41,1146.28,0.0005368814277953992,58.565,58.54,58.59,0.0006036939991348143,29.28,29.27,29.29,0.0004829964352367025,0.33034029371271223,0.32994079853143643,0.3307397888939881,0.001710271239131104,0.27310638372632146,0.272730514529067,0.273482252923576,0.0019463452636400576,0.3303201938981969,0.3298862660725301,0.3307541217238637,0.0018577932184739652,4.922453965436104e-09,4.916501023343748e-09,4.928406907528461e-09,0.001710271239131104,4.069602246974728e-09,4.0640013594786375e-09,4.07520313447082e-09,0.0019463452636400576,0.2031510034502475,0.2029053239237278,0.20339668297676722,0.0017102712391311038,0.24572472527921232,0.2453865407447606,0.24606290981366405,0.0019463452636401,0.0003785189476296466,0.00037791749004589267,0.00037912040521340064,0.0022471516352446336,0.00031293774776398767,0.00031238825864673866,0.0003134872368812367,0.002483225394004038,288.27640454956577,288.0071468491894,288.54566224994215,0.0013209124494273485,39.480000000000004,39.28,39.68,0.007164202443632675,1920.0,1920.0,1920.0,0.0
reduce_scatter,2gpu_nvlink,2,Ring,LL128,Ring/LL128,67108864,oop,2,RING/LL128[0-3],1148.485,1147.86,1149.11,0.0007696082025304506,58.43,58.4,58.46,0.0007261065697620136,29.215,29.2,29.23,0.0007261065697620136,0.329885268471776,0.3270206516750803,0.33274988526847177,0.01228057240523752,0.27202718194340914,0.2692114806463831,0.27484288324043515,0.014638253917853332,0.3270579537553119,0.32427144539959873,0.3298444621110251,0.012048989676195944,4.9156735609736445e-09,4.8729874443274784e-09,4.958359677619811e-09,0.01228057240523752,4.053520887246864e-09,4.0115636683461534e-09,4.095478106147575e-09,0.014638253917853332,0.20344626214718456,0.20167960071828342,0.2052129235760857,0.012280572405237469,0.24672554515888956,0.244171736261741,0.24927935405603815,0.014638253917853282,0.0003788700729463056,0.00037537392523175766,0.00038236622066085355,0.013050118937935017,0.0003124208978675868,0.0003090170901747573,0.0003158247055604164,0.015407775330540203,284.7721426123683,282.5008671785747,287.04341804616195,0.011279433770767516,38.8578431372549,38.568627450980394,39.147058823529406,0.010525873619277348,1914.1911764705883,1912.9411764705883,1915.4411764705883,0.000923505956299413
reduce_scatter,2gpu_nvlink,2,Ring,default,Ring/auto,4096,ip,2,RING/LL[0-0],5.735,5.73,5.74,0.0012329673603949998,0.71,0.71,0.71,0.0,0.36,0.36,0.36,0.0,0.0011413341190730443,0.0011373413583612262,0.0011453268797848625,0.004947382414668985,0.0008548102384854699,0.0008511746898816551,0.0008584457870892847,0.006014717548646767,0.001141000678223725,0.001137593668386483,0.0011444076880609674,0.004222819154207149,2.7864602516431746e-07,2.7767123006865873e-07,2.796208202599762e-07,0.004947382414668985,2.0869390588024167e-07,2.0780632077188844e-07,2.095814909885949e-07,0.006014717548646767,0.0035888264971892184,0.0035762716062067716,0.0036013813881716652,0.004947382414668958,0.004791793437967704,0.004771413712551641,0.004812173163383766,0.006014717548646823,6.545571136687469e-09,6.516965983409826e-09,6.574176289965111e-09,0.006180330925175109,4.902354895457189e-09,4.877230973021884e-09,4.9274788178924945e-09,0.007247658034905505,198.95354405153748,198.5329264199796,199.37416168309537,0.0029898595773108013,37.5,37.5,37.5,0.0,1923.75,1920.0,1927.5,0.0027567515835732847
reduce_scatter,2gpu_nvlink,2,Ring,default,Ring/auto,4096,oop,2,RING/LL[0-0],5.75,5.74,5.76,0.0024595018476053303,0.71,0.71,0.71,0.0,0.36,0.36,0.36,0.0,0.00113680182117361,0.0011337075064129993,0.0011398961359342207,0.003849414928091197,0.0008469990701112785,0.0008442730767955201,0.000849725063427037,0.004551524144622158,0.0011265520537862264,0.0011231130741617213,0.0011299910334107315,0.004317112209200038,2.775395071224634e-07,2.7678405918286115e-07,2.782949550620656e-07,0.003849414928091197,2.0678688235138636e-07,2.0612135663953128e-07,2.0745240806324146e-07,0.004551524144622158,0.003603117334251401,0.0035933098383942284,0.0036129248301085735,0.0038494149280911432,0.004835946782127247,0.004820382705295722,0.004851510858958773,0.00455152414462222,6.536641414895864e-09,6.507481086810616e-09,6.5658017429811115e-09,0.006308886910551642,4.8702719130730095e-09,4.846127460806286e-09,4.894416365339733e-09,0.0070109867500447965,195.921648745238,195.66429863444623,196.17899885602978,0.0018576202236497091,37.35377358490567,37.34905660377359,37.35849056603774,0.0001785848670757055,1919.2924528301887,1916.6037735849056,1921.9811320754716,0.001981129372932855
reduce_scatter,2gpu_nvlink,2,Ring,default,Ring/auto,1048576,ip,2,RING/SIMPLE[0-3],35.915,35.9,35.93,0.0005906502418375952,29.195,29.18,29.21,0.0007266039882033646,14.594999999999999,14.59,14.6,0.0004844856328787479,0.007832405353284905,0.007802064755607755,0.007862745950962055,0.005478276824313643,0.00603838708748341,0.006007796959293521,0.006068977215673301,0.007164326091407281,0.00783150000650856,0.007802267800081374,0.007860732212935742,0.005278756656203354,7.469563821110635e-09,7.440628772361522e-09,7.498498869859748e-09,0.005478276824313643,5.758654677852068e-09,5.729481658261796e-09,5.787827697442342e-09,0.007164326091407281,0.13387863467440964,0.13336002543382447,0.13439724391499483,0.005478276824313655,0.17365612636731678,0.17277639423196772,0.17453585850266584,0.007164326091407256,2.813003831542622e-07,2.8032818666898663e-07,2.8227257963953776e-07,0.004887634490046825,2.1686821339504382e-07,2.1586014474741618e-07,2.1787628204267148e-07,0.006573689758218448,218.05690050124645,217.15190092071737,218.96190008177555,0.005869397747946482,37.75,37.5,38.0,0.00936565273094765,1923.75,1920.0,1927.5,0.0027567515835732847
reduce_scatter,2gpu_nvlink,2,Ring,default,Ring/auto,1048576,oop,2,RING/SIMPLE[0-3],35.89,35.86,35.92,0.0011821233455334204,29.215,29.19,29.24,0.0012101776162699084,14.61,14.6,14.62,0.0009679764287289972,0.00791835225542651,0.007902257601461569,0.007934446909391449,0.0028744967620405308,0.006116410774345757,0.006098472520634361,0.006134349028057154,0.0041476157537277,0.007877148481251081,0.007858579802935382,0.007895717159566782,0.0033337034044627965,7.551529174257765e-09,7.536180116139955e-09,7.566878232375573e-09,0.0028744967620405308,5.833063864084012e-09,5.8159566122382745e-09,5.85017111592975e-09,0.0041476157537277,0.1324240572084098,0.13215489522765275,0.13269321918916685,0.0028744967620403846,0.17143796549006915,0.17093517098620337,0.17194075999393493,0.004147615753727733,2.8418917960763845e-07,2.838490930444996e-07,2.8452926617077736e-07,0.001692376291862626,2.1951744454365787e-07,2.1905713294118625e-07,2.1997775614612952e-07,0.002965499678106952,219.48090015089832,218.780061328936,220.18173897286064,0.004515817851919089,37.66459183673469,37.45918367346938,37.87,0.007712575555607788,1923.75,1920.0,1927.5,0.0027567515835732847
reduce_scatter,2gpu_nvlink,2,Ring,default,Ring/auto,67108864,ip,2,RING/SIMPLE[0-3],1044.315,1043.21,1045.42,0.001496393316597287,64.25999999999999,64.19,64.33,0.0015405376496439008,32.129999999999995,32.1,32.16,0.0013204608425518034,0.2934395627062706,0.29077681518151816,0.29610231023102307,0.012832944637563157,0.24128030580296067,0.23866520394869364,0.24389540765722773,0.015327867299338018,0.29344033319847845,0.2907754759760841,0.2961051904208728,0.012843078470569022,4.372590224538305e-09,4.33291219445345e-09,4.412268254623161e-09,0.012832944637563157,3.595356729670773e-09,3.55638867540201e-09,3.6343247839395363e-09,0.015327867299338018,0.22871622943364978,0.22664079840390555,0.230791660463394,0.012832944637563239,0.278169194535194,0.27515427471400056,0.28118411435638746,0.015327867299338197,0.00030644627926361385,0.00030334128136551156,0.00030955127716171614,0.014329200371393099,0.00025197553224216786,0.0002489779274113167,0.00025497313707301903,0.016824067673168314,280.9859496595823,278.7314883638808,283.2404109552838,0.011346794187000795,36.245098039215684,33.970588235294116,38.51960784313725,0.0887469695619578,1927.5,1920.0,1935.0,0.005502776507288308
reduce_scatter,2gpu_nvlink,2,Ring,default,Ring/auto,67108864,oop,2,RING/SIMPLE[0-3],1046.185,1045.4399999999998,1046.93,0.0010070772415663798,64.145,64.1,64.19,0.0009921211365935254,32.075,32.05,32.1,0.0011022708981864502,0.2845369224422442,0.27935808580858085,0.2897157590759076,0.025740002182416195,0.23194260898959196,0.22679442388539053,0.2370907940937934,0.031389804692140574,0.28268924182433003,0.27754634037318343,0.2878321432754766,0.02572846753991264,4.23993054691321e-09,4.1627598674383886e-09,4.317101226388031e-09,0.025740002182416195,3.4562142042754882e-09,3.3795002681820174e-09,3.5329281403689595e-09,0.031389804692140574,0.23593107777748384,0.231636912724575,0.24022524283039265,0.02574000218241616,0.2894765323037797,0.28305132747352324,0.2959017371340361,0.031389804692140595,0.0002976821184385313,0.00029205211722772276,0.0003033121196493399,0.026746732757300322,0.0002426587137836789,0.00023709996250674266,0.00024821746506061514,0.03239636987736616,270.2062473247623,265.48280185681,274.92969279271455,0.024721710574956313,35.48529411764706,33.0,37.970588235294116,0.09904769666019603,1917.9411764705883,1912.9411764705883,1922.9411764705883,0.003686801190054074
reduce_scatter,2gpu_nvlink,2,default,LL128,auto/LL128,4096,ip,2,RING/LL128[0-0],12.754999999999999,12.71,12.799999999999999,0.004989385363135079,0.32,0.32,0.32,0.0,0.16,0.16,0.16,0.0,0.0025507092682619517,0.002538350885666586,0.002563067650857317,0.006851973485504455,0.0019137828838062714,0.0019036246733785476,0.0019239410942339951,0.0075065353953604405,0.0025512532982585384,0.002538353598690159,0.0025641529978269184,0.007150575794490318,6.227317549467655e-07,6.197145716959439e-07,6.257489381975871e-07,0.006851973485504455,4.672321493667655e-07,4.647521175240595e-07,4.6971218120947147e-07,0.0075065353953604405,0.0016058655550765808,0.0015980850129453021,0.0016136460972078594,0.0068519734855044005,0.002140323982812284,0.00212896330988283,0.0021516846557417387,0.007506535395360412,3.2534852843897985e-08,3.226243975682231e-08,3.280726593097365e-08,0.011841156441025461,2.4410757802418238e-08,2.419506959864134e-08,2.4626446006195138e-08,0.012495686758031081,200.01878032065724,199.71310768608646,200.324452955228,0.002161228984414776,36.44387755102041,35.5,37.38775510204081,0.03662739871748876,1923.75,1920.0,1927.5,0.0027567515835732847
reduce_scatter,2gpu_nvlink,2,default,LL128,auto/LL128,4096,oop,2,RING/LL128[0-0],12.78,12.73,12.829999999999998,0.005532916910692742,0.32,0.32,0.32,0.0,0.16,0.16,0.16,0.0,0.002526798370415481,0.002505738195487143,0.002547858545343819,0.011787084145027492,0.0018838683699206927,0.001864153426761213,0.0019035833130801724,0.014799940613008196,0.0025086746921583578,0.0024828552378901294,0.002534494146426586,0.014555184262565794,6.168941334022171e-07,6.117524891326033e-07,6.220357776718309e-07,0.011787084145027492,4.599288012501691e-07,4.551155827053743e-07,4.6474201979496396e-07,0.014799940613008196,0.0016211362993305781,0.0016076245706361488,0.0016346480280250077,0.011787084145027405,0.002174487721574184,0.002151731406687053,0.002197244036461315,0.014799940613008189,3.2293536182656265e-08,3.189804722855133e-08,3.26890251367612e-08,0.017319436295252552,2.4076823514744428e-08,2.3730673122670244e-08,2.442297390681861e-08,0.020332025061042255,196.29202467624793,195.039688758062,197.54436059443384,0.00902263065993938,36.265306122448976,35.38775510204081,37.14285714285714,0.034221262342173916,1917.4744897959183,1916.3265306122448,1918.6224489795918,0.0008466654733824328
reduce_scatter,2gpu_nvlink,2,default,LL128,auto/LL128,1048576,ip,2,RING/LL128[0-3],37.75999999999999,37.72999999999999,37.79,0.0011235806904449019,27.765,27.74,27.79,0.0012733779599974026,13.885,13.87,13.9,0.0015277784253220907,0.008730941805656273,0.008719996374184191,0.008741887237128354,0.0017729104120032604,0.006844761531197074,0.006832207245059037,0.006857315817335109,0.0025938729408470983,0.008729936201141375,0.008717281344309111,0.008742591057973637,0.002050034473303073,8.326474958091997e-09,8.316036581215087e-09,8.336913334968904e-09,0.0017729104120032604,6.527673274228166e-09,6.515700573977506e-09,6.539645974478826e-09,0.0025938729408470983,0.12009903069921488,0.11994847011369705,0.1202495912847327,0.0017729104120032754,0.1531944572115513,0.1529134763414612,0.1534754380816414,0.0025938729408471425,3.2968003421863666e-07,3.2952866298042055e-07,3.298314054568527e-07,0.0006493303682940989,2.584578187894173e-07,2.58189111790781e-07,2.5872652578805365e-07,0.0014702943929341865,231.19575650979772,230.67693422358062,231.7145787960148,0.003173611508732543,38.18,38.0,38.36,0.0066673242856772315,1923.75,1920.0,1927.5,0.0027567515835732847
reduce_scatter,2gpu_nvlink,2,default,LL128,auto/LL128,1048576,oop,2,RING/LL128[0-3],37.825,37.78,37.87,0.0016824748263525886,27.725,27.69,27.76,0.0017853011607956186,13.86,13.84,13.88,0.0020407122112166345,0.008564033417935702,0.008554855571670291,0.008573211264201113,0.0015155749666665964,0.0066614417769414735,0.006653246065901627,0.00666963748798132,0.0017399365023293414,0.008503795770571816,0.0084901244336386,0.008517467107505033,0.0022735953012458974,8.167298715530111e-09,8.158546039266864e-09,8.176051391793359e-09,0.0015155749666665964,6.352845932904695e-09,6.345029893781306e-09,6.360661972028084e-09,0.0017399365023293414,0.12243964416087261,0.1223084288589161,0.12257085946282913,0.001515574966666566,0.15741000557124785,0.1572163407515825,0.15760367039091322,0.0017399365023294177,3.2393497703649983e-07,3.232024434977036e-07,3.246675105752961e-07,0.003198045715644064,2.5196940401980803e-07,2.5135963636976344e-07,2.5257917166985257e-07,0.0034224063193069227,224.81934016816118,224.72536880991532,224.91331152640703,0.0005911216054922208,37.765,37.620000000000005,37.91,0.005429920999446397,1913.775,1910.4,1917.15,0.002494008320209636
reduce_scatter,2gpu_nvlink,2,default,LL128,auto/LL128,67108864,ip,2,RING/LL128[0-3],1144.7149999999997,1144.32,1145.1099999999997,0.0004879942668150468,58.625,58.6,58.65,0.0006030761460012856,29.310000000000002,29.3,29.32,0.0004825020683633793,0.3289134307903152,0.32716994061215166,0.33065692096847876,0.007496402472524945,0.27174828494335923,0.2700326179208055,0.2734639519659129,0.008928555233816502,0.32896427368563197,0.3272218867059196,0.33070666066534427,0.00749050123286712,4.901192051027942e-09,4.8752120228432366e-09,4.927172079212647e-09,0.007496402472524945,4.04936499809264e-09,4.023799567234598e-09,4.074930428950681e-09,0.008928555233816502,0.20403772967941491,0.20295617525089527,0.20511928410793454,0.007496402472524982,0.2469621438445718,0.24540296268506015,0.24852132500408344,0.008928555233816434,0.00037651282660575603,0.00037438710644129735,0.00037863854677021465,0.007984382135101028,0.0003110750156874113,0.00030900372533913616,0.0003131463060356864,0.009416528986328743,287.3760819242883,285.95313086017865,288.7990329883979,0.00700251976428314,38.93764705882353,37.64,40.23529411764706,0.04713048189556525,1923.75,1920.0,1927.5,0.0027567515835732847
reduce_scatter,2gpu_nvlink,2,default,LL128,auto/LL128,67108864,oop,2,RING/LL128[0-3],1149.7199999999998,1148.8299999999997,1150.61,0.0010947448687612603,58.364999999999995,58.32,58.41,0.0010903728314364202,29.185000000000002,29.16,29.21,0.001211421588464207,0.33037894015532204,0.3273476473275468,0.3334102329830973,0.012975692175017713,0.27247298038258694,0.2693998898627751,0.27554607090239885,0.01595022847922685,0.32763425497378984,0.3240930407940638,0.33117546915351587,0.015285438088996815,4.923029842307002e-09,4.877860059254569e-09,4.968199625359435e-09,0.012975692175017713,4.060163801649018e-09,4.0143711844500166e-09,4.105956418848021e-09,0.01595022847922685,0.20314404409798348,0.20128015687929462,0.20500793131667236,0.01297569217501774,0.2463268158469902,0.243548615228742,0.24910501646523842,0.015950228479226877,0.00037984597292599353,0.0003760667976793055,0.00038362514817268155,0.014070337108700046,0.00031327037005603046,0.0003094946754710518,0.0003170460646410091,0.017044824534476147,284.96652232047416,282.10704873137354,287.82599590957483,0.014190811952310716,38.53264705882353,37.23529411764706,39.83,0.04761505540471961,1913.2382352941177,1912.8000000000002,1913.6764705882351,0.00032393158625968117
reduce_scatter,2gpu_nvlink,2,default,default,auto/auto,4096,ip,2,RING/LL[0-0],5.75,5.72,5.779999999999999,0.0073785055428161,0.715,0.71,0.72,0.009889605331280395,0.355,0.35,0.36,0.019918500878494314,0.00114237030892063,0.0011390599078341015,0.0011456807100071584,0.004098158081407566,0.000855051118391493,0.0008531149208175018,0.0008569873159654843,0.0032023779744576736,0.0011418541122419292,0.001138205990990905,0.0011455022334929533,0.004518285212679411,2.7889900120132567e-07,2.7809079781105994e-07,2.797072045915914e-07,0.004098158081407566,2.087527144510481e-07,2.082800099652104e-07,2.092254189368858e-07,0.0032023779744576736,0.0035855574713890177,0.0035751671161281993,0.003595947826649836,0.004098158081407548,0.004790381434168783,0.004779533983400251,0.0048012288849373155,0.0032023779744576337,6.568728588326218e-09,6.51542267281106e-09,6.622034503841375e-09,0.011476490109550914,4.9166020166783045e-09,4.8798173470761095e-09,4.953386686280499e-09,0.01058075851215288,198.58541939148625,198.1837774209262,198.98706136204635,0.002860268008219487,37.2688679245283,37.0377358490566,37.5,0.008770594172418917,1923.75,1920.0,1927.5,0.0027567515835732847
reduce_scatter,2gpu_nvlink,2,default,default,auto/auto,4096,oop,2,RING/LL[0-0],5.754999999999999,5.74,5.769999999999999,0.00368604751270119,0.71,0.71,0.71,0.0,0.36,0.36,0.36,0.0,0.0011466672828025135,0.00113526267281106,0.001158071892793967,0.01406559196846544,0.0008574102753733223,0.0008472203191429978,0.0008676002316036468,0.01680732633468681,0.0011394504492072508,0.0011300890311317035,0.0011488118672827981,0.011618797828983658,2.799480670904574e-07,2.771637384792627e-07,2.827323957016521e-07,0.01406559196846544,2.0932868051106502e-07,2.0684089822827095e-07,2.1181646279385908e-07,0.01680732633468681,0.0035724444916484417,0.003536913403638509,0.0036079755796583745,0.014065591968465461,0.004777851083854834,0.004721068357057805,0.004834633810651864,0.01680732633468674,6.599241281678336e-09,6.516407741935485e-09,6.6820748214211875e-09,0.01775117931343748,4.934548984116924e-09,4.863044631880808e-09,5.006053336353041e-09,0.02049273905811998,197.99023284912937,196.87962214838038,199.1008435498784,0.007932920189617521,37.198986722571625,36.990566037735846,37.407407407407405,0.007923639462872745,1923.75,1920.0,1927.5,0.0027567515835732847
reduce_scatter,2gpu_nvlink,2,default,default,auto/auto,1048576,ip,2,RING/SIMPLE[0-3],35.875,35.82999999999999,35.92,0.0017739264197016505,29.23,29.2,29.26,0.0014514679052752123,14.615,14.6,14.63,0.0014514679052752123,0.007899749752502475,0.007863780112198878,0.007935719392806071,0.006439286653974634,0.0061078562981528636,0.006070091322708394,0.006145621273597334,0.00874410559927668,0.00789939382299244,0.007864333872435358,0.00793445377354952,0.006276716756371571,7.53378844499824e-09,7.499485122870329e-09,7.568091767126152e-09,0.006439286653974634,5.824905679848541e-09,5.788890192707438e-09,5.860921166989645e-09,0.00874410559927668,0.13273809583809904,0.13213370434324587,0.13334248733295218,0.006439286653974652,0.1716831629759426,0.17062164316972578,0.17274468278215943,0.008744105599276825,2.834019037372126e-07,2.824669816301837e-07,2.843368258442415e-07,0.004665386880211997,2.1911764527233899e-07,2.1803768031168553e-07,2.2019761023299244e-07,0.006970233238612858,220.1937346253597,218.94025257336742,221.447216677352,0.008050598356646416,37.63942307692308,37.5,37.77884615384615,0.005238497037785116,1927.5,1927.5,1927.5,0.0
reduce_scatter,2gpu_nvlink,2,default,default,auto/auto,1048576,oop,2,RING/SIMPLE[0-3],35.864999999999995,35.809999999999995,35.92,0.002168736816688272,29.235,29.19,29.28,0.002176829495699989,14.615,14.59,14.64,0.0024191131754586303,0.007867760697393027,0.007735053899461006,0.008000467495325046,0.023853769919153014,0.006063483435855457,0.005926334391344676,0.006200632480366239,0.03198788961254811,0.007811395300074013,0.0076713146606945185,0.007951475939453508,0.02536089039489511,7.503281304734255e-09,7.376722239933973e-09,7.629840369534536e-09,0.023853769919153014,5.782588420730073e-09,5.651792899460484e-09,5.9133839419996635e-09,0.03198788961254811,0.13331295222831246,0.13106434100416256,0.1355615634524624,0.023853769919152862,0.17302145711003028,0.16910791009146636,0.1769350041285942,0.03198788961254815,2.821699385381146e-07,2.7784313606863937e-07,2.8649674100758985e-07,0.021685594027992996,2.174592902295079e-07,2.128739313371008e-07,2.22044649121915e-07,0.0298201871584619,217.80645443776854,213.56666650040418,222.04624237513286,0.0275288701525586,37.259887518142236,37.04807692307692,37.47169811320755,0.008039353743347554,1922.5240384615386,1917.548076923077,1927.5,0.0036603299374974203
reduce_scatter,2gpu_nvlink,2,default,default,auto/auto,67108864,ip,2,RING/SIMPLE[0-3],1045.1,1044.65,1045.55,0.0006089332150682197,64.215,64.19,64.24,0.0005505775762567215,32.105000000000004,32.09,32.12,0.0006607445393425386,0.2950875102711586,0.2943746918652424,0.2958003286770748,0.0034161983210659083,0.24289097480940558,0.24219545291984587,0.24358649669896526,0.00404962139871404,0.2950991750415696,0.2943976219819459,0.2958007281011933,0.00336207599192509,4.39714655684171e-09,4.386524734873211e-09,4.407768378810209e-09,0.0034161983210659083,3.619357568165743e-09,3.6089934843755643e-09,3.6297216519559214e-09,0.00404962139871404,0.22742153856199812,0.22687217522757638,0.22797090189641986,0.0034161983210659243,0.2762943922920463,0.2755032192237489,0.2770855653603437,0.004049621398713889,0.00030839627775267053,0.0003075185218570255,0.00030927403364831553,0.0040251273495255065,0.00025384567075816005,0.000253009479892717,0.0002546818616236031,0.004658548869910442,282.3642978447795,281.814600088016,282.91399560154304,0.002753145595086469,39.28921568627451,39.19607843137255,39.38235294117647,0.003352471326898187,1920.0,1920.0,1920.0,0.0
reduce_scatter,2gpu_nvlink,2,default,default,auto/auto,67108864,oop,2,RING/SIMPLE[0-3],1047.2150000000001,1047.21,1047.22,6.75225986245331e-06,64.08,64.08,64.08,0.0,32.04,32.04,32.04,0.0,0.29298870172555463,0.28972226787181593,0.29625513557929334,0.015766597924581266,0.24037658447700377,0.23708489805199787,0.24366827090200965,0.01936606094745509,0.2912753359380966,0.2879296459411617,0.2946210259350315,0.016244149728375474,4.3658718723886406e-09,4.317198215005039e-09,4.414545529772242e-09,0.015766597924581266,3.5818902325183716e-09,3.5328402824997584e-09,3.6309401825369843e-09,0.01936606094745509,0.2290777964834078,0.22652388411352337,0.2316317088532922,0.01576659792458132,0.27923456398781077,0.2754107613255383,0.28305836665008316,0.019366060947455126,0.00030682214694535746,0.0003034029533607231,0.0003102413405299918,0.015759846503616774,0.00025172594845465336,0.0002482800469380132,0.00025517184997129354,0.019359309953349686,278.1428378307831,274.94666444602063,281.33901121554555,0.016250901097000094,38.76960784313725,38.68627450980392,38.85294117647059,0.003039781332702273,1914.7058823529412,1909.4117647058824,1920.0,0.003910267914395625
reduce_scatter,4gpu,4,Ring,LL128,Ring/LL128,4096,ip,2,RING/LL128[0-0],19.490000000000002,19.45,19.53,0.0029024393276000566,0.21,0.21,0.21,0.0,0.16,0.16,0.16,0.0,0.007698380679779626,0.007621305502180621,0.0077754558573786305,0.0141589206895323,0.005700592273448697,0.005625009186247361,0.005776175360650034,0.01875079322968185,0.007700320143921602,0.007624075149679172,0.007776565138164032,0.014002885971672025,1.8794874706493228e-06,1.8606702886183157e-06,1.8983046526803297e-06,0.0141589206895323,1.3917461605099357e-06,1.373293258361172e-06,1.4101990626586997e-06,0.01875079322968185,0.0005321132825751694,0.0005267858341852769,0.0005374407309650618,0.014158920689532478,0.0007186481668946135,0.0007091197452043852,0.0007281765885848419,0.018750793229681966,1.5003835644180095e-07,1.4884409645758754e-07,1.5123261642601435e-07,0.011256712661533351,1.1110152008602705e-07,1.0985642940741096e-07,1.1234661076464315e-07,0.015848785171613998,395.10051612587773,390.3776318320108,399.82340041974464,0.016904981768683654,35.75,35.5,36.0,0.009889605331280386,1935.0,1935.0,1935.0,0.0
reduce_scatter,4gpu,4,Ring,LL128,Ring/LL128,4096,oop,2,RING/LL128[0-0],19.5,19.46,19.54,0.0029009508971755177,0.21,0.21,0.21,0.0,0.16,0.16,0.16,0.0,0.007623605718249445,0.0075822695996747005,0.007664941836824188,0.007668038152121045,0.005601180913564335,0.005561682359294031,0.005640679467834639,0.009972788239694115,0.0075364551285283556,0.0075072439711471066,0.0075656662859096046,0.005481464990722243,1.8612318648069933e-06,1.8511400389830812e-06,1.8713236906309052e-06,0.007668038152121045,1.3674758089756678e-06,1.3578326072495193e-06,1.3771190107018162e-06,0.009972788239694115,0.0005372943689488161,0.0005343810934509444,0.0005402076444466878,0.007668038152121166,0.0007313107289808397,0.0007261536528279961,0.0007364678051336831,0.009972788239694004,1.4866196495060714e-07,1.4755096640966966e-07,1.4977296349154463e-07,0.01056887149912579,1.0922460775667534e-07,1.0823033871186185e-07,1.1021887680148885e-07,0.012873552917264287,386.48343177777394,385.77821023366425,387.1886533218836,0.0025805346106816864,35.55897959183673,35.22,35.897959183673464,0.01348153241869901,1924.7395408163266,1924.275,1925.204081632653,0.0003413240642659211
reduce_scatter,4gpu,4,Ring,LL128,Ring/LL128,1048576,ip,2,RING/LL128[0-7],135.71499999999997,134.23,137.19999999999996,0.015474392219902188,7.725,7.64,7.81,0.015560925929024342,5.795,5.73,5.86,0.015862619767774134,0.06118235654482336,0.06008321421278334,0.062281498876863385,0.025406376621184747,0.04728707551026867,0.0463811505478795,0.04819300047265784,0.027093478598076703,0.06127014361647263,0.06018625577252305,0.06235403146042221,0.02501787654685246,5.8348042054007874e-08,5.729981824186644e-08,5.9396265866149316e-08,0.025406376621184747,4.50964694121062e-08,4.423251204288435e-08,4.596042678132805e-08,0.027093478598076703,0.017144068780519016,0.016836075221521838,0.01745206233951619,0.025406376621184914,0.022182826640126056,0.021757848436826557,0.022607804843425554,0.027093478598076693,8.304995744843781e-06,8.064969843781908e-06,8.545021645905654e-06,0.040872734319373084,6.41891075144526e-06,6.225741838041865e-06,6.612079664848655e-06,0.042558949289401786,451.4285001583005,448.38155235433993,454.4754479622611,0.009545331999847055,36.511748777078964,35.7688679245283,37.25462962962963,0.028774085386016113,1933.125,1931.25,1935.0,0.0013716911371223037
reduce_scatter,4gpu,4,Ring,LL128,Ring/LL128,1048576,oop,2,RING/LL128[0-7],135.94,134.5,137.38,0.014980635058240795,7.715,7.63,7.8,0.015581095632107975,5.785,5.72,5.85,0.015890040026663974,0.06048052379007556,0.059927251378394934,0.06103379620175619,0.012937145700018025,0.04647343544378188,0.04611330903732886,0.0468335618502349,0.010958855167714722,0.060183608476013006,0.05966361503884325,0.060703601913182755,0.012218971075547272,5.767872218139225e-08,5.715108049239629e-08,5.820636387038821e-08,0.012937145700018025,4.4320521777898674e-08,4.397707847340475e-08,4.4663965082392596e-08,0.010958855167714722,0.017338866986824693,0.01718025201207832,0.017497481961571065,0.012937145700018105,0.02256426620766913,0.022389413885562513,0.022739118529775747,0.010958855167714778,8.222519116295692e-06,8.060215310394118e-06,8.384822922197265e-06,0.027915075694488856,6.318117396253e-06,6.202240065520731e-06,6.43399472698527e-06,0.025937361149755686,442.7310104326092,441.8663700188001,443.59565084641827,0.002761916764289544,36.19671558350804,35.49528301886792,36.898148148148145,0.02740512308956982,1925.0583071278825,1920.0694444444443,1930.0471698113206,0.003664988868966527
reduce_scatter,4gpu,4,Ring,LL128,Ring/LL128,67108864,ip,2,RING/LL128[0-7],8096.65,8071.91,8121.389999999999,0.004321249347953791,8.285,8.26,8.31,0.004267391558156654,6.220000000000001,6.2,6.24,0.004547310489945647,3.716559633027523,3.709749235474007,3.7233700305810395,0.0025914710206034223,2.886384001702287,2.8855791444495664,2.8871888589550068,0.00039434809848582896,3.7164940522993515,3.7152203305307387,3.7177677740679638,0.0004846811469393333,5.538105417829041e-08,5.527957134655128e-08,5.548253701002955e-08,0.0025914710206034223,4.3010473276708824e-08,4.2998479969048e-08,4.302246658436964e-08,0.00039434809848582896,0.018056777226611656,0.018023689144193795,0.018089865309029517,0.002591471020603547,0.023250152848160843,0.023243669631050557,0.023256636065271133,0.0003943480984858879,0.03009185104198777,0.029944761951314992,0.030238940132660545,0.006912681663096027,0.02337006093955125,0.0232921351518739,0.0234479867272286,0.0047155934285736875,459.02007126811964,457.77481121679466,460.26533131944467,0.0038365722187267445,35.97877358490566,35.45754716981132,36.5,0.02048778743260925,1936.875,1935.0,1938.75,0.0013690353943592401
reduce_scatter,4gpu,4,Ring,LL128,Ring/LL128,67108864,oop,2,RING/LL128[0-7],8072.094999999999,8029.36,8114.83,0.007487079449388839,8.315,8.27,8.36,0.007653591137316799,6.234999999999999,6.2,6.27,0.007938648706184106,3.677422018348624,3.63559633027523,3.7192477064220184,0.016084761290340772,2.842092684139697,2.807630749101573,2.8765546191778206,0.017148116311797183,3.643570269036438,3.6051626478332026,3.6819778902396734,0.014907515100146054,5.479785827321744e-08,5.41746069531922e-08,5.542110959324268e-08,0.016084761290340772,4.2350481214220777e-08,4.183695836516578e-08,4.2864004063275764e-08,0.017148116311797183,0.01825124937406203,0.01804366616510195,0.018458832583022104,0.016084761290340803,0.023615954810718286,0.023329598385717812,0.02390231123571876,0.017148116311797214,0.029686287307981653,0.029191511750458716,0.030181062865504586,0.023570421471718138,0.022943114875974478,0.022543478031606203,0.023342751720342753,0.024633614414816703,451.36597780006343,448.9975101170209,453.734445483106,0.007420849785193289,35.44824423480084,34.910377358490564,35.986111111111114,0.021458287925089296,1925.965670859539,1925.138888888889,1926.7924528301887,0.000607096114800855
reduce_scatter,4gpu,4,Ring,default,Ring/auto,4096,ip,2,RING/LL[0-0],8.465,8.46,8.47,0.0008353299246149231,0.48,0.48,0.48,0.0,0.36,0.36,0.36,0.0,0.003322833619020135,0.0033077524851274813,0.0033379147529127885,0.006418601269974097,0.0024548834635494017,0.0024415952175716733,0.00246817170952713,0.007655116000774285,0.0033226913955874417,0.0033075028012271015,0.003337879989947782,0.0064646136461249774,8.112386765185876e-07,8.075567590643265e-07,8.149205939728488e-07,0.006418601269974097,5.993367830931157e-07,5.960925824149593e-07,6.02580983771272e-07,0.007655116000774285,0.0012327082381439626,0.0012271134235605262,0.001238303052727399,0.006418601269974158,0.0016685598639515878,0.0016595279753792902,0.0016775917525238852,0.0076551160007743676,2.812771117933598e-08,2.8016663549029767e-08,2.823875880964219e-08,0.005583286313171904,2.0780522077715795e-08,2.0680311492832072e-08,2.088073266259952e-08,0.006819807880952012,392.5223303303761,390.49619849198365,394.54846216876854,0.007299923860634393,35.99479166666667,35.75,36.239583333333336,0.009617716311899258,1935.0,1935.0,1935.0,0.0
reduce_scatter,4gpu,4,Ring,default,Ring/auto,4096,oop,2,RING/LL[0-0],8.495000000000001,8.48,8.51,0.002497139898245553,0.48,0.48,0.48,0.0,0.36,0.36,0.36,0.0,0.003288575541269284,0.003272614747002027,0.0033045363355365407,0.00686375345061686,0.002408779516480185,0.002390817669176461,0.002426741363783908,0.01054554303887416,0.003255676315461439,0.0032354758140686335,0.0032758768168542444,0.008774773739260095,8.028748880051963e-07,7.989782097172918e-07,8.067715662931007e-07,0.00686375345061686,5.880809366406701e-07,5.836957200137845e-07,5.924661532675557e-07,0.01054554303887416,0.0012455534119334922,0.0012395082347717485,0.001251598589095236,0.006863753450616803,0.0017005407674727108,0.001687860132574364,0.0017132214023710575,0.01054554303887413,2.7936688634996576e-08,2.775177305457719e-08,2.812160421541596e-08,0.009360813127851907,2.0462851420208722e-08,2.027413383461639e-08,2.0651569005801057e-08,0.013042511208355416,383.2431780081706,381.5419592062068,384.9443968101345,0.0062777026190146265,35.69,35.54,35.839999999999996,0.0059437387042858576,1921.8000000000002,1921.65,1921.95,0.00011038195148086797
reduce_scatter,4gpu,4,Ring,default,Ring/auto,1048576,ip,2,RING/SIMPLE[0-7],99.05499999999999,98.48999999999998,99.62,0.008066535386813544,10.59,10.53,10.65,0.00801254142987596,7.9399999999999995,7.89,7.99,0.00890562696708503,0.04115493009565857,0.04071846946284033,0.04159139072847682,0.014998167775739209,0.031007417002366207,0.030601696665406644,0.03141313733932577,0.01850445017767879,0.04118905530156422,0.040752819755529045,0.0416252908475994,0.014978013481381154,3.924839982572419e-08,3.8832158530083016e-08,3.9664641121365375e-08,0.014998167775739209,2.9570977213255126e-08,2.91840521482531e-08,2.995790227825715e-08,0.01850445017767879,0.025481611724570512,0.025211371431301054,0.02575185201783997,0.014998167775739184,0.03382273197947738,0.03338017430966053,0.03426528964929423,0.018504450177678714,4.076848200883002e-06,4.010362057395143e-06,4.1433343443708605e-06,0.02306330802555967,3.0716689231597663e-06,3.0139611045759e-06,3.129376741743633e-06,0.026569002629462504,415.8084608009507,413.7762184539451,417.8407031479563,0.006911895644518996,34.530092592592595,34.52314814814815,34.53703703703704,0.00028441648368427434,1938.75,1938.75,1938.75,0.0
reduce_scatter,4gpu,4,Ring,default,Ring/auto,1048576,oop,2,RING/SIMPLE[0-7],99.10499999999999,98.67,99.53999999999999,0.006207385092904391,10.58,10.53,10.63,0.006683428933710375,7.9350000000000005,7.9,7.97,0.006237867004796205,0.04102912067696836,0.04084102281089036,0.041217218543046365,0.006483457331569724,0.03079844404088038,0.030635265219640107,0.030961622862120654,0.007492901322668678,0.04074998883611667,0.04059313257042614,0.0409068451018072,0.00544363973140865,3.9128418614357337e-08,3.8949034510507926e-08,3.9307802718206753e-08,0.006483457331569724,2.937168506706274e-08,2.9216065616264445e-08,2.9527304517861036e-08,0.007492901322668678,0.025557409511160208,0.02544024165300941,0.025674577369311002,0.006483457331569804,0.03404735105561203,0.03386695861097314,0.03422774350025093,0.007492901322668682,4.066272827262694e-06,4.029783720750552e-06,4.102761933774835e-06,0.012690587056128523,3.0523507794586896e-06,3.022781619221889e-06,3.08191993969549e-06,0.01369996781375248,411.1809235962439,410.95886178227045,411.4029854102173,0.0007637582654850055,34.055218855218854,34.03636363636363,34.074074074074076,0.0007830020514603686,1927.546717171717,1926.2045454545453,1928.888888888889,0.000984732265396441
reduce_scatter,4gpu,4,Ring,default,Ring/auto,67108864,ip,2,RING/SIMPLE[0-7],5396.32,5393.34,5399.3,0.0007809685889405833,12.434999999999999,12.43,12.44,0.0005686423652485183,9.325,9.32,9.33,0.0007582914543555309,2.394542574257426,2.3691603960396037,2.419924752475248,0.01499067966638539,1.8419646091588007,1.8147452870430716,1.86918393127453,0.02089830298761592,2.3976055467561523,2.371990489414776,2.4232206040975286,0.015108891261179204,3.5681464884540826e-08,3.530324095546609e-08,3.605968881361556e-08,0.01499067966638539,2.7447411554437886e-08,2.7041812048004144e-08,2.785301106087163e-08,0.02089830298761592,0.02802890453351246,0.02773179783022465,0.028326011236800272,0.014990679666385388,0.03644126569989174,0.03590276102696905,0.036979770372814434,0.02089830298761607,0.012921642345425742,0.012791807726336632,0.013051476964514853,0.014209794256251329,0.009939749346115915,0.009798354228331656,0.010081144463900174,0.02011749856669958,444.30656878788477,439.31444620872634,449.2986913670432,0.01588976610392018,34.79478114478114,33.663636363636364,35.925925925925924,0.04597471913521231,1936.875,1935.0,1938.75,0.0013690353943592401
reduce_scatter,4gpu,4,Ring,default,Ring/auto,67108864,oop,2,RING/SIMPLE[0-7],5398.525,5387.95,5409.1,0.002770258250558415,12.435,12.41,12.46,0.0028432118262426923,9.32,9.3,9.34,0.0030347930523027143,2.377922772277228,2.3598970297029704,2.3959485148514856,0.01072038584160933,1.8217715047890208,1.8011364228734543,1.8424065867045871,0.016018700824422763,2.366640774010937,2.348596241155198,2.384685306866676,0.010782719275145396,3.5433810536224064e-08,3.516520604048625e-08,3.570241503196188e-08,0.01072038584160933,2.7146510851219607e-08,2.68390241693475e-08,2.745399753309171e-08,0.016018700824422763,0.028223254894253053,0.02800930970929473,0.028437200079211376,0.010720385841609299,0.03684187339331543,0.03642456799941971,0.037259178787211154,0.01601870082442262,0.0128370849119802,0.012764919023366338,0.012909250800594062,0.00795024564519195,0.009834660796899892,0.009742527024964802,0.00992679456883498,0.013248736536420773,438.39478417504495,434.1935333336781,442.59603501641175,0.013552775108793266,34.10454545454546,32.71818181818182,35.49090909090909,0.057488356194028256,1926.375,1926.2045454545453,1926.5454545454545,0.00012513613909548334
reduce_scatter,4gpu,4,default,LL128,auto/LL128,4096,ip,2,RING/LL128[0-0],19.45,19.45,19.45,0.0,0.21,0.21,0.21,0.0,0.16,0.16,0.16,0.0,0.007700637782626418,0.007695111132423814,0.007706164432829022,0.0010149631617069705,0.005706307656697829,0.0056953848912046036,0.005717230422191055,0.002707025983958192,0.00770014964853245,0.007694493444690139,0.00770580585237476,0.0010388213931487237,1.880038521149028e-06,1.8786892413144078e-06,1.881387800983648e-06,0.0010149631617069705,1.3931415177484934e-06,1.390474826954249e-06,1.395808208542738e-06,0.002707025983958192,0.0005319042688892365,0.0005315225279323959,0.0005322860098460771,0.0010149631617068998,0.0007178047967620735,0.0007164308060947911,0.0007191787874293558,0.0027070259839581954,1.497774048720838e-07,1.4966991152564317e-07,1.4988489821852446e-07,0.0010149631617069655,1.1098768392277277e-07,1.1077523613392953e-07,1.11200131711616e-07,0.00270702598395814,395.8945834721054,395.6037760766139,396.18539086759694,0.0010388213931486914,35.325520833333336,35.161458333333336,35.489583333333336,0.0065680393976782145,1936.875,1935.0,1938.75,0.0013690353943592401
reduce_scatter,4gpu,4,default,LL128,auto/LL128,4096,oop,2,RING/LL128[0-0],19.465,19.45,19.48,0.0010898126604468137,0.21,0.21,0.21,0.0,0.16,0.16,0.16,0.0,0.007569804429312425,0.007565492603160141,0.007574116255464711,0.0008055482912535733,0.005551009514908865,0.005541555476584474,0.005560463553233256,0.0024085761664863698,0.0074833562235249625,0.007480791713639347,0.007485920733410577,0.0004846441292846011,1.8480967845001038e-06,1.8470440925683938e-06,1.8491494764318141e-06,0.0008055482912535733,1.355226932350797e-06,1.3529188175255064e-06,1.3575350471760879e-06,0.0024085761664863698,0.0005410973780383599,0.0005407891642862946,0.0005414055917904252,0.0008055482912536265,0.0007378859412817073,0.0007366292325786919,0.0007391426499847225,0.00240857616648648,1.4734617853917407e-07,1.4731656116878862e-07,1.4737579590955955e-07,0.0002842644939706939,1.0805025839712618e-07,1.0794950068386556e-07,1.0815101611038682e-07,0.0013187652368508687,384.45202626453636,384.2875119820625,384.6165405470102,0.0006051686909786289,34.932500000000005,34.825,35.04,0.004352049179277322,1924.5375,1921.35,1927.725,0.0023422800179597647
reduce_scatter,4gpu,4,default,LL128,auto/LL128,1048576,ip,2,RING/LL128[0-7],134.47499999999997,132.06,136.88999999999996,0.025397477249533326,7.800000000000001,7.66,7.94,0.02538332035028634,5.855,5.75,5.96,0.0253616437317122,0.05981238200125866,0.05866797776379274,0.06095678623872457,0.02705847751436278,0.046038142426985826,0.04517821743408607,0.046898067419885586,0.02641543562516939,0.05987367046252604,0.05872847688265042,0.061018864042401665,0.02704942389019478,5.704153251767984e-08,5.595014358882212e-08,5.813292144653756e-08,0.02705847751436278,4.390539400766928e-08,4.308530562790496e-08,4.472548238743361e-08,0.02641543562516939,0.01753750592792582,0.017201956741837904,0.017873055114013735,0.02705847751436268,0.022784193878545966,0.022358618546302524,0.023209769210789405,0.02641543562516938,8.046033805852737e-06,7.74769314348647e-06,8.344374468219005e-06,0.052437936641385074,6.193055921726772e-06,5.966235394345407e-06,6.419876449108136e-06,0.05179553843878491,445.23081650188794,444.7105624916736,445.7510705121023,0.0016525142686770352,35.46125,35.1875,35.735,0.010917295997733707,1936.875,1935.0,1938.75,0.0013690353943592401
reduce_scatter,4gpu,4,default,LL128,auto/LL128,1048576,oop,2,RING/LL128[0-7],135.975,134.51,137.44,0.015236792563902108,7.715,7.63,7.8,0.015581095632107975,5.785,5.72,5.85,0.015890040026663974,0.06019107929515419,0.0596668239983218,0.060715334591986574,0.01231758857970806,0.046163521515700814,0.04582213406719011,0.046504908964211514,0.010458360711142409,0.05982335991248333,0.059276809487055736,0.060369910337910934,0.012920354612165584,5.740268640056056e-08,5.6902717588731576e-08,5.790265521238954e-08,0.01231758857970806,4.402496482439119e-08,4.3699392382803066e-08,4.43505372659793e-08,0.010458360711142409,0.017422109137384314,0.017270365172926096,0.01757385310184253,0.012317588579708036,0.022715627272718083,0.02254764117067611,0.022883613374760057,0.010458360711142433,8.185250041168448e-06,8.025784496014264e-06,8.344715586322634e-06,0.02755179567563644,6.277584970709485e-06,6.1635352533777405e-06,6.39163468804123e-06,0.025693106152753862,439.96628623144375,439.2455641582577,440.6870083046297,0.0023166659866868354,34.86329825834543,34.466981132075475,35.25961538461539,0.016076420848607966,1924.1956186502175,1922.4056603773583,1925.985576923077,0.0013155540117772576
reduce_scatter,4gpu,4,default,LL128,auto/LL128,67108864,ip,2,RING/LL128[0-7],8136.8099999999995,8109.889999999999,8163.73,0.0046788150514862495,8.245000000000001,8.22,8.27,0.004288094488699408,6.1899999999999995,6.17,6.21,0.004569349151447808,3.745430555555555,3.743534722222222,3.747326388888889,0.0007158357823567878,2.9112317224288384,2.905339833699559,2.917123611158118,0.002862152430102223,3.7457373539833076,3.743112348744283,3.748362359222333,0.0009910780333762439,5.5811264448695707e-08,5.578301433059904e-08,5.583951456679238e-08,0.0007158357823567878,4.338073316855488e-08,4.329293718486367e-08,4.346852915224609e-08,0.002862152430102223,0.017917534499325774,0.017908465139034314,0.01792660385961723,0.0007158357823567378,0.023051802561509273,0.023005149231011615,0.023098455892006927,0.0028621524301021785,0.030475805762916662,0.03039040480798611,0.030561206717847216,0.003962985905670832,0.0236879807817316,0.023657551602895108,0.023718409960568097,0.0018166747853677145,460.34867094864717,459.14825199049125,461.54908990680303,0.003687745568278661,35.66489361702128,35.58510638297872,35.74468085106383,0.003163788730141248,1936.875,1935.0,1938.75,0.0013690353943592401
reduce_scatter,4gpu,4,default,LL128,auto/LL128,67108864,oop,2,RING/LL128[0-7],8160.725,8111.36,8210.09,0.00855471205150868,8.219999999999999,8.17,8.27,0.008602272277208578,6.17,6.13,6.21,0.009168321311981175,3.6837743055555556,3.6590833333333332,3.708465277777778,0.009478948732603795,2.8412376418451597,2.8261369545264188,2.8563383291639,0.007516300816516612,3.6584344474212047,3.6435899236504974,3.6732789711919116,0.005738336205067657,5.4892514728837544e-08,5.4524590571721394e-08,5.5260438885953695e-08,0.009478948732603795,4.233774009116232e-08,4.211272231528787e-08,4.256275786703676e-08,0.007516300816516612,0.018218238537494727,0.018096128444868066,0.01834034863012139,0.00947894873260381,0.023620255734804044,0.023494718155339787,0.0237457933142683,0.0075163008165167215,0.030063487939548612,0.029680142186666664,0.030446833692430557,0.018032929641892816,0.02318730450017633,0.022923814247467412,0.023450794752885244,0.016070496203266307,448.3031251371309,447.4103172062562,449.19593306800556,0.0028164449758208,34.99988918439716,34.98936170212765,35.010416666666664,0.00042537586689887346,1925.420545212766,1924.21875,1926.622340425532,0.0008827136976981444
reduce_scatter,4gpu,4,default,default,auto/auto,4096,ip,2,RING/LL[0-0],8.47,8.46,8.48,0.0016696736273589903,0.48,0.48,0.48,0.0,0.36,0.36,0.36,0.0,0.0033000974475578277,0.003280296787649804,0.003319898107465851,0.008485313609931858,0.0024316715392047493,0.002412779355322036,0.0024505637230874625,0.010987332063160627,0.0033000985333879536,0.0032787729244073203,0.003321424142368587,0.009138807566244148,8.056878534076728e-07,8.008537079223155e-07,8.1052199889303e-07,0.008485313609931858,5.936698093761595e-07,5.890574597954189e-07,5.982821589569e-07,0.010987332063160627,0.0012412201541079759,0.0012337728048908599,0.0012486675033250919,0.008485313609931832,0.0016845397030168254,0.0016714521485037958,0.0016976272575298552,0.010987332063160635,2.7951627374215716e-08,2.7816916759270338e-08,2.8086337989161098e-08,0.006815688263900997,2.0596069015225397e-08,2.0460368933130866e-08,2.0731769097319932e-08,0.009317743904012212,389.6255385204204,386.6477505197312,392.6033265211095,0.010808398731865418,36.02295918367347,36.0,36.04591836734694,0.0009013470760823525,1933.125,1931.25,1935.0,0.0013716911371223037
reduce_scatter,4gpu,4,default,default,auto/auto,4096,oop,2,RING/LL[0-0],8.475000000000001,8.46,8.49,0.0025030328537576363,0.48,0.48,0.48,0.0,0.36,0.36,0.36,0.0,0.0033122390713418697,0.003296216641307507,0.003328261501376233,0.006841033321785684,0.002434312425869766,0.002418880518983743,0.0024497443327557893,0.008965164774893267,0.003278295484622517,0.003267654851062883,0.0032889361181821517,0.004590229392946237,8.086521170268237e-07,8.047403909442156e-07,8.125638431094319e-07,0.006841033321785684,5.943145570971109e-07,5.905470017050154e-07,5.980821124892064e-07,0.008965164774893267,0.0012366546495825841,0.0012306725292788167,0.0012426367698863518,0.006841033321785604,0.0016826782665217152,0.0016720112157142086,0.001693345317329222,0.00896516477489326,2.8071466466072865e-08,2.788599278546151e-08,2.825694014668422e-08,0.009343986175458568,2.063102928784956e-08,2.0463729190602467e-08,2.079832938509665e-08,0.01146806895633256,386.81851577119573,386.247618328946,387.38941321344544,0.0020872085296745257,35.74406862745098,35.644999999999996,35.84313725490196,0.003919648823616822,1922.0,1921.5,1922.5,0.0003679015510856127
reduce_scatter,4gpu,4,default,default,auto/auto,1048576,ip,2,RING/SIMPLE[0-7],98.16,98.12,98.2,0.0005762891452212979,10.684999999999999,10.68,10.69,0.0006617751812695671,8.015,8.01,8.02,0.0008822292965521303,0.04142097119278673,0.04109402460456942,0.04174791778100405,0.01116275852336982,0.03136443736939695,0.031069821694278067,0.031659053044515835,0.013284137015872848,0.04145306355371907,0.041130778222955855,0.04177534888448228,0.010995092923074067,3.950211638716386e-08,3.919031582314436e-08,3.9813916951183365e-08,0.01116275852336982,2.991145836772628e-08,2.963049096515471e-08,3.019242577029785e-08,0.013284137015872848,0.025316676647630782,0.02511684547958745,0.025516507815674116,0.011162758523369874,0.0334349542452651,0.033120889577006485,0.03374901891352372,0.013284137015872943,4.065895610147475e-06,4.032145694200352e-06,4.099645526094597e-06,0.01173900991020321,3.0787449568070097e-06,3.048570904642564e-06,3.1089190089714552e-06,0.013860373107023519,422.29970564949286,419.18852652829037,425.41088477069536,0.010418836786565166,35.825980392156865,35.53921568627451,36.11274509803921,0.01131990058135399,1935.0,1935.0,1935.0,0.0
reduce_scatter,4gpu,4,default,default,auto/auto,1048576,oop,2,RING/SIMPLE[0-7],98.49000000000001,98.31,98.67,0.0025846120542913666,10.65,10.63,10.67,0.002655800117132516,7.984999999999999,7.97,8.0,0.00265663161372531,0.0410403835867655,0.04091575609383358,0.04116501107969741,0.0042945478415486625,0.030889612457364737,0.03072932900061262,0.031049895914116853,0.007338228625423874,0.04082758395931529,0.040744585661116856,0.04091058225751372,0.002874951382944324,3.913915976215887e-08,3.9020305723031595e-08,3.9258013801286134e-08,0.0042945478415486625,2.94586300443313e-08,2.9305771828281995e-08,2.9611488260380604e-08,0.007338228625423874,0.025550094272142866,0.025472506201198567,0.02562768234308717,0.004294547841548662,0.03394682386858239,0.033770676813227714,0.034122970923937054,0.007338228625424031,4.042044946511806e-06,4.037157653778559e-06,4.0469322392450525e-06,0.0017099452772313675,3.0422890799036376e-06,3.0320628924904476e-06,3.0525152673168276e-06,0.004753661651232841,414.5382477033693,412.9379310947284,416.1385643120102,0.0054595431533023195,35.34615384615385,35.0,35.69230769230769,0.013849751971009657,1925.769230769231,1924.1826923076924,1927.3557692307693,0.0011650950558795656
reduce_scatter,4gpu,4,default,default,auto/auto,67108864,ip,2,RING/SIMPLE[0-7],5393.85,5377.64,5410.06,0.004250099992782135,12.440000000000001,12.4,12.48,0.004547310489945647,9.33,9.3,9.36,0.004547310489945546,2.414485119047619,2.393081349206349,2.435888888888889,0.012536627936384125,1.8615603121869042,1.8426743601427427,1.8804462642310655,0.014347517694876258,2.4149762070803,2.390814093637456,2.4391383205231434,0.014149368605075782,3.597863195907502e-08,3.565969093451424e-08,3.62975729836358e-08,0.012536627936384125,2.7739410283966425e-08,2.7457987668257097e-08,2.802083289967575e-08,0.014347517694876258,0.02779645959950429,0.027550051361583724,0.02804286783742485,0.012536627936384093,0.03605350387729206,0.035687732894319917,0.036419274860264195,0.014347517694876254,0.013023717514484128,0.012869129986746032,0.013178305042222224,0.01678628072651356,0.010041283231171969,0.009909239346078019,0.01017332711626592,0.01859705067860178,447.7183095780605,444.5842588268191,450.8523603293019,0.009899566273597785,36.043476430976426,35.532407407407405,36.554545454545455,0.02005247040540563,1935.0,1935.0,1935.0,0.0
reduce_scatter,4gpu,4,default,default,auto/auto,67108864,oop,2,RING/SIMPLE[0-7],5397.47,5381.92,5413.02,0.004074320171284303,12.435,12.4,12.47,0.003980496556739728,9.325,9.3,9.35,0.0037914572717776544,2.3968293650793653,2.396698412698413,2.396960317460318,7.726650710571318e-05,1.8403496538654442,1.8374606648171112,1.8432386429137773,0.0022200387220539597,2.3835866178121767,2.3831156993036777,2.3840575363206757,0.00027940219856708567,3.5715540723195155e-08,3.5713589380657867e-08,3.571749206573245e-08,7.726650710571318e-05,2.7423346845290724e-08,2.7380297553794253e-08,2.7466396136787195e-08,0.0022200387220539597,0.027999016191167868,0.0279974864461272,0.02800054593620854,7.726650710573104e-05,0.03646536908618657,0.03640812558807623,0.03652261258429691,0.002220038722053888,0.012936816629444448,0.012898839121269844,0.012974794137619051,0.004151586024912695,0.009933187122469418,0.009920162917070516,0.00994621132786832,0.0018542898353937586,441.615246611589,440.4302101822413,442.8002830409366,0.0037949201327363543,35.506818181818176,34.86818181818182,36.14545454545454,0.025436472574207177,1926.0,1925.0454545454545,1926.9545454545455,0.0007008988202075965
