coll,gpu_set,n_gpus,size_bytes,placement,n_configs,configs_insufficient_trials,lat_opt,lat_opt_selected,lat_opt_pbest,lat_opt_mean,en_opt,en_opt_selected,en_opt_pbest,en_opt_mean,dyn_opt,dyn_opt_selected,dyn_opt_pbest,dyn_opt_mean,edp_opt,edp_opt_selected,edp_opt_pbest,edp_opt_mean,disagree_en,disagree_en_effective,en_penalty_of_lat_opt,en_penalty_of_lat_opt_lo,en_penalty_of_lat_opt_hi,lat_penalty_of_en_opt,lat_penalty_of_en_opt_lo,lat_penalty_of_en_opt_hi,disagree_en_resolved,disagree_dyn,disagree_dyn_effective,dyn_penalty_of_lat_opt,dyn_penalty_of_lat_opt_lo,dyn_penalty_of_lat_opt_hi,lat_penalty_of_dyn_opt,lat_penalty_of_dyn_opt_lo,lat_penalty_of_dyn_opt_hi,disagree_dyn_resolved,disagree_edp,disagree_edp_effective,edp_penalty_of_lat_opt,edp_penalty_of_lat_opt_lo,edp_penalty_of_lat_opt_hi,lat_penalty_of_edp_opt,lat_penalty_of_edp_opt_lo,lat_penalty_of_edp_opt_hi,disagree_edp_resolved
all_gather,2gpu_nvlink,2,1024,ip,8,,Ring/auto,RING/LL[0-0],0.5155,5.573333333333333,auto/auto,RING/LL[0-0],0.6892,0.0010906596395756742,auto/auto,RING/LL[0-0],0.6817,0.0008123735821963955,auto/auto,RING/LL[0-0],0.6557,6.078530426239767e-09,True,False,0.005632138862878611,-0.016354964157659135,0.028062354510753895,0.0,-0.004776119402985168,0.004793289394847244,False,True,False,0.007685799488101663,-0.021253733057085777,0.03618836673185699,0.0,-0.004776119402985168,0.004793289394847244,False,True,False,0.005661866981493846,-0.017034735528518308,0.028792394285041656,0.0,-0.004776119402985168,0.004793289394847244,False
all_gather,2gpu_nvlink,2,1024,oop,8,,auto/auto,RING/LL[0-0],0.4679,5.580000000000001,auto/LL,RING/LL[0-0],0.7288,0.00109898277060512,auto/LL,RING/LL[0-0],0.7314,0.0008181907506748057,auto/LL,RING/LL[0-0],0.402,6.154271497102545e-09,True,False,0.0158641229547829,0.007112904382933882,0.023811488591428676,0.0035842293906807043,-0.0005959475566150729,0.0077844311377244235,False,True,False,0.021863990287354085,0.010285706703485387,0.032080401535291125,0.0035842293906807043,-0.0005959475566150729,0.0077844311377244235,False,True,False,0.012232780692984058,0.00352131982553483,0.01696627674584339,0.0035842293906807043,-0.0005959475566150729,0.0077844311377244235,False
all_gather,2gpu_nvlink,2,2048,ip,8,,Ring/LL,RING/LL[0-0],0.6442,5.596666666666667,auto/LL,RING/LL[0-0],0.6719,0.001112898966214126,auto/LL,RING/LL[0-0],0.6709,0.0008330424474172696,auto/LL,RING/LL[0-0],0.5737,6.243323734448251e-09,True,False,0.008097149774631607,-0.017626010391656233,0.029007063384559162,0.00238237045860612,0.0,0.005955926146515855,False,True,False,0.011386723607097249,-0.02105900632692348,0.03764181127911703,0.00238237045860612,0.0,0.005955926146515855,False,True,False,0.0057228385148282435,-0.01910357595275458,0.027165262037574855,0.00238237045860612,0.0,0.005955926146515855,False
all_gather,2gpu_nvlink,2,2048,oop,8,,auto/auto,RING/LL[0-0],0.6131,5.596666666666667,auto/auto,RING/LL[0-0],0.5294,0.0010902741303847041,auto/auto,RING/LL[0-0],0.5591,0.0008094560561630835,auto/auto,RING/LL[0-0],0.5797,6.1017645368683366e-09,False,False,0.0,-0.014159054394875747,0.01436241257577775,0.0,-0.005938242280284833,0.005973715651134803,False,False,False,0.0,-0.01896905246138847,0.019335834928532414,0.0,-0.005938242280284833,0.005973715651134803,False,False,False,0.0,-0.013383104244216959,0.013564641252129528,0.0,-0.005938242280284833,0.005973715651134803,False
all_gather,2gpu_nvlink,2,4096,ip,8,,Ring/auto,RING/LL[0-0],0.7294,5.816666666666666,Ring/auto,RING/LL[0-0],0.8883,0.0011407191693511387,Ring/auto,RING/LL[0-0],0.8936,0.0008504164243010535,Ring/auto,RING/LL[0-0],0.8967,6.635061619569821e-09,False,False,0.0,-0.033943063087290226,0.03513567553871533,0.0,-0.0011461318051576574,0.0011474469305794432,False,False,False,0.0,-0.044157570343416275,0.04619754153336886,0.0,-0.0011461318051576574,0.0011474469305794432,False,False,False,0.0,-0.03281916980698585,0.03393281667962378,0.0,-0.0011461318051576574,0.0011474469305794432,False
all_gather,2gpu_nvlink,2,4096,oop,8,,Ring/auto,RING/LL[0-0],0.8085,5.833333333333333,auto/LL,RING/LL[0-0],0.9141,0.0011451623293558546,auto/LL,RING/LL[0-0],0.9326,0.0008509375004580235,auto/LL,RING/LL[0-0],0.9043,6.695151000627635e-09,True,False,0.010812645597089166,-0.004386936964216326,0.024435195964725098,0.0022857142857144463,-0.0022857142857142243,0.006868918145392033,False,True,False,0.01605704687800502,-0.0043139066276275395,0.0350758420480346,0.0022857142857144463,-0.0022857142857142243,0.006868918145392033,False,True,False,0.00854824457447001,-0.0036871525042434516,0.020884297889288028,0.0022857142857144463,-0.0022857142857142243,0.006868918145392033,False
all_gather,2gpu_nvlink,2,8192,ip,8,,Ring/LL,RING/LL[0-0],0.4934,6.333333333333333,auto/LL,RING/LL[0-0],0.5355,0.001261559380001937,auto/LL,RING/LL[0-0],0.5346,0.0009453568189907342,auto/LL,RING/LL[0-0],0.468,7.994075566847148e-09,True,False,0.007629780522184548,-0.02125489101898148,0.028283594851704175,0.000526315789473708,-0.0020997375328083434,0.002635775397084949,False,True,False,0.01010264094776514,-0.027569164698259208,0.03744312123165883,0.000526315789473708,-0.0020997375328083434,0.0026371308016877038,False,True,False,0.007124486933753449,-0.024173116174790343,0.027565105325274564,0.000526315789473708,-0.0020997375328083434,0.0026371308016877038,False
all_gather,2gpu_nvlink,2,8192,oop,8,,auto/LL,RING/LL[0-0],0.5023,6.45,auto/LL,RING/LL[0-0],0.7313,0.0012696629340378078,auto/LL,RING/LL[0-0],0.6216,0.0009459385199436955,auto/LL,RING/LL[0-0],0.8034,8.189325924543861e-09,False,False,0.0,-0.008173956819646833,0.008241321021815962,0.0,0.0,0.0,False,False,False,0.0,-0.008614031754568763,0.008688878025794544,0.0,0.0,0.0,False,False,False,0.0,-0.008173956819647166,0.008241321021816184,0.0,0.0,0.0,False
all_gather,2gpu_nvlink,2,16384,ip,8,,auto/LL,RING/LL[0-1],0.4471,6.733333333333333,auto/auto,RING/LL[0-1],0.5388,0.0013477587571400758,auto/auto,RING/LL[0-1],0.5324,0.0010114561192985387,auto/auto,RING/LL[0-1],0.5157,9.079520496017013e-09,True,False,0.004696517922986532,-0.024208757164859374,0.02973377405066202,0.0004950495049504955,-0.0009896091044039323,0.0024752475247524774,False,True,False,0.006627009943876994,-0.030174542851291175,0.038561639871240505,0.0004950495049504955,-0.0009896091044039323,0.001981178801386818,False,True,False,0.0041712553543420405,-0.025093861933130124,0.029733774050662243,0.0004950495049504955,-0.0009896091044039323,0.0024752475247524774,False
all_gather,2gpu_nvlink,2,16384,oop,8,,auto/LL,RING/LL[0-1],0.7187,6.789999999999999,auto/auto,RING/LL[0-1],0.8381,0.0013515886455303784,auto/auto,RING/LL[0-1],0.8448,0.0010085445286071198,auto/auto,RING/LL[0-1],0.742,9.213139178046277e-09,True,False,0.010670148012865699,-0.0025220545795739957,0.025848894797628974,0.003927344133529687,0.0014713094654241754,0.006385068762279289,False,True,False,0.016028283582804503,-0.005010535419208706,0.03852233233236624,0.003927344133529687,0.0014713094654241754,0.006388206388206363,False,True,False,0.0067367319068587506,-0.004592611298494642,0.01948200808494316,0.003927344133529687,0.0014713094654241754,0.006388206388206363,False
all_gather,2gpu_nvlink,2,32768,ip,8,,Ring/auto,RING/LL[0-3],0.9985,7.129999999999999,Ring/auto,RING/LL[0-3],0.4239,0.0014573404598584832,Ring/auto,RING/LL[0-3],0.3751,0.0011014969155599508,Ring/auto,RING/LL[0-3],0.5428,1.0390880709884506e-08,False,False,0.0,-0.005915327498208556,0.005950526813094825,0.0,-0.0018682858477349074,0.0018717828731869002,False,False,False,0.0,-0.007524521905988402,0.007581569592468584,0.0,-0.0018682858477349074,0.0018717828731869002,False,False,False,0.0,-0.007774883928168608,0.007835806413517332,0.0,-0.0018682858477349074,0.0018717828731869002,False
all_gather,2gpu_nvlink,2,32768,oop,8,,Ring/auto,RING/LL[0-3],1.0,7.113333333333332,auto/auto,RING/LL[0-3],0.5714,0.0014589564192062272,auto/auto,RING/LL[0-3],0.5635,0.0011004720210522408,auto/auto,RING/LL[0-3],0.5398,1.042183547506874e-08,True,False,0.010186559396770267,0.002097098754617832,0.01833664965932047,0.004217432052483705,0.002808988764044784,0.0060975609756099836,False,True,False,0.0146616526810035,0.0032698964148822895,0.026114143028143966,0.004217432052483705,0.002808988764044784,0.006103286384976814,False,True,False,0.005939697056044135,-0.0022906847239608785,0.014543840540854024,0.004217432052483705,0.002808988764044784,0.006103286384976814,False
all_gather,2gpu_nvlink,2,65536,ip,8,,Ring/LL,RING/LL[0-3],0.9092,7.849999999999999,Ring/auto,RING/LL[0-3],0.903,0.001612332540948034,Ring/auto,RING/LL[0-3],0.9017,0.0012197532585784818,Ring/auto,RING/LL[0-3],0.8999,1.2683341973159455e-08,True,False,0.018318627863020076,-0.007530746213873063,0.04162624601579967,0.002123142250530785,0.0,0.004249893752655831,False,True,False,0.02490683664826676,-0.00923419912276402,0.054989027493822146,0.002123142250530785,0.0,0.004249893752655831,False,True,False,0.016187081195168096,-0.007532100503899963,0.03809540219233387,0.002123142250530785,0.0,0.004249893752655831,False
all_gather,2gpu_nvlink,2,65536,oop,8,,Ring/LL,RING/LL[0-3],0.8006,8.006666666666666,Ring/LL,RING/LL[0-3],0.7761,0.0016451400675858436,Ring/LL,RING/LL[0-3],0.7568,0.0012430387416727871,Ring/LL,RING/LL[0-3],0.7738,1.3172213737572744e-08,False,False,0.0,-0.01674521921143679,0.017030396941479786,0.0,-0.0016638935108153063,0.0016666666666667052,False,False,False,0.0,-0.022911094352553896,0.02344832104850525,0.0,-0.0016638935108153063,0.0016666666666667052,False,False,False,0.0,-0.018386122757743317,0.018730504105542112,0.0,-0.0016638935108153063,0.0016666666666667052,False
all_gather,2gpu_nvlink,2,131072,ip,8,,auto/LL,RING/LL[0-3],0.4412,9.29,auto/auto,RING/LL[0-3],0.641,0.0019483923736708815,auto/auto,RING/LL[0-3],0.6607,0.0014845384253012845,auto/auto,RING/LL[0-3],0.6247,1.8107183428174027e-08,True,False,0.007478510023940732,-0.013895212209287688,0.029136658247884473,0.0003588087549337704,-0.001790189760114691,0.002517080186983156,False,True,False,0.01002939778524703,-0.016919315436309756,0.03765636430296837,0.0003588087549337704,-0.001790189760114691,0.002515271289974974,False,True,False,0.007123982201475032,-0.015323994999222212,0.03002281481184843,0.0003588087549337704,-0.001790189760114691,0.002515271289974974,False
all_gather,2gpu_nvlink,2,131072,oop,8,,auto/auto,RING/LL[0-3],0.4235,10.036666666666667,Ring/LL,RING/LL[0-3],0.6954,0.0020927195873438535,Ring/LL,RING/LL[0-3],0.6966,0.0015874148500147798,Ring/LL,RING/LL[0-3],0.766,2.1038462623043847e-08,True,False,0.023610539608377668,0.007998122786361916,0.04403265668982548,0.0016605778811027427,-0.002653399668325118,0.006310195948189934,False,True,False,0.032064128889331744,0.010455169341153203,0.06113592039116944,0.0016605778811027427,-0.002653399668325118,0.006310195948189934,False,True,False,0.02194445329345318,0.007017313057958496,0.04366573771908522,0.0016605778811027427,-0.0026569246097642996,0.00564221705940926,False
all_gather,2gpu_nvlink,2,262144,ip,8,,Ring/auto,RING/LL[0-3],0.624,13.453333333333331,Ring/auto,RING/LL[0-3],0.4663,0.0028556669301839995,Ring/auto,RING/LL[0-3],0.4602,0.0021844322811576506,Ring/auto,RING/LL[0-3],0.5576,3.841788210516152e-08,False,False,0.0,-0.017686510579650094,0.018004955414067103,0.0,-0.0014855162168856406,0.0014877262583687934,False,False,False,0.0,-0.023312266657299463,0.023868700160197154,0.0,-0.0014855162168856406,0.0014877262583687934,False,False,False,0.0,-0.016223444995677183,0.016490985593375695,0.0,-0.0014855162168856406,0.0014877262583687934,False
all_gather,2gpu_nvlink,2,262144,oop,8,,auto/auto,RING/LL[0-3],0.6658,13.926666666666668,Ring/LL,RING/LL[0-3],0.8123,0.0030271175044890527,Ring/LL,RING/LL[0-3],0.8285,0.0023271217438512854,Ring/LL,RING/LL[0-3],0.7666,4.22384476330813e-08,True,False,0.02254142372415946,-0.0013083147007590945,0.04275199541689756,0.0019147917663953073,-0.00047755491881573686,0.003835091083413289,False,True,False,0.029991141286395795,-0.0010750237971904886,0.05653229980943397,0.0019147917663953073,-0.00047755491881573686,0.003836930455635601,False,True,False,0.020585574368603643,-0.003839481255188404,0.04050183219766179,0.0019147917663953073,-0.0002447468958928498,0.003836930455635601,False
all_gather,2gpu_nvlink,2,524288,ip,8,,Ring/LL,RING/LL[0-3],0.972,21.213333333333328,Ring/LL,RING/LL[0-3],0.958,0.00467427231768145,Ring/LL,RING/LL[0-3],0.9612,0.0036155311235396147,Ring/LL,RING/LL[0-3],0.989,9.915676693905509e-08,False,False,0.0,-0.00863826429115544,0.008713534101635334,0.0,-0.0003142183817753663,0.0003143171460002758,False,False,False,0.0,-0.01001822152787657,0.010119601941904532,0.0,-0.0003142183817753663,0.0003143171460002758,False,False,False,0.0,-0.008327912433554574,0.008397848984527778,0.0,-0.0003142183817753663,0.0003143171460002758,False
all_gather,2gpu_nvlink,2,524288,oop,8,,auto/LL,RING/LL[0-3],0.9684,22.243333333333336,Ring/LL,RING/LL[0-3],0.9726,0.004948796120314003,Ring/LL,RING/LL[0-3],0.9795,0.003830988145611095,Ring/LL,RING/LL[0-3],0.9618,1.102754398253112e-07,True,False,0.008722310841028591,8.104564148836424e-05,0.015703047640962087,0.0017982916229579704,0.0,0.0034487929224771285,False,True,False,0.011639662562033415,0.0006167084186730065,0.022005054183233286,0.0017982916229579704,0.0,0.0034487929224771285,False,True,False,0.006918397698666201,-0.0036555344135051904,0.01404778216672109,0.0017982916229579704,0.0,0.0034487929224771285,False
all_gather,2gpu_nvlink,2,1048576,ip,8,,Ring/LL128,RING/LL128[0-3],0.8931,32.013333333333335,auto/LL128,RING/LL128[0-3],0.6985,0.007299096433137489,auto/LL128,RING/LL128[0-3],0.6794,0.005697460125113776,auto/LL128,RING/LL128[0-3],0.5694,2.342509255933997e-07,True,False,0.0030661912939344838,-0.015331285745722956,0.034666391467289115,0.0024989587671799818,-0.0016659725114537283,0.006152241918665258,False,True,False,0.004590666617819927,-0.0204653914701195,0.044990210971096456,0.0024989587671799818,-0.0016659725114535062,0.006152241918665258,False,True,False,0.0005437738043676532,-0.016166502005220407,0.031138418449353278,0.0024989587671799818,-0.0016659725114535062,0.006152241918665258,False
all_gather,2gpu_nvlink,2,1048576,oop,8,,Ring/LL128,RING/LL128[0-3],0.88,32.556666666666665,Ring/LL128,RING/LL128[0-3],0.9986,0.007680480310121495,Ring/LL128,RING/LL128[0-3],0.956,0.0060472995240237635,Ring/LL128,RING/LL128[0-3],1.0,2.5005123296931874e-07,False,False,0.0,-0.006827311946814407,0.006874244558816134,0.0,-0.003066857493355002,0.003076292042657691,False,False,False,0.0,-0.009996885210850296,0.010097832079022817,0.0,-0.003066857493355002,0.003076292042657691,False,False,False,0.0,-0.007224144481049466,0.00727671250352202,0.0,-0.003066857493355002,0.003076292042657691,False
all_gather,2gpu_nvlink,2,2097152,ip,8,,auto/LL128,RING/LL128[0-3],0.2855,49.666666666666664,Ring/auto,RING/SIMPLE[0-3],0.6878,0.011634783941389351,Ring/auto,RING/SIMPLE[0-3],0.704,0.00915459373017575,Ring/auto,RING/SIMPLE[0-3],0.7295,5.782413668510477e-07,True,True,0.01679115749194704,-0.006341143829141749,0.03959967847899515,0.0006711409395971923,-0.0008717226580836623,0.0024203307785395367,False,True,True,0.021517524391130527,-0.00695933281915484,0.04994329755857896,0.0006711409395971923,-0.0008717226580836623,0.0023510445355008347,False,True,True,0.01612847460478628,-0.0062725227659461424,0.03919276487258938,0.0006711409395971923,-0.0008717226580836623,0.0024203307785395367,False
all_gather,2gpu_nvlink,2,2097152,oop,8,,Ring/LL128,RING/LL128[0-3],0.7757,50.699999999999996,auto/Simple,RING/SIMPLE[0-3],0.3208,0.012735482087135125,auto/Simple,RING/SIMPLE[0-3],0.3779,0.010117607447034533,auto/LL128,RING/LL128[0-3],0.9069,6.491126320730361e-07,True,True,0.02332397564340094,0.008633321450479459,0.0380112386217899,0.02938856015779101,0.024669429642786733,0.03346262573137837,True,True,True,0.036796021559331704,0.017411875505147112,0.056453162003309076,0.02938856015779101,0.024130449076204874,0.03346262573137837,True,True,False,0.017916528761461548,-0.0035701566247010597,0.03887928800748064,0.0009861932938857176,-0.0015779092702171704,0.0031578947368420263,False
all_gather,2gpu_nvlink,2,4194304,ip,8,,Ring/Simple,RING/SIMPLE[0-3],0.9437,79.29,Ring/auto,RING/SIMPLE[0-3],0.6934,0.020325438826958926,Ring/auto,RING/SIMPLE[0-3],0.6907,0.01636674212183978,Ring/auto,RING/SIMPLE[0-3],0.6866,1.6122807939546346e-06,True,False,0.0094253857211406,-0.007868085810322278,0.021577339631176473,0.00042039769622048695,-0.00012611930886630152,0.0009250304839594214,False,True,False,0.011801554087787824,-0.008491392785278551,0.025961678516661424,0.00042039769622048695,-0.00012611930886630152,0.0009250304839594214,False,True,False,0.008999351594953353,-0.008368799158787743,0.020761143921008696,0.00042039769622048695,-0.00012611930886630152,0.0009250304839594214,False
all_gather,2gpu_nvlink,2,4194304,oop,8,,Ring/Simple,RING/SIMPLE[0-3],0.7491,82.77333333333334,Ring/auto,RING/SIMPLE[0-3],0.6446,0.02156911759186278,Ring/auto,RING/SIMPLE[0-3],0.6397,0.01740528646837835,Ring/auto,RING/SIMPLE[0-3],0.6403,1.7880030913685895e-06,True,False,0.016286267465108972,-0.004123167420218454,0.04291598019690346,0.0014900128865977802,0.0010470360824741398,0.001812323801852589,False,True,False,0.020783035894281987,-0.004625490460680726,0.055416074071734656,0.0014900128865977802,0.0010470360824739178,0.001812323801852589,False,True,False,0.014777982299121195,-0.005362710955040373,0.04149250366668866,0.0014900128865977802,0.0010470360824741398,0.001812323801852589,False
all_gather,2gpu_nvlink,2,8388608,ip,8,,auto/auto,RING/SIMPLE[0-3],0.9945,138.3133333333333,auto/Simple,RING/SIMPLE[0-3],0.9639,0.03700635734533933,auto/Simple,RING/SIMPLE[0-3],0.9602,0.03009784114970759,auto/Simple,RING/SIMPLE[0-3],0.9628,5.122912000583624e-06,True,False,0.016617572628087718,0.014814770364883545,0.01873063315280943,0.0008675953149852589,0.0005059875189747931,0.001253676647861468,False,True,False,0.020613503730112726,0.01849770951233176,0.02281889499474854,0.0008675953149852589,0.0005059875189747931,0.001253676647861468,False,True,False,0.01573646572966747,0.01410077242161667,0.017626905790916858,0.0008675953149852589,0.0005059875189747931,0.001253676647861468,False
all_gather,2gpu_nvlink,2,8388608,oop,8,,auto/auto,RING/SIMPLE[0-3],0.8355,141.77666666666667,auto/auto,RING/SIMPLE[0-3],0.7028,0.0385759385123547,auto/auto,RING/SIMPLE[0-3],0.7258,0.03145685035621818,auto/auto,RING/SIMPLE[0-3],0.7303,5.469122098710538e-06,False,False,0.0,-0.023805624101743694,0.024386151661485167,0.0,-0.0009400042300189426,0.00094088866934805,False,False,False,0.0,-0.029522023410766263,0.030420085898829052,0.0,-0.0009400042300189426,0.00094088866934805,False,False,False,0.0,-0.022885632651373444,0.023421651974551372,0.0,-0.0009400042300189426,0.00094088866934805,False
all_gather,2gpu_nvlink,2,16777216,ip,8,,auto/Simple,RING/SIMPLE[0-3],0.6053,254.71666666666667,Ring/auto,RING/SIMPLE[0-3],0.5799,0.06881307771311196,Ring/auto,RING/SIMPLE[0-3],0.5695,0.0560990987895651,Ring/auto,RING/SIMPLE[0-3],0.5771,1.7529715692114572e-05,True,False,0.016735561939248633,-0.003102890413921755,0.03515576659064079,0.00010469148727332289,-0.00045776766329219676,0.0005890669180017571,False,True,False,0.02055615233927277,-0.0030858371717239486,0.043817834708925085,0.00010469148727332289,-0.00045776766329219676,0.0005890206549912236,False,True,False,0.01662853857606872,-0.0034661804170684762,0.03566129813267649,0.00010469148727332289,-0.0004577676632923078,0.0005890669180017571,False
all_gather,2gpu_nvlink,2,16777216,oop,8,,Ring/auto,RING/SIMPLE[0-3],0.5129,256.46666666666664,auto/auto,RING/SIMPLE[0-3],0.5795,0.0712403180400213,auto/auto,RING/SIMPLE[0-3],0.5965,0.05836235004846674,auto/auto,RING/SIMPLE[0-3],0.5724,1.827946060108042e-05,True,False,0.011035280766681588,-0.004980644416422542,0.0316941484605604,0.0004678970626459389,-0.0003508088091991324,0.0012871351491905436,False,True,False,0.013735021080789833,-0.005753134201714416,0.03790152407042413,0.0004678970626459389,-0.0003508088091991324,0.0012871351491905436,False,True,False,0.010552808942796421,-0.005846608521419938,0.0312873243202505,0.0004678970626459389,-0.0003508088091991324,0.0012871351491905436,False
all_gather,2gpu_nvlink,2,33554432,ip,8,,auto/Simple,RING/SIMPLE[0-3],0.9192,490.9633333333333,auto/Simple,RING/SIMPLE[0-3],0.9167,0.13147998844097675,auto/Simple,RING/SIMPLE[0-3],0.9361,0.10697850389074699,auto/Simple,RING/SIMPLE[0-3],0.935,6.455197984323075e-05,False,False,0.0,-0.020222611904254117,0.020640006750469952,0.0,-0.0002308120511046452,0.00023086533760663386,False,False,False,0.0,-0.02366510225225049,0.024238713895039732,0.0,-0.0002308120511046452,0.00023086533760663386,False,False,False,0.0,-0.020450122457863595,0.020877060910034162,0.0,-0.0002308120511046452,0.00023086533760663386,False
all_gather,2gpu_nvlink,2,33554432,oop,8,,auto/auto,RING/SIMPLE[0-3],0.3754,496.18666666666667,Ring/auto,RING/SIMPLE[0-3],0.5563,0.13804716912033985,Ring/auto,RING/SIMPLE[0-3],0.5525,0.11313210106746074,Ring/auto,RING/SIMPLE[0-3],0.5363,6.850093056324617e-05,True,False,0.005171849118965621,-0.021383794679199153,0.026942557522034116,6.046111678403854e-05,-0.0004499936194933829,0.0005711559524528287,False,True,False,0.006434996663469583,-0.025313318416143815,0.03196662430960484,6.046111678403854e-05,-0.0004499936194933829,0.0005711559524528287,False,True,False,0.0051166476123809534,-0.020780873191879046,0.026557392522621237,6.046111678403854e-05,-0.0004499936194934939,0.0005711559524528287,False
all_gather,2gpu_nvlink,2,67108864,ip,8,,Ring/auto,RING/SIMPLE[0-3],0.7655,942.5133333333333,Ring/Simple,RING/SIMPLE[0-3],0.6413,0.2597543710021322,Ring/Simple,RING/SIMPLE[0-3],0.7027,0.212701150933859,Ring/Simple,RING/SIMPLE[0-3],0.68,0.0002448902240056859,True,False,0.005519656460335254,0.0028231267897522727,0.008744338207153923,0.00027939480962246854,-0.000427933822333193,0.0009409966782110146,False,True,False,0.00681153698226411,0.0034276043910967946,0.01132246864022024,0.00027939480962246854,-0.000427933822333193,0.0009409966782110146,False,True,False,0.005239926743892509,0.002565077632950219,0.008702706672004457,0.00027939480962246854,-0.000427933822333193,0.0009409966782110146,False
all_gather,2gpu_nvlink,2,67108864,oop,8,,Ring/Simple,RING/SIMPLE[0-3],0.4716,968.5833333333331,Ring/auto,RING/SIMPLE[0-3],0.5347,0.273752217453505,Ring/auto,RING/SIMPLE[0-3],0.5518,0.225107852669037,Ring/auto,RING/SIMPLE[0-3],0.5451,0.00026516913713304715,True,False,0.001696993826355797,-0.012893201264966958,0.020781393880657584,6.53875935645587e-05,-0.00047478479862916867,0.0006058686641974287,False,True,False,0.0021711934220318696,-0.015267972351712844,0.024005159140345844,6.53875935645587e-05,-0.00047478479862916867,0.0006197834889678511,False,True,False,0.0016295826643766276,-0.012551967011979914,0.020624638614109347,6.53875935645587e-05,-0.00047478479862916867,0.0006058686641974287,False
all_gather,2gpu_nvlink,2,134217728,ip,8,,Ring/Simple,RING/SIMPLE[0-3],0.6109,1758.22,auto/Simple,RING/SIMPLE[0-3],0.6931,0.4882125919869174,auto/Simple,RING/SIMPLE[0-3],0.7032,0.4003666229684217,auto/Simple,RING/SIMPLE[0-3],0.6638,0.000859361423483238,True,False,0.0024681301581361836,-0.008064476584100477,0.019369118182219758,0.0011602643582713235,-0.0010408668202372962,0.003674024193961012,False,True,False,0.0032518054453634093,-0.009811276770378075,0.02339230481700083,0.0011602643582713235,-0.0010408668202372962,0.003674024193961012,False,True,False,0.0013295479668888888,-0.007199481362772597,0.015557103937737349,0.0011602643582713235,-0.0010408668202372962,0.003674024193961012,False
all_gather,2gpu_nvlink,2,134217728,oop,8,,Ring/Simple,RING/SIMPLE[0-3],0.4788,1871.78,Ring/auto,RING/SIMPLE[0-3],0.5043,0.5321416176882172,Ring/auto,RING/SIMPLE[0-3],0.5188,0.4382010437877035,Ring/auto,RING/SIMPLE[0-3],0.5,0.0009961691083403303,True,False,0.001005354525257074,-0.018406160275159622,0.02050694990878621,0.0001121926722158495,-0.0007920982415418054,0.00101733749770605,False,True,False,0.0009692810959460729,-0.02266065196342759,0.02676534166090283,0.0001121926722158495,-0.0007920982415418054,0.00101733749770605,False,True,False,0.0008848664249394567,-0.018460225062288504,0.02227325669158242,0.0001121926722158495,-0.0007920982415418054,0.00101733749770605,False
all_gather,2gpu_nvlink,2,268435456,ip,8,,auto/auto,RING/SIMPLE[0-3],0.4628,3356.1499999999996,Ring/Simple,RING/SIMPLE[0-3],0.5515,0.946728686874731,Ring/Simple,RING/SIMPLE[0-3],0.5747,0.7791473283746293,Ring/Simple,RING/SIMPLE[0-3],0.5148,0.0031789529969548096,True,False,0.013305010777308945,0.001496842295086731,0.025241975355611235,0.0004946143646737955,-0.0024689546307276045,0.003468083878682915,False,True,False,0.016289392614463383,0.002818660364083181,0.029921902260773958,0.0004946143646737955,-0.0024689546307276045,0.003468083878682915,False,True,False,0.012814943829741354,-0.0011138482568225916,0.026908211885920963,0.0004946143646737955,-0.0024689546307276045,0.003468083878682915,False
all_gather,2gpu_nvlink,2,268435456,oop,8,,Ring/auto,RING/SIMPLE[0-3],0.9745,3605.873333333333,Ring/Simple,RING/SIMPLE[0-3],0.6524,1.0299254720103528,Ring/Simple,RING/SIMPLE[0-3],0.7015,0.8487060671675563,Ring/Simple,RING/SIMPLE[0-3],0.5175,0.0037199401893201083,True,False,0.0023986146273917708,-0.004821541883077596,0.011625334543359234,0.0016547077823032552,0.0001985778134090399,0.0031133624777368585,False,True,False,0.0034302860660304635,-0.004598183007688883,0.013511845384213128,0.0016547077823032552,0.0001985778134090399,0.0031133624777368585,False,True,False,0.0007363366811856675,-0.006981002528176461,0.010814706997586576,0.0016547077823032552,0.0001985778134090399,0.0031133624777368585,False
all_gather,2gpu_nvlink,2,536870912,ip,8,,Ring/auto,RING/SIMPLE[0-3],0.3096,6522.2,Ring/Simple,RING/SIMPLE[0-3],0.5747,1.85660327198364,Ring/Simple,RING/SIMPLE[0-3],0.5924,1.5307504886964356,Ring/Simple,RING/SIMPLE[0-3],0.4823,0.012125697907822086,True,False,0.0020191146631238777,-0.014033457848385722,0.012818838814938172,0.001349237987182228,-0.0014151666615558334,0.003916853987790292,False,True,False,0.0026194282425962,-0.015470527571765813,0.01469417035326881,0.001349237987182228,-0.0014151666615558334,0.003916853987790292,False,True,False,0.0006524488387942284,-0.017877416640127985,0.013514315098435592,0.001349237987182228,-0.0014151666615558334,0.004007862244955751,False
all_gather,2gpu_nvlink,2,536870912,oop,8,,Ring/Simple,RING/SIMPLE[0-3],0.9396,6968.673333333332,auto/Simple,RING/SIMPLE[0-3],0.7494,1.999125502008032,auto/Simple,RING/SIMPLE[0-3],0.766,1.6484407655587747,auto/Simple,RING/SIMPLE[0-3],0.7286,0.013965213549728914,True,False,0.006696823392057238,-0.011732646575344452,0.020666365173069856,0.002440923714796206,0.0012765648314276845,0.003620746879620107,False,True,False,0.008825474627854213,-0.012281467185584871,0.02648202295022939,0.002440923714796206,0.0012765648314276845,0.003620746879620107,False,True,False,0.0042441591793929145,-0.012460464338170385,0.017210044703488858,0.002440923714796206,0.0012765648314276845,0.003620746879620107,False
all_gather,2gpu_nvlink,2,1073741824,ip,8,,Ring/Simple,RING/SIMPLE[0-3],0.4338,12873.533333333333,Ring/Simple,RING/SIMPLE[0-3],0.449,3.6912403100775193,Ring/Simple,RING/SIMPLE[0-3],0.4462,3.0487598111226077,Ring/Simple,RING/SIMPLE[0-3],0.4859,0.047519455307751944,False,False,0.0,-0.015781613883319667,0.016034666803561137,0.0,-0.0020796258742706852,0.002083959730847962,False,False,False,0.0,-0.017782349559067767,0.01810428630669092,0.0,-0.0020796258742706852,0.002083959730847962,False,False,False,0.0,-0.017094342524921036,0.01739164119660641,0.0,-0.0020796258742706852,0.002083959730847962,False
all_gather,2gpu_nvlink,2,1073741824,oop,8,,Ring/auto,RING/SIMPLE[0-3],0.2666,13638.266666666668,auto/auto,RING/SIMPLE[0-3],0.3351,3.9061558185404337,auto/auto,RING/SIMPLE[0-3],0.3501,3.22055364882085,auto/auto,RING/SIMPLE[0-3],0.3379,0.05330538430078894,True,False,0.001187191286204703,-0.017716579636063656,0.021914952086097506,0.0006036935289917,-0.0051840635157509585,0.006034054203634565,False,True,False,0.0018012748794031808,-0.021147914087868758,0.027614566000171425,0.0006036935289917,-0.0051840635157509585,0.006034054203634565,False,True,False,0.000600322344300297,-0.019641787019521906,0.023681677109536725,0.0006036935289917,-0.0051840635157509585,0.006034054203634565,False
all_gather,4gpu,4,1024,ip,8,,Ring/auto,RING/LL[0-0],0.3189,8.49,auto/auto,RING/LL[0-0],0.6563,0.003314109627081598,auto/auto,RING/LL[0-0],0.6241,0.0024448945733000983,auto/auto,RING/LL[0-0],0.5834,2.8148084066283526e-08,True,False,0.010071495462428581,0.004472663876092353,0.01489602042795557,0.0003926187671772219,-0.0027440219521753795,0.0035391270153362075,False,True,False,0.013863491088297986,0.007603519270396486,0.020389999078803456,0.0003926187671772219,-0.0027440219521753795,0.0035391270153362075,False,True,False,0.009662657294273957,0.000994485151972313,0.015446522304613852,0.0003926187671772219,-0.0027440219521753795,0.0035391270153362075,False
all_gather,4gpu,4,1024,oop,8,,Ring/LL,RING/LL[0-0],0.5881,8.51,Ring/LL,RING/LL[0-0],0.6433,0.0032701178658570505,Ring/LL,RING/LL[0-0],0.6673,0.002389737439890212,Ring/LL,RING/LL[0-0],0.6882,2.782762691972458e-08,False,False,0.0,-0.027546626802611218,0.0283269384032665,0.0,-0.003909304143862147,0.003924646781789498,False,False,False,0.0,-0.036407591525555505,0.0377831863403697,0.0,-0.003909304143862147,0.003924646781789498,False,False,False,0.0,-0.024534632474774054,0.02515172069821281,0.0,-0.003909304143862147,0.003924646781789498,False
all_gather,4gpu,4,2048,ip,8,,auto/auto,RING/LL[0-0],0.6169,8.47,auto/auto,RING/LL[0-0],0.6328,0.0033023473849194446,auto/auto,RING/LL[0-0],0.6506,0.0024353150040182137,auto/auto,RING/LL[0-0],0.7095,2.7971122971181324e-08,False,False,0.0,-0.01172119932762572,0.011860215274931862,0.0,-0.0023612750885479983,0.0023640661938535423,False,False,False,0.0,-0.016263422893514345,0.016532294591862007,0.0,-0.0023612750885479983,0.002366863905325589,False,False,False,0.0,-0.01404878362699935,0.014248964242551843,0.0,-0.0023612750885479983,0.002366863905325589,False
all_gather,4gpu,4,2048,oop,8,,auto/auto,RING/LL[0-0],0.5118,8.493333333333334,auto/auto,RING/LL[0-0],0.8489,0.0032800019737927078,auto/auto,RING/LL[0-0],0.8505,0.0024019742161880226,auto/auto,RING/LL[0-0],0.9272,2.7858111547856033e-08,False,False,0.0,-0.003147972909408492,0.0031579139369322107,0.0,-0.0015698587127158659,0.0015723270440251014,False,False,False,0.0,-0.005542532377741383,0.005573423256595822,0.0,-0.0015698587127158659,0.0015723270440251014,False,False,False,0.0,-0.0027783202604242385,0.002786060829674142,0.0,-0.0015698587127158659,0.0015710919088767206,False
all_gather,4gpu,4,4096,ip,8,,Ring/auto,RING/LL[0-0],0.7693,8.53,Ring/LL,RING/LL[0-0],0.6699,0.003344220466131176,Ring/LL,RING/LL[0-0],0.6407,0.002470130374972599,Ring/LL,RING/LL[0-0],0.5304,2.857082833172253e-08,True,False,0.0019604283185328253,-0.01274337080277188,0.026122379337669477,0.0015631105900741904,-0.0011709601873536313,0.00391083300743067,False,True,False,0.003045896359169964,-0.01835639159638147,0.03614447933783116,0.0015631105900741904,-0.0007818608287724071,0.00391083300743067,False,True,False,0.00040857774055602647,-0.015789778829570222,0.02428357279194615,0.0015631105900741904,-0.0011723329425556983,0.00390930414386248,False
all_gather,4gpu,4,4096,oop,8,,Ring/auto,RING/LL[0-0],0.6202,8.553333333333333,auto/LL,RING/LL[0-0],0.5449,0.0032948217061673033,auto/LL,RING/LL[0-0],0.5574,0.002409605657966935,auto/LL,RING/LL[0-0],0.5116,2.8236262845506114e-08,True,False,0.004328586833413528,-0.022327153080762385,0.03157189306418995,0.0019485580670302038,0.0007791195948574359,0.003118908382066188,False,True,False,0.006610260085285313,-0.02851622466514314,0.042744020425427465,0.0019485580670302038,0.0007791195948574359,0.003118908382066188,False,True,False,0.0023787909963488563,-0.023091140434924995,0.028369724046812594,0.0019485580670302038,0.0007791195948574359,0.003118908382066188,False
all_gather,4gpu,4,8192,ip,8,,Ring/auto,RING/LL[0-0],0.4164,8.926666666666668,Ring/auto,RING/LL[0-0],0.3778,0.0035075182324303803,Ring/auto,RING/LL[0-0],0.4047,0.002593761334541107,Ring/auto,RING/LL[0-0],0.4754,3.131038613707292e-08,False,False,0.0,-0.0026882619041879163,0.002695508136022484,0.0,-0.0014925373134326847,0.001494768310911665,False,False,False,0.0,-0.006244529858446923,0.0062837690418524605,0.0,-0.0014925373134326847,0.001494768310911665,False,False,False,0.0,-0.0011993299310221195,0.0012007700504839125,0.0,-0.0014925373134326847,0.001494768310911665,False
all_gather,4gpu,4,8192,oop,8,,Ring/auto,RING/LL[0-0],0.6468,9.019999999999998,Ring/LL,RING/LL[0-0],0.6031,0.0035013749981190044,Ring/LL,RING/LL[0-0],0.6259,0.0025689832872821707,Ring/LL,RING/LL[0-0],0.5686,3.1617563312108224e-08,True,False,0.007034653439656813,-0.0006079340462034066,0.01628850297246598,0.0011086474501107446,-0.0007382798080471931,0.0033296337402883847,False,True,False,0.01003917637790308,0.0010120069864376635,0.020967323970919383,0.0011086474501107446,-0.0007382798080471931,0.0033296337402883847,False,True,False,0.005919135500209505,-0.0031847249322197735,0.0162923430066384,0.0011086474501107446,-0.0007382798080471931,0.0033297262301144976,False
all_gather,4gpu,4,16384,ip,8,,Ring/LL,RING/LL[0-0],0.587,10.016666666666666,Ring/LL,RING/LL[0-0],0.4153,0.003940998741214398,auto/auto,RING/LL[0-0],0.4698,0.0029144725722598705,Ring/LL,RING/LL[0-0],0.4333,3.947634788941521e-08,False,False,0.0,-0.01581329704596135,0.0160673752231133,0.0,-0.004648074369190125,0.004669779853235578,False,True,False,0.00047999956728883575,-0.02092715191837291,0.02242447741456033,0.0016638935108153063,-0.0016600265604251874,0.005344021376085584,False,False,False,0.0,-0.018402816019947865,0.018747828865329996,0.0,-0.004648074369190125,0.004669779853235578,False
all_gather,4gpu,4,16384,oop,8,,Ring/auto,RING/LL[0-0],0.8472,10.266666666666666,auto/LL,RING/LL[0-0],0.728,0.004014060918205017,auto/LL,RING/LL[0-0],0.7403,0.0029472141907595523,auto/LL,RING/LL[0-0],0.5727,4.138497361828385e-08,True,False,0.009337895262554019,-0.003991013250193132,0.017825934925723264,0.004220779220779125,0.0006482982171798213,0.007812499999999778,False,True,False,0.014680888370752765,-0.0018770830566952057,0.02570145873207519,0.004220779220779125,0.0006482982171798213,0.007804878048780495,False,True,False,0.005098862026081674,-0.008592930408726551,0.016180100250717366,0.004220779220779125,0.0006489292667097857,0.007804878048780495,False
all_gather,4gpu,4,32768,ip,8,,Ring/auto,RING/LL[0-1],0.8594,11.469999999999999,Ring/auto,RING/LL[0-1],0.9765,0.004552848520027226,Ring/auto,RING/LL[0-1],0.9747,0.0033789525679238162,Ring/auto,RING/LL[0-1],0.9739,5.222111897136105e-08,False,False,0.0,-0.0013286703475586803,0.0013304380611598443,0.0,-0.0057954216169228134,0.005829204313611225,False,False,False,0.0,-0.0021760111894874035,0.0021807565401201767,0.0,-0.0057954216169228134,0.005829204313611225,False,False,False,0.0,-0.005330699260694849,0.005359267906160259,0.0,-0.0057954216169228134,0.005829204313611225,False
all_gather,4gpu,4,32768,oop,8,,Ring/auto,RING/LL[0-1],0.727,11.54,auto/LL,RING/LL[0-1],0.6829,0.004554613116814074,auto/LL,RING/LL[0-1],0.7214,0.0033588503530679,auto/LL,RING/LL[0-1],0.6528,5.268368490095762e-08,True,False,0.010369285105123582,-0.01140158590906415,0.03003755996655899,0.0023108030040437377,-0.002876042565429948,0.007531865585168163,False,True,False,0.015082603309179099,-0.011247347861244705,0.040564156915779526,0.0023108030040437377,-0.002880184331797375,0.007531865585168163,False,True,False,0.00803112857536381,-0.017468500120543795,0.03214302623514609,0.0023108030040437377,-0.002880184331797375,0.007531865585168163,False
all_gather,4gpu,4,65536,ip,8,,Ring/LL,RING/LL[0-3],0.9392,16.413333333333338,Ring/LL,RING/LL[0-3],0.9305,0.006622582751271912,Ring/LL,RING/LL[0-3],0.8696,0.004941679048168107,Ring/LL,RING/LL[0-3],0.9614,1.0873436424110279e-07,False,False,0.0,-0.03182821302475303,0.03287455124486782,0.0,-0.03249390739236391,0.033585222502099166,False,False,False,0.0,-0.032224515333014736,0.033297511502994315,0.0,-0.03249390739236391,0.033585222502099166,False,False,False,0.0,-0.062252554449149344,0.06638520290778382,0.0,-0.03249390739236391,0.033585222502099166,False
all_gather,4gpu,4,65536,oop,8,,Ring/LL,RING/LL[0-3],0.7698,16.220000000000002,Ring/LL,RING/LL[0-3],0.6968,0.0065212560207940674,Ring/LL,RING/LL[0-3],0.6581,0.0048478560196226796,Ring/LL,RING/LL[0-3],0.7684,1.0584251416041491e-07,False,False,0.0,-0.04459876258195594,0.046680662359704916,0.0,-0.035923309788092994,0.037261879840904566,False,False,False,0.0,-0.04942193907927894,0.05199145773615821,0.0,-0.03592330978809288,0.037261879840904566,False,False,False,0.0,-0.0786143364758074,0.08532185770626888,0.0,-0.035923309788092994,0.037261879840904566,False
all_gather,4gpu,4,131072,ip,8,,auto/auto,RING/LL[0-7],0.9954,25.89,auto/auto,RING/LL[0-7],0.7383,0.01091927768847889,auto/auto,RING/LL[0-7],0.6345,0.008269971234129076,auto/auto,RING/LL[0-7],0.8537,2.8278862918442936e-07,False,False,0.0,-0.03594242451965146,0.03728244602169428,0.0,-0.02517162471395884,0.025821596244131495,False,False,False,0.0,-0.04119379569824322,0.04296363072477427,0.0,-0.02517162471395884,0.025821596244131495,False,False,False,0.0,-0.060173615413829484,0.06402630996609604,0.0,-0.02517162471395884,0.025821596244131495,False
all_gather,4gpu,4,131072,oop,8,,auto/auto,RING/LL[0-7],0.4965,25.616666666666664,auto/auto,RING/LL[0-7],0.5285,0.010584088491314711,Ring/auto,RING/LL[0-7],0.5379,0.007933513341107848,auto/auto,RING/LL[0-7],0.5997,2.7118591313936056e-07,False,False,0.0,-0.025638620743599683,0.02631325634352022,0.0,-0.022642480380805186,0.02316703962090272,False,True,False,0.0004042508562593916,-0.022334993201496234,0.02137119930414899,0.0036434612882239037,-0.009630200308166414,0.024189261031366316,False,False,False,0.0,-0.04377183443385513,0.04577551259216417,0.0,-0.022642480380805186,0.02316703962090272,False
all_gather,4gpu,4,262144,ip,8,,auto/LL,RING/LL[0-7],0.6347,43.71666666666666,Ring/LL,RING/LL[0-7],0.611,0.01861985815602837,Ring/LL,RING/LL[0-7],0.6167,0.014125851151661817,auto/LL,RING/LL[0-7],0.5422,8.157557240155677e-07,True,False,0.002122159035153226,-0.011667265121799497,0.01612487659443418,0.0038124285169653938,-0.0028870992250416005,0.010560146923783265,False,True,False,0.003742605869924809,-0.012804389858453002,0.020589760625091102,0.0038124285169653938,-0.0028870992250416005,0.010560146923783265,False,False,False,0.0,-0.01834455099608312,0.01868736226615697,0.0,-0.007141771767208427,0.007193143556779802,False
all_gather,4gpu,4,262144,oop,8,,auto/LL,RING/LL[0-7],0.7344,43.07333333333332,Ring/LL,RING/LL[0-7],0.7,0.018089221766370893,Ring/LL,RING/LL[0-7],0.8928,0.013622571761187356,Ring/LL,RING/LL[0-7],0.6073,7.829715578666158e-07,True,False,0.007937108014171024,-0.009658488876328142,0.02557950775877149,0.004798018882526289,-0.006775485063135078,0.016490354698195597,False,True,False,0.012380403296188058,-0.009038094878709102,0.03425752727732467,0.004798018882526289,-0.006775485063135078,0.016298020954598647,False,True,False,0.003106523133541206,-0.025381050774923697,0.032441626328081785,0.004798018882526289,-0.006775485063135078,0.016490354698195597,False
all_gather,4gpu,4,524288,ip,8,,Ring/Simple,RING/SIMPLE[0-7],1.0,63.49666666666667,Ring/Simple,RING/SIMPLE[0-7],1.0,0.027370487064864186,Ring/Simple,RING/SIMPLE[0-7],1.0,0.020873503610295167,Ring/Simple,RING/SIMPLE[0-7],1.0,1.7379707985493977e-06,False,False,0.0,-0.015244035402561806,0.015480013272926474,0.0,-0.004086336965632986,0.004103103629668592,False,False,False,0.0,-0.018081108659233625,0.018414055192017553,0.0,-0.004086336965632986,0.004103103629668592,False,False,False,0.0,-0.017902825673127842,0.01822917949580538,0.0,-0.004086336965632986,0.004103103629668592,False
all_gather,4gpu,4,524288,oop,8,,Ring/Simple,RING/SIMPLE[0-7],1.0,63.76333333333332,Ring/Simple,RING/SIMPLE[0-7],0.6887,0.02782664584118777,Ring/Simple,RING/SIMPLE[0-7],0.5232,0.021237633524780208,Ring/Simple,RING/SIMPLE[0-7],0.9755,1.774321033015565e-06,False,False,0.0,-0.006336748025675076,0.0063771584720320185,0.0,-0.0007316053511706722,0.0007321409894363029,False,False,False,0.0,-0.006842840912799297,0.006889988004606051,0.0,-0.0007316053511706722,0.0007321409894363029,False,False,False,0.0,-0.0066465504815628185,0.0066910227017231705,0.0,-0.0007316053511706722,0.0007321409894363029,False
all_gather,4gpu,4,1048576,ip,8,,auto/Simple,RING/SIMPLE[0-7],0.635,99.58333333333333,auto/Simple,RING/SIMPLE[0-7],0.5543,0.043480840403585325,auto/Simple,RING/SIMPLE[0-7],0.536,0.033290040802634945,auto/Simple,RING/SIMPLE[0-7],0.5691,4.3324468496978936e-06,False,False,0.0,-0.039335731281879394,0.04094638737252887,0.0,-0.03194993412384717,0.03300442327322228,False,False,False,0.0,-0.04084902251455269,0.04258873052670431,0.0,-0.03194993412384717,0.03300442327322228,False,False,False,0.0,-0.06957593520184013,0.07477873566923865,0.0,-0.03194993412384717,0.03300442327322228,False
all_gather,4gpu,4,1048576,oop,8,,auto/Simple,RING/SIMPLE[0-7],0.7202,99.62,auto/Simple,RING/SIMPLE[0-7],0.5203,0.043217749594188094,auto/auto,RING/SIMPLE[0-7],0.5571,0.03287188703878182,auto/Simple,RING/SIMPLE[0-7],0.6667,4.306666546358203e-06,False,False,0.0,-0.027327608362642586,0.028095388126150533,0.0,-0.028367858556537784,0.02919608908202065,False,True,False,0.0018068749339128498,-0.01933306895627873,0.02425266695854633,0.011343103794418496,-0.011413115186700074,0.03700434546442133,False,False,False,0.0,-0.05244372707906275,0.055346292961999666,0.0,-0.028367858556537895,0.02919608908202065,False
all_gather,4gpu,4,2097152,ip,8,,auto/Simple,RING/SIMPLE[0-7],0.531,163.40333333333334,auto/Simple,RING/SIMPLE[0-7],0.5124,0.07159424603174604,auto/Simple,RING/SIMPLE[0-7],0.4627,0.0548741961929434,auto/Simple,RING/SIMPLE[0-7],0.5683,1.1698872279265874e-05,False,False,0.0,-0.004365028064351462,0.004384165067911727,0.0,-0.006303888075483766,0.006343879179797618,False,False,False,0.0,-0.0035413109707140844,0.0035538964231058845,0.0,-0.006303888075483766,0.006343879179797618,False,False,False,0.0,-0.009908658031306028,0.010007822118314635,0.0,-0.006303888075483988,0.006343879179797618,False
all_gather,4gpu,4,2097152,oop,8,,auto/Simple,RING/SIMPLE[0-7],0.4486,164.42333333333332,Ring/auto,RING/SIMPLE[0-7],0.8118,0.07091306198057475,Ring/auto,RING/SIMPLE[0-7],0.938,0.05391407686120792,Ring/auto,RING/SIMPLE[0-7],0.6928,1.1668876143987184e-05,True,False,0.01727374360885503,-0.007649387397395846,0.04533485157599615,0.00038518458450753634,-0.027377784999086052,0.019207292260112085,False,True,False,0.023203916397209312,-0.0037454771622386085,0.05088482820882523,0.00038518458450753634,-0.02739753848653481,0.019207292260112085,False,True,False,0.016502714310283828,-0.024613049292650957,0.07097242976153884,0.00038518458450753634,-0.02739753848653481,0.019207292260112085,False
all_gather,4gpu,4,4194304,ip,8,,Ring/Simple,RING/SIMPLE[0-7],1.0,313.4166666666667,Ring/Simple,RING/SIMPLE[0-7],0.9986,0.14027834803142017,Ring/Simple,RING/SIMPLE[0-7],0.9195,0.10815492812253909,Ring/Simple,RING/SIMPLE[0-7],1.0,4.396549516071514e-05,False,False,0.0,-0.0039585982598764335,0.003974331039814816,0.0,-0.0032703681287760134,0.0032810985288320715,False,False,False,0.0,-0.004564724159031308,0.00458565641565678,0.0,-0.0032703681287760134,0.0032810985288320715,False,False,False,0.0,-0.0040777028483611755,0.004094398589150616,0.0,-0.0032703681287760134,0.0032810985288320715,False
all_gather,4gpu,4,4194304,oop,8,,Ring/Simple,RING/SIMPLE[0-7],1.0,315.1166666666667,Ring/Simple,RING/SIMPLE[0-7],1.0,0.1386795817069057,Ring/Simple,RING/SIMPLE[0-7],0.999,0.10610185381592213,Ring/Simple,RING/SIMPLE[0-7],1.0,4.3701700066984716e-05,False,False,0.0,-0.014684247290036923,0.014903087918416213,0.0,-0.006473925054300889,0.006516109861187891,False,False,False,0.0,-0.01748042931422511,0.017791431169176697,0.0,-0.006473925054300889,0.006516109861187891,False,False,False,0.0,-0.020100598558406624,0.020512920539430102,0.0,-0.006473925054300889,0.006516109861187891,False
all_gather,4gpu,4,8388608,ip,8,,auto/auto,RING/SIMPLE[0-7],0.901,607.9433333333333,auto/auto,RING/SIMPLE[0-7],0.7762,0.2757937283817218,auto/auto,RING/SIMPLE[0-7],0.6699,0.21349225854611853,auto/auto,RING/SIMPLE[0-7],0.8407,0.00016787089608057745,False,False,0.0,-0.059907973521797775,0.06372564795196345,0.0,-0.051380400871832266,0.05416333472242574,False,False,False,0.0,-0.06332925371124565,0.06761100841695611,0.0,-0.051380400871832044,0.05416333472242574,False,False,False,0.0,-0.10834083730314359,0.12150476531353394,0.0,-0.051380400871832044,0.054163334722425516,False
all_gather,4gpu,4,8388608,oop,8,,auto/auto,RING/SIMPLE[0-7],0.9047,606.9366666666666,auto/auto,RING/SIMPLE[0-7],0.8922,0.2678211704440967,auto/auto,RING/SIMPLE[0-7],0.8819,0.2052559053980518,auto/auto,RING/SIMPLE[0-7],0.9214,0.00016270959068143847,False,False,0.0,-0.05159049979945596,0.05439686104846797,0.0,-0.04823642278688611,0.05068109763995032,False,False,False,0.0,-0.05334659428472299,0.056352825609299995,0.0,-0.04823642278688611,0.05068109763995032,False,False,False,0.0,-0.09729837199819047,0.10778574999755675,0.0,-0.04823642278688611,0.05068109763995032,False
all_gather,4gpu,4,16777216,ip,8,,auto/auto,RING/SIMPLE[0-7],0.3189,1268.2166666666665,auto/auto,RING/SIMPLE[0-7],0.3498,0.5679320282762371,auto/auto,RING/SIMPLE[0-7],0.3737,0.43796200716980654,auto/auto,RING/SIMPLE[0-7],0.3171,0.0007202872757712525,False,False,0.0,-0.017917481785359235,0.018244375042875127,0.0,-0.01293149597457588,0.013100910343951888,False,False,False,0.0,-0.02302155594105071,0.02356403673084695,0.0,-0.012931495974575657,0.013100910343951888,False,False,False,0.0,-0.02278578019674966,0.023326792525769635,0.0,-0.01293149597457588,0.013100910343951888,False
all_gather,4gpu,4,16777216,oop,8,,auto/Simple,RING/SIMPLE[0-7],0.4443,1268.9133333333334,auto/auto,RING/SIMPLE[0-7],0.4352,0.5665802066340403,auto/auto,RING/SIMPLE[0-7],0.3926,0.4358008684942501,auto/auto,RING/SIMPLE[0-7],0.376,0.0007190299389468914,True,False,0.004678823697078949,-0.025574830053569864,0.05180549233630405,8.668834750968912e-05,-0.051638535225834725,0.036834594288390754,False,True,False,0.0054695205915991085,-0.025304981774058377,0.04922730267185882,8.668834750968912e-05,-0.053483301385563564,0.036834594288390754,False,True,False,0.005891220743567516,-0.05734078909036533,0.11205120777596211,8.668834750968912e-05,-0.051638535225834725,0.036834594288390754,False
all_gather,4gpu,4,33554432,ip,8,,auto/Simple,RING/SIMPLE[0-7],0.9464,2416.483333333333,auto/Simple,RING/SIMPLE[0-7],0.9551,1.0916573049150429,auto/Simple,RING/SIMPLE[0-7],0.9587,0.8442591922903842,auto/Simple,RING/SIMPLE[0-7],0.9544,0.002647849774117672,False,False,0.0,-0.08422127806922486,0.0919668431383267,0.0,-0.09203409859536738,0.10136294595754047,False,False,False,0.0,-0.08088642838803306,0.08800482430715517,0.0,-0.09203409859536738,0.10136294595754047,False,False,False,0.0,-0.17086349390385203,0.20607402116249163,0.0,-0.09203409859536738,0.10136294595754047,False
all_gather,4gpu,4,33554432,oop,8,,auto/Simple,RING/SIMPLE[0-7],0.9408,2418.506666666666,auto/Simple,RING/SIMPLE[0-7],0.9232,1.0986191529326288,auto/Simple,RING/SIMPLE[0-7],0.9317,0.8491612222790712,auto/Simple,RING/SIMPLE[0-7],0.9238,0.0026659892103903502,False,False,0.0,-0.08512356380099384,0.09304378212499675,0.0,-0.09177998787558395,0.10105479580977472,False,False,False,0.0,-0.08247735479781038,0.08989135606526122,0.0,-0.09177998787558395,0.10105479580977472,False,False,False,0.0,-0.1704279244515513,0.2054407681681878,0.0,-0.09177998787558395,0.10105479580977472,False
all_gather,4gpu,4,67108864,ip,8,,Ring/auto,RING/SIMPLE[0-7],0.4969,5318.643333333333,Ring/auto,RING/SIMPLE[0-7],0.4036,2.406139077853364,auto/auto,RING/SIMPLE[0-7],0.5683,1.8598507808677993,Ring/auto,RING/SIMPLE[0-7],0.4614,0.012801052782214661,False,False,0.0,-0.025961285345624918,0.026653237653738504,0.0,-0.02265482510294492,0.02317996311316639,False,True,False,0.0009164945387076795,-0.08044460659335084,0.07718251091470463,0.007168494722651575,-0.08006718854786232,0.0872490666479484,False,False,False,0.0,-0.047613275554397205,0.049993636337291036,0.0,-0.02265482510294492,0.02317996311316639,False
all_gather,4gpu,4,67108864,oop,8,,Ring/auto,RING/SIMPLE[0-7],0.5133,5313.693333333334,Ring/auto,RING/SIMPLE[0-7],0.4849,2.3707838246409674,Ring/auto,RING/SIMPLE[0-7],0.5164,1.8222935392522626,Ring/auto,RING/SIMPLE[0-7],0.465,0.012601288472207104,False,False,0.0,-0.026029089595476007,0.02672470945222094,0.0,-0.02420372376421953,0.024804074737390325,False,False,False,0.0,-0.028051198251252685,0.028860777646705804,0.0,-0.02420372376421953,0.024804074737390325,False,False,False,0.0,-0.04799336303059787,0.05041284500219345,0.0,-0.02420372376421953,0.024804074737390325,False
all_gather,4gpu,4,134217728,ip,8,,auto/auto,RING/SIMPLE[0-7],0.6159,10066.98,auto/auto,RING/SIMPLE[0-7],0.6119,4.529522273425499,auto/auto,RING/SIMPLE[0-7],0.5938,3.498407921172303,auto/auto,RING/SIMPLE[0-7],0.597,0.045646742006851,False,False,0.0,-0.04694016304867976,0.04925206291226525,0.0,-0.05511203043204149,0.05832652357426138,False,False,False,0.0,-0.043857612236850474,0.04586933159553075,0.0,-0.05511203043204149,0.05832652357426138,False,False,False,0.0,-0.09983205710323317,0.11090381288403872,0.0,-0.05511203043204149,0.05832652357426138,False
all_gather,4gpu,4,134217728,oop,8,,auto/auto,RING/SIMPLE[0-7],0.5832,10063.17,auto/auto,RING/SIMPLE[0-7],0.5944,4.45979416282642,auto/auto,RING/SIMPLE[0-7],0.6103,3.4209588011885383,auto/auto,RING/SIMPLE[0-7],0.5956,0.04493517390184332,False,False,0.0,-0.0589380113268273,0.06262925507162986,0.0,-0.05078500920226514,0.053502114583740885,False,False,False,0.0,-0.05984996422839739,0.06366001377564934,0.0,-0.05078500920226514,0.0535021145837411,False,False,False,0.0,-0.10718942266237197,0.12005841483421054,0.0,-0.05078500920226514,0.0535021145837411,False
all_gather,4gpu,4,268435456,ip,8,,Ring/auto,RING/SIMPLE[0-7],0.9893,20400.433333333334,Ring/auto,RING/SIMPLE[0-7],0.5939,9.162108024691358,auto/auto,RING/SIMPLE[0-7],0.2819,7.06846901145056,Ring/auto,RING/SIMPLE[0-7],0.8648,0.18693068981111113,False,False,0.0,-0.017058442382584138,0.017354482827984796,0.0,-0.015727940032162713,0.01597926088918622,False,True,False,0.00031104675928461667,-0.01007325262841452,0.01625374664819097,0.018200593778236795,0.006093033765898426,0.02968891269026619,False,False,False,0.0,-0.03257982503797252,0.033677016338067745,0.0,-0.015727940032162713,0.01597926088918622,False
all_gather,4gpu,4,268435456,oop,8,,Ring/auto,RING/SIMPLE[0-7],1.0,20355.866666666665,Ring/auto,RING/SIMPLE[0-7],0.9746,9.000496913580248,Ring/auto,RING/SIMPLE[0-7],0.976,6.896630724705854,Ring/auto,RING/SIMPLE[0-7],0.9986,0.18323248581419757,False,False,0.0,-0.015560926945915488,0.01580689691403636,0.0,-0.01782309016873662,0.01814651718069671,False,False,False,0.0,-0.015663151109302498,0.015912389266899973,0.0,-0.01782309016873662,0.01814651718069671,False,False,False,0.0,-0.03304815846389286,0.03417766743314976,0.0,-0.01782309016873662,0.01814651718069671,False
all_gather,4gpu,4,536870912,ip,8,,auto/auto,RING/SIMPLE[0-7],0.4736,40361.63333333333,Ring/auto,RING/SIMPLE[0-7],0.4772,18.000327485380115,Ring/auto,RING/SIMPLE[0-7],0.4279,13.860109306835943,auto/auto,RING/SIMPLE[0-7],0.4602,0.7281975184900583,True,False,0.0016763827558692324,-0.04945354145196823,0.055618590960088365,0.0020919206275924473,-0.04703769094460175,0.04760353750519419,False,True,False,0.002707169054493752,-0.050205531299069905,0.05849507383386232,0.0020919206275924473,-0.051760376397056884,0.04760353750519419,False,False,False,0.0,-0.08012430336973186,0.08710340284371787,0.0,-0.03188068231226793,0.03293053008012703,False
all_gather,4gpu,4,536870912,oop,8,,auto/auto,RING/SIMPLE[0-7],0.5111,40284.93333333333,Ring/auto,RING/SIMPLE[0-7],0.4407,17.874327485380118,Ring/auto,RING/SIMPLE[0-7],0.408,13.711457652882205,auto/auto,RING/SIMPLE[0-7],0.4575,0.7208000271339182,True,False,0.0006134447458048253,-0.050724564167757835,0.06205542280250498,0.0025758182546327113,-0.04691103607446445,0.047253946658100565,False,True,False,0.0015752692474872987,-0.05405581115716618,0.06956902725020364,0.0025758182546327113,-0.04691103607446445,0.047253946658100565,False,False,False,0.0,-0.06039438923188656,0.06427631821239888,0.0,-0.03145956141651096,0.03248141240495972,False
all_gather,4gpu,4,1073741824,ip,8,,Ring/Simple,RING/SIMPLE[0-7],0.9408,82063.59999999999,Ring/Simple,RING/SIMPLE[0-7],0.7722,36.497345238095235,Ring/Simple,RING/SIMPLE[0-7],0.687,28.089466418757393,Ring/Simple,RING/SIMPLE[0-7],0.8295,2.9951148671261905,False,False,0.0,-0.003442456243978098,0.0034543476847341825,0.0,-0.005750489974309603,0.0057837493670587214,False,False,False,0.0,-0.004754560660016227,0.004777274501422735,0.0,-0.005750489974309603,0.0057837493670587214,False,False,False,0.0,-0.0077927227628820095,0.00785392623261294,0.0,-0.005750489974309603,0.0057837493670587214,False
all_gather,4gpu,4,1073741824,oop,8,,Ring/Simple,RING/SIMPLE[0-7],0.5148,82305.43333333333,auto/Simple,RING/SIMPLE[0-7],0.7477,36.230333333333334,auto/Simple,RING/SIMPLE[0-7],0.7669,27.74004823157426,auto/Simple,RING/SIMPLE[0-7],0.602,2.985986535586207,True,False,0.010680671418451082,-0.0009879510091456156,0.022452611009357692,0.001350660122478864,-0.0035766174554402452,0.007535781820553034,False,True,False,0.013689117384973581,0.0008779826705123117,0.0264880801776175,0.001350660122478864,-0.00371038302885518,0.0076364436619718035,False,True,False,0.00935711456222621,-0.007958390354458,0.025319666567688248,0.001350660122478864,-0.00371038302885518,0.007299817423056965,False
all_reduce,2gpu_nvlink,2,1024,ip,12,,Ring/LL,RING/LL[0-0],0.8023,6.086666666666666,auto/LL,RING/LL[0-0],0.7138,0.0011964719892363278,auto/LL,RING/LL[0-0],0.7073,0.0008919996448758972,auto/LL,RING/LL[0-0],0.5836,7.3024210532128125e-09,True,False,0.009180148524488008,-0.011170157802270264,0.030268166472690927,0.0027382256297918683,-0.0010952902519167917,0.006030701754386136,False,True,False,0.012998892229448167,-0.014441637958178322,0.04183192628290522,0.0027382256297918683,-0.0010952902519167917,0.006030701754386136,False,True,False,0.006454304182389015,-0.013656760360439835,0.02987117890420765,0.0027382256297918683,-0.0010952902519167917,0.006030701754386136,False
all_reduce,2gpu_nvlink,2,1024,oop,12,,Ring/LL,RING/LL[0-0],0.9228,6.099999999999999,auto/LL,RING/LL[0-0],0.5365,0.001206816010778397,auto/LL,RING/LL[0-0],0.5021,0.0008997746805965997,auto/LL,RING/LL[0-0],0.5235,7.386150763193689e-09,True,False,0.005487174054118693,-0.01938074307321902,0.02803650229704746,0.003278688524590345,-0.0010911074740862503,0.008196721311475752,False,True,False,0.00820937883827888,-0.024650045757905636,0.0387612295592763,0.003278688524590345,-0.0010911074740862503,0.008196721311475752,False,True,False,0.002140444829477728,-0.02668216909211718,0.026287284296588886,0.003278688524590345,-0.0010911074740862503,0.008196721311475752,False
all_reduce,2gpu_nvlink,2,2048,ip,12,,auto/LL,RING/LL[0-0],0.4587,6.156666666666666,Ring/auto,RING/LL[0-0],0.618,0.0012056600744136357,Ring/auto,RING/LL[0-0],0.6167,0.0008982188039021551,Ring/auto,RING/LL[0-0],0.5974,7.426820353599021e-09,True,False,0.009945267046187034,-0.013764182724749552,0.033778586067214844,0.0005414185165131258,-0.0010828370330262516,0.0021668472372695646,False,True,False,0.013490951766826242,-0.017631988596902404,0.04413668293974049,0.0005414185165131258,-0.0010828370330262516,0.0021668472372695646,False,True,False,0.009413235085184546,-0.014289790795519619,0.03322807755925217,0.0005414185165131258,-0.0010828370330262516,0.0021668472372695646,False
all_reduce,2gpu_nvlink,2,2048,oop,12,,Ring/auto,RING/LL[0-0],0.8656,6.163333333333333,auto/LL,RING/LL[0-0],0.8031,0.0012113648983889346,auto/LL,RING/LL[0-0],0.7451,0.0009018934773504092,auto/LL,RING/LL[0-0],0.8367,7.470065805604833e-09,True,False,0.012206367520851025,0.0002897151595324665,0.02569967407313456,0.000540832882639064,-0.0005408328826393971,0.0016233766233766378,False,True,False,0.015087140050500158,-0.0012812518761974312,0.03443582788812627,0.000540832882639064,-0.0005408328826393971,0.0016233766233766378,False,True,False,0.011665750275173581,-0.0007932416625645589,0.024595580855682364,0.000540832882639064,-0.0005408328826393971,0.0016233766233766378,False
all_reduce,2gpu_nvlink,2,4096,ip,12,,auto/LL,RING/LL[0-0],0.7586,6.3999999999999995,Ring/LL,RING/LL[0-0],0.6004,0.0012569196681491976,Ring/LL,RING/LL[0-0],0.6307,0.0009361647015161297,auto/LL,RING/LL[0-0],0.483,8.078500057110007e-09,True,False,0.004273640544769197,-0.024229931365274293,0.028185501271573266,0.004687499999999956,0.002080083203328087,0.007824726134585402,False,True,False,0.007318565054036386,-0.0291869511299917,0.03757604650675561,0.004687499999999956,0.002080083203328087,0.007824726134585402,False,False,False,0.0,-0.028796199140622036,0.029650006636239956,0.0,-0.0031249999999999334,0.0031347962382444194,False
all_reduce,2gpu_nvlink,2,4096,oop,12,,auto/LL,RING/LL[0-0],0.7683,6.416666666666667,auto/auto,RING/LL[0-0],0.6571,0.001271278544623151,auto/auto,RING/LL[0-0],0.7676,0.0009477875387953671,auto/LL,RING/LL[0-0],0.5946,8.17360404413761e-09,True,False,0.001980740257526925,-0.006645702776722273,0.010688667860229595,0.004155844155844024,0.0005186721991701226,0.008311688311688048,False,True,False,0.004675398796556429,-0.007420167637993691,0.016928756315789384,0.004155844155844024,0.0005186721991701226,0.008311688311688048,False,False,False,0.0,-0.01095242341151248,0.011073707343068895,0.0,-0.003112033195020847,0.003121748178980255,False
all_reduce,2gpu_nvlink,2,8192,ip,12,,Ring/auto,RING/LL[0-0],0.712,7.0233333333333325,Ring/auto,RING/LL[0-0],0.7696,0.001384780953330814,Ring/auto,RING/LL[0-0],0.7675,0.0010343382711660916,Ring/auto,RING/LL[0-0],0.7969,9.725663581880545e-09,False,False,0.0,-0.028156064220806742,0.028971795968693488,0.0,-0.0009487666034156961,0.0009496676163345263,False,False,False,0.0,-0.03604112021938932,0.03738864901331884,0.0,-0.0009487666034156961,0.0009496676163345263,False,False,False,0.0,-0.027243021095579856,0.028005988840360097,0.0,-0.0009487666034156961,0.0009496676163345263,False
all_reduce,2gpu_nvlink,2,8192,oop,12,,Ring/auto,RING/LL[0-0],0.8844,7.033333333333332,auto/auto,RING/LL[0-0],0.5106,0.001399614587819333,auto/auto,RING/LL[0-0],0.4734,0.001045473514385108,auto/auto,RING/LL[0-0],0.4584,9.881382426552754e-09,True,False,0.012705179168960745,0.003944744877941053,0.02216325136772035,0.0037914691943128354,0.00047348484848486194,0.00805687203791483,False,True,False,0.018612030645626776,0.0062156849378598444,0.03198591823261143,0.0037914691943128354,0.00047348484848486194,0.00805687203791483,False,True,False,0.008870510771510354,-0.0022140338977693075,0.020070289733745916,0.0037914691943128354,0.00047348484848486194,0.00805687203791483,False
all_reduce,2gpu_nvlink,2,16384,ip,12,,Ring/auto,RING/LL[0-1],0.6541,7.439999999999999,Ring/LL,RING/LL[0-1],0.4727,0.0015066890419075855,Ring/LL,RING/LL[0-1],0.4689,0.001134985140600467,Ring/LL,RING/LL[0-1],0.4858,1.1219667055987303e-08,True,False,0.0017324887480898443,-0.01424657666023521,0.013582398534597306,0.0008960573476701761,-0.0017905102954342,0.004032258064516014,False,True,False,0.0028875274441755305,-0.017235208500089305,0.01829366713925351,0.0008960573476701761,-0.0017905102954342,0.004032258064516014,False,True,False,0.0008488520298264302,-0.013365258134957259,0.011775420901095845,0.0008960573476701761,-0.0017905102954342,0.004032258064516014,False
all_reduce,2gpu_nvlink,2,16384,oop,12,,Ring/auto,RING/LL[0-1],0.909,7.446666666666666,Ring/auto,RING/LL[0-1],0.7213,0.0015004186240723794,Ring/auto,RING/LL[0-1],0.6925,0.0011271989850625845,Ring/auto,RING/LL[0-1],0.7841,1.1173112731374893e-08,False,False,0.0,-0.005460504721824133,0.005490485544062507,0.0,-0.0026821636119803705,0.0026893769610041307,False,False,False,0.0,-0.006044125226396857,0.006080878819468172,0.0,-0.0026821636119803705,0.0026893769610041307,False,False,False,0.0,-0.0057839158109640465,0.005817564112012841,0.0,-0.0026821636119803705,0.0026893769610041307,False
all_reduce,2gpu_nvlink,2,32768,ip,12,,auto/auto,RING/LL[0-3],0.9881,7.833333333333332,Ring/auto,RING/LL[0-3],0.6854,0.0016104018187536543,Ring/auto,RING/LL[0-3],0.6872,0.0012189207188547098,Ring/auto,RING/LL[0-3],0.4912,1.2636249848315573e-08,True,False,0.0018362218381429152,-0.005753075535468777,0.01416172614229061,0.0017021276595745594,0.0008503401360544505,0.0025542784163472554,False,True,False,0.0027507451088604196,-0.008171746467961372,0.020851476463504826,0.0017021276595745594,0.0008503401360544505,0.0025542784163472554,False,True,False,0.0001375701604047208,-0.00770890788036549,0.01173671953374722,0.0017021276595745594,0.0008503401360544505,0.0025542784163472554,False
all_reduce,2gpu_nvlink,2,32768,oop,12,,auto/auto,RING/LL[0-3],0.8938,7.84,auto/LL,RING/LL[0-3],1.0,0.0015962434282121901,auto/LL,RING/LL[0-3],0.9728,0.001201928654223506,auto/LL,RING/LL[0-3],0.9876,1.2535734264305873e-08,True,False,0.009166442795779384,0.0039334232806214064,0.016117370327715763,0.001700680272108679,0.0,0.003826530612244916,False,True,False,0.012637432441058527,0.0032105364745527165,0.024322127165914198,0.001700680272108679,0.0,0.003826530612244916,False,True,False,0.007460919610837724,0.0029631437304764585,0.012811297110056019,0.001700680272108679,0.0,0.003826530612244916,False
all_reduce,2gpu_nvlink,2,65536,ip,12,,auto/LL,RING/LL[0-3],0.6554,9.233333333333334,Ring/auto,RING/LL[0-3],0.9024,0.0019011586028397367,Ring/auto,RING/LL[0-3],0.9206,0.0014400709695901214,Ring/auto,RING/LL[0-3],0.8562,1.7567459904690978e-08,True,False,0.01530882482332152,-0.0037466157116157195,0.041161461692514,0.0007220216606498298,-0.002527075812274404,0.002889129649692901,False,True,False,0.02055902958457212,-0.005907012738572193,0.05461249484137043,0.0007220216606498298,-0.002527075812274404,0.002889129649692901,False,True,False,0.014532034820693429,-0.006974218468489446,0.043564367513987845,0.0007220216606498298,-0.002527075812274404,0.002889129649692901,False
all_reduce,2gpu_nvlink,2,65536,oop,12,,auto/LL,RING/LL[0-3],0.8646,9.233333333333334,Ring/auto,RING/LL[0-3],0.6289,0.0019089816476550534,Ring/auto,RING/LL[0-3],0.6089,0.0014446163874013932,auto/LL,RING/LL[0-3],0.3541,1.765662471724942e-08,True,False,0.001722605937700239,-0.0026008454062172648,0.005501611340233081,0.0018050541516243523,-0.00036101083032480386,0.003971119133573842,False,True,False,0.00286898211472697,-0.003513859301977895,0.00861019296519605,0.0018050541516243523,-0.0003607503607504503,0.003971119133573842,False,False,False,0.0,-0.003187770387773625,0.003197964765153216,0.0,-0.0007217610970767785,0.0007222824124231142,False
all_reduce,2gpu_nvlink,2,131072,ip,12,,Ring/LL,RING/LL[0-3],0.5966,11.993333333333332,Ring/LL,RING/LL[0-3],0.8871,0.0025146287025232267,Ring/LL,RING/LL[0-3],0.8903,0.0019161207027287017,Ring/LL,RING/LL[0-3],0.8982,3.0159295255173086e-08,False,False,0.0,-0.011951864755861519,0.012096439767995903,0.0,-0.003883495145630911,0.0038986354775827348,False,False,False,0.0,-0.014289161488534985,0.014496301481389029,0.0,-0.003883495145630911,0.0038986354775827348,False,False,False,0.0,-0.01578406309810465,0.01603719519904301,0.0,-0.003883495145630911,0.0038986354775827348,False
all_reduce,2gpu_nvlink,2,131072,oop,12,,Ring/LL,RING/LL[0-3],0.7905,11.993333333333332,auto/LL,RING/LL[0-3],0.6466,0.002505602850100458,auto/LL,RING/LL[0-3],0.6864,0.0019014554760581354,auto/LL,RING/LL[0-3],0.6236,3.0150539313158925e-08,True,False,0.013239620654177164,-0.0109031768714003,0.04340826739481596,0.0033351862145636346,-0.0002772387025229417,0.0069735006973501434,False,True,False,0.018666142623767312,-0.01173113752194288,0.056552585925890186,0.0033351862145636346,-0.0002772387025229417,0.0069735006973501434,False,True,False,0.009948584043073305,-0.016122684576001856,0.04456718463039344,0.0033351862145636346,-0.0005537098560354226,0.006694560669456173,False
all_reduce,2gpu_nvlink,2,262144,ip,12,,Ring/auto,RING/LL[0-3],0.5465,17.956666666666667,Ring/LL,RING/LL[0-3],0.8699,0.0038561789864387003,Ring/LL,RING/LL[0-3],0.8402,0.002959293535762606,Ring/LL,RING/LL[0-3],0.8765,6.929512066820502e-08,True,False,0.010363085859808496,-0.0011872253308568004,0.019644357208950414,0.0007425283088917656,-0.0014850566177836422,0.002787068004459048,False,True,False,0.013762266946405255,-0.0020565864501653763,0.028084471012102208,0.0007425283088917656,-0.0014850566177836422,0.002787068004459048,False,True,False,0.009617442525027275,-0.0012887067881410808,0.018131658738487655,0.0007425283088917656,-0.0014850566177836422,0.002787068004459048,False
all_reduce,2gpu_nvlink,2,262144,oop,12,,Ring/auto,RING/LL[0-3],0.8659,17.953333333333333,auto/auto,RING/LL[0-3],0.4865,0.003871916956564259,auto/auto,RING/LL[0-3],0.4824,0.002969675305465569,Ring/auto,RING/LL[0-3],0.4781,6.958034811830149e-08,True,False,0.0009210720550048013,-0.029634173551279397,0.03267405386387345,0.0020423319717786104,-0.0014798372179058994,0.004836309523809312,False,True,False,0.0017358295714862138,-0.03810465078827163,0.04369412906009563,0.0020423319717786104,-0.0014798372179058994,0.004836309523809312,False,False,False,0.0,-0.027148953000802778,0.027906587636971736,0.0,-0.003706449221645647,0.0037202380952381375,False
all_reduce,2gpu_nvlink,2,524288,ip,12,,auto/LL,RING/LL[0-3],1.0,30.62333333333333,Ring/LL,RING/LL[0-3],0.9406,0.006792239844450819,Ring/LL,RING/LL[0-3],0.9654,0.005262222536466491,Ring/LL,RING/LL[0-3],0.9408,2.0825007654513252e-07,True,False,0.02264902089095,-0.0047044015250964355,0.04592602017342928,0.0011973440731469775,0.0007617803895965114,0.0016334531198953783,False,True,False,0.02956323399093974,-0.0063786216050757405,0.05959416256404726,0.0011973440731469775,0.0007617803895965114,0.0016334531198953783,False,True,False,0.021423652924955183,-0.005678285888330192,0.04451724268535462,0.0011973440731469775,0.0007617803895965114,0.0016334531198953783,False
all_reduce,2gpu_nvlink,2,524288,oop,12,,auto/LL,RING/LL[0-3],0.671,30.626666666666665,auto/LL,RING/LL[0-3],0.9099,0.006788126830557036,auto/LL,RING/LL[0-3],0.9049,0.005251075906312214,auto/LL,RING/LL[0-3],0.916,2.0789470262415902e-07,False,False,0.0,-0.03381675018273267,0.03500034821461484,0.0,-0.0010877841836179902,0.0010889687465969189,False,False,False,0.0,-0.042592989933886716,0.04448786094739954,0.0,-0.0010877841836179902,0.0010889687465969189,False,False,False,0.0,-0.032759405157684496,0.0338689311970255,0.0,-0.0010877841836179902,0.0010889687465969189,False
all_reduce,2gpu_nvlink,2,1048576,ip,12,,auto/LL128,RING/LL128[0-3],0.98,49.050000000000004,Ring/Simple,RING/SIMPLE[0-3],0.9628,0.011311022116390663,Ring/Simple,RING/SIMPLE[0-3],0.9646,0.008835415726657754,Ring/Simple,RING/SIMPLE[0-3],0.9641,5.611389052206228e-07,True,True,0.04457935510427413,0.03220915668422997,0.05342013544598645,0.011416921508664357,0.008948545861297452,0.013276143790849515,True,True,True,0.060222042377688245,0.044177002806082166,0.07058155052066017,0.011416921508664357,0.008948545861297452,0.013276143790849515,True,True,True,0.032790147094821975,0.020206522428519946,0.04174209056075817,0.011416921508664357,0.008948545861297452,0.013270858270148815,True
all_reduce,2gpu_nvlink,2,1048576,oop,12,,auto/LL128,RING/LL128[0-3],0.9941,49.29666666666666,auto/Simple,RING/SIMPLE[0-3],0.6738,0.011367454693853966,auto/Simple,RING/SIMPLE[0-3],0.6275,0.008869952625970026,auto/Simple,RING/SIMPLE[0-3],0.7831,5.652244037790635e-07,True,True,0.03300402646203082,0.021015233167984926,0.046939929675912984,0.008655081479478133,0.006482982171799101,0.010826904858573627,True,True,True,0.045020170301022455,0.030422739836899693,0.06003748271838605,0.008655081479478133,0.006356075461491528,0.010826904858573627,True,True,True,0.024150080637326488,0.012389963840506724,0.037048904189660226,0.008655081479478133,0.006356075461491528,0.010826904858573627,True
all_reduce,2gpu_nvlink,2,2097152,ip,12,,auto/auto,RING/SIMPLE[0-3],0.6472,74.15333333333332,auto/auto,RING/SIMPLE[0-3],0.5557,0.01784410321280907,auto/auto,RING/SIMPLE[0-3],0.5365,0.014143372000236859,auto/auto,RING/SIMPLE[0-3],0.8541,1.323197886784497e-06,False,False,0.0,-0.00418688493664654,0.004204488646828208,0.0,-0.00098845307094364,0.0009894310771303427,False,False,False,0.0,-0.004403808971915946,0.004423288288566418,0.0,-0.00098845307094364,0.0009894310771303427,False,False,False,0.0,-0.0032017535216392057,0.003212037674575452,0.0,-0.00098845307094364,0.0009894310771303427,False
all_reduce,2gpu_nvlink,2,2097152,oop,12,,Ring/Simple,RING/SIMPLE[0-3],0.6938,74.21666666666665,Ring/Simple,RING/SIMPLE[0-3],0.7941,0.018662617990801596,Ring/Simple,RING/SIMPLE[0-3],0.7721,0.014937438435370645,Ring/Simple,RING/SIMPLE[0-3],0.8047,1.3851316514697958e-06,False,False,0.0,-0.025540233330077378,0.026209633484774342,0.0,-0.008408247238248512,0.008479545352036322,False,False,False,0.0,-0.030446132292665795,0.03140220807396754,0.0,-0.008408247238248512,0.008479545352036322,False,False,False,0.0,-0.02747546018550029,0.028251688323197577,0.0,-0.008408247238248512,0.008479545352036322,False
all_reduce,2gpu_nvlink,2,4194304,ip,12,,auto/Simple,RING/SIMPLE[0-3],0.8111,127.67666666666668,auto/Simple,RING/SIMPLE[0-3],0.48,0.03266621279170922,auto/Simple,RING/SIMPLE[0-3],0.4875,0.026294550694364777,auto/Simple,RING/SIMPLE[0-3],0.4782,4.1707009162600705e-06,False,False,0.0,-0.027074381449068485,0.027827801974618316,0.0,-0.00036543983294168303,0.0003655734280341161,False,False,False,0.0,-0.03459429955533799,0.03583394995430833,0.0,-0.00036543983294168303,0.0003655734280341161,False,False,False,0.0,-0.026718209988995434,0.02745166945812616,0.0,-0.00036543983294168303,0.0003655734280341161,False
all_reduce,2gpu_nvlink,2,4194304,oop,12,,auto/Simple,RING/SIMPLE[0-3],0.502,128.26,Ring/auto,RING/SIMPLE[0-3],0.7497,0.03380184340664627,Ring/auto,RING/SIMPLE[0-3],0.7291,0.027363140536573332,Ring/auto,RING/SIMPLE[0-3],0.711,4.337685626431141e-06,True,False,0.013819785932746687,0.001074495133443376,0.026048404946663828,0.0005197775352145939,-0.0008830022075055899,0.0018720748829952338,False,True,False,0.01708760231258788,0.0029681641816425852,0.03178593222415915,0.0005197775352145939,-0.0008830022075055899,0.0019245273204855362,False,True,False,0.01329457041506843,9.943657176014753e-05,0.025505262846750698,0.0005197775352145939,-0.0008830022075055899,0.0019245273204855362,False
all_reduce,2gpu_nvlink,2,8388608,ip,12,,Tree/Simple,TREE/SIMPLE[0-3],0.7984,224.02333333333334,Tree/Simple,TREE/SIMPLE[0-3],0.7639,0.06162348312006085,Tree/Simple,TREE/SIMPLE[0-3],0.7707,0.05044397317205548,Tree/Simple,TREE/SIMPLE[0-3],0.7658,1.3805077433786331e-05,False,False,0.0,-0.03232442676563063,0.03340419832815367,0.0,-0.0002677933825278034,0.0002678651150334055,False,False,False,0.0,-0.040287062215332514,0.041978242273495114,0.0,-0.0002677933825278034,0.0002678651150329614,False,False,False,0.0,-0.03220591931245742,0.03327765684367234,0.0,-0.00026779338252813645,0.0002678651150334055,False
all_reduce,2gpu_nvlink,2,8388608,oop,12,,Tree/Simple,TREE/SIMPLE[0-3],0.7008,224.99333333333334,Tree/auto,TREE/SIMPLE[0-3],0.9318,0.0614073147962926,Tree/auto,TREE/SIMPLE[0-3],0.9007,0.05011628569275955,Tree/auto,TREE/SIMPLE[0-3],0.9311,1.381725124024805e-05,True,False,0.013133398638830007,-0.0068383446966340244,0.02838164237727092,7.407626892641517e-05,-0.00022218930528794534,0.00037044720386458785,False,True,False,0.015939537506641788,-0.010080060146128389,0.034753702083111015,7.407626892641517e-05,-0.00022218930528794534,0.00037044720386458785,False,True,False,0.013058250465532106,-0.006969059909095687,0.02819850159572801,7.407626892641517e-05,-0.00022218930528805636,0.00037044720386458785,False
all_reduce,2gpu_nvlink,2,16777216,ip,12,,Tree/auto,TREE/SIMPLE[0-3],0.9102,411.51666666666665,Tree/auto,TREE/SIMPLE[0-3],0.6051,0.11595723704106937,Tree/auto,TREE/SIMPLE[0-3],0.5997,0.09542081534117874,Tree/auto,TREE/SIMPLE[0-3],0.5948,4.771846893969636e-05,False,False,0.0,-0.02839163111756504,0.029221270654782083,0.0,-0.00030775709866026624,0.0003078518422501286,False,False,False,0.0,-0.03333275129867597,0.03448213575401171,0.0,-0.00030775709866026624,0.0003078518422501286,False,False,False,0.0,-0.028640932810692576,0.029485422824709895,0.0,-0.00030775709866026624,0.0003078518422501286,False
all_reduce,2gpu_nvlink,2,16777216,oop,12,,Tree/Simple,TREE/SIMPLE[0-3],0.7756,413.5233333333333,Tree/auto,TREE/SIMPLE[0-3],0.7665,0.11698046331579266,Tree/auto,TREE/SIMPLE[0-3],0.7607,0.09623066196919738,Tree/auto,TREE/SIMPLE[0-3],0.7603,4.8388811451037316e-05,True,False,0.006466261052585409,-0.007880366989441168,0.023951348135137218,0.00030631080874110594,-0.00029019854417056123,0.0011123739511040842,False,True,False,0.007869428177156523,-0.010141592983147207,0.029796406344839266,0.00030631080874110594,-0.00029015644268204355,0.0011285135058884954,False,True,False,0.0061611630651201565,-0.007816949535033424,0.02365762503538149,0.00030631080874110594,-0.00029019854417056123,0.0010962349166943053,False
all_reduce,2gpu_nvlink,2,33554432,ip,12,,Tree/Simple,TREE/SIMPLE[0-3],0.6905,780.5166666666668,Tree/auto,TREE/SIMPLE[0-3],0.8473,0.22366747015610652,Tree/auto,TREE/SIMPLE[0-3],0.8488,0.18471331159381474,Tree/auto,TREE/SIMPLE[0-3],0.8462,0.00017458506268250689,True,False,0.010270590369708232,-0.015212839674081824,0.036440214994866826,4.697742948023276e-05,-0.00027759745806166247,0.0002733267279373397,False,True,False,0.012436774384013916,-0.01782376942816799,0.04304938826933258,4.697742948023276e-05,-0.0002775974580617735,0.0002776069427359307,False,True,False,0.01021917644341963,-0.015186513705390037,0.03650901842269105,4.697742948023276e-05,-0.0002775974580617735,0.0002776069427359307,False
all_reduce,2gpu_nvlink,2,33554432,oop,12,,Tree/Simple,TREE/SIMPLE[0-3],0.6267,783.38,Tree/Simple,TREE/SIMPLE[0-3],1.0,0.22403726425812318,Tree/Simple,TREE/SIMPLE[0-3],0.998,0.18477074904253077,Tree/Simple,TREE/SIMPLE[0-3],1.0,0.00017550620802431267,False,False,0.0,-0.0045888942687389855,0.004610049297539165,0.0,-0.00046794770897073956,0.00046816678654582056,False,False,False,0.0,-0.006611626228175127,0.0066556307711467255,0.0,-0.0004679477089705175,0.00046816678654582056,False,False,False,0.0,-0.004485913012300058,0.004506127106522317,0.0,-0.0004679477089704065,0.00046816678654582056,False
all_reduce,2gpu_nvlink,2,67108864,ip,12,,Tree/Simple,TREE/SIMPLE[0-3],0.5339,1512.5099999999995,Tree/Simple,TREE/SIMPLE[0-3],0.5626,0.44127358906525577,Tree/Simple,TREE/SIMPLE[0-3],0.5631,0.3657868348165887,Tree/Simple,TREE/SIMPLE[0-3],0.5594,0.0006674364472530864,False,False,0.0,-0.014873446281737812,0.015098005657851132,0.0,-0.0015723062694061873,0.0015747823095042524,False,False,False,0.0,-0.017476229885151073,0.017787081001723104,0.0,-0.0015723062694061873,0.0015747823095042524,False,False,False,0.0,-0.01642167344140888,0.016695847191820823,0.0,-0.0015723062694061873,0.0015747823095042524,False
all_reduce,2gpu_nvlink,2,67108864,oop,12,,Tree/auto,TREE/SIMPLE[0-3],0.5748,1514.613333333333,Tree/auto,TREE/SIMPLE[0-3],0.7837,0.43825422222222227,Tree/auto,TREE/SIMPLE[0-3],0.8051,0.3622824859672304,Tree/auto,TREE/SIMPLE[0-3],0.8127,0.0006637854369422222,False,False,0.0,-0.005762843663526418,0.005796246526091675,0.0,-0.0015481510150945343,0.0015505515029778927,False,False,False,0.0,-0.007530662217014927,0.007587803401400084,0.0,-0.0015481510150945343,0.0015505515029778927,False,False,False,0.0,-0.006139944609584447,0.0061778764286613,0.0,-0.0015481510150945343,0.0015505515029778927,False
all_reduce,2gpu_nvlink,2,134217728,ip,12,,Tree/Simple,TREE/SIMPLE[0-3],0.9086,2980.2666666666664,Tree/Simple,TREE/SIMPLE[0-3],0.6246,0.8733809523809523,Tree/Simple,TREE/SIMPLE[0-3],0.5367,0.7246554927010823,Tree/Simple,TREE/SIMPLE[0-3],0.614,0.0026029082642251076,False,False,0.0,-0.0009195229182171749,0.0009203692188071155,0.0,-0.0001588098654478065,0.00015883509002700968,False,False,False,0.0,-0.002072820612934123,0.0020771261227769955,0.0,-0.0001588098654478065,0.00015883509002700968,False,False,False,0.0,-0.0010782025803453,0.0010793663559354183,0.0,-0.0001588098654478065,0.00015883509002700968,False
all_reduce,2gpu_nvlink,2,134217728,oop,12,,Tree/Simple,TREE/SIMPLE[0-3],0.8732,2984.773333333333,Tree/Simple,TREE/SIMPLE[0-3],0.6208,0.8664199134199135,Tree/Simple,TREE/SIMPLE[0-3],0.655,0.7164968689649635,Tree/Simple,TREE/SIMPLE[0-3],0.6331,0.002586074485735931,False,False,0.0,-0.01058111650907645,0.010694273866841408,0.0,-0.0007167154338306725,0.0007172294832709092,False,False,False,0.0,-0.013283922680955018,0.013462760956574282,0.0,-0.0007167154338306725,0.0007172294832709092,False,False,False,0.0,-0.011290742524455055,0.011419679181808862,0.0,-0.0007167154338306725,0.0007172294832709092,False
all_reduce,2gpu_nvlink,2,268435456,ip,12,,Tree/Simple,TREE/SIMPLE[0-3],0.9014,5899.756666666667,Tree/auto,TREE/SIMPLE[0-3],0.6686,1.7331162790697674,Tree/auto,TREE/SIMPLE[0-3],0.6438,1.438568145269511,Tree/auto,TREE/SIMPLE[0-3],0.6516,0.010229505956373815,True,False,0.001999355912189582,-0.013453995467038626,0.018105716982985243,0.00044634609223970223,-0.00023382366645696706,0.0011445275475063799,False,True,False,0.0024936740978929173,-0.01689164720833425,0.022849127697638583,0.00044634609223970223,-0.00023382366645696706,0.0011534044938672494,False,True,False,0.0015515955665179604,-0.01365497633718371,0.017649630407325922,0.00044634609223970223,-0.000230996317049037,0.0011358772687153351,False
all_reduce,2gpu_nvlink,2,268435456,oop,12,,Tree/Simple,TREE/SIMPLE[0-3],0.5678,5912.110000000001,Tree/auto,TREE/SIMPLE[0-3],0.9272,1.7210447889750213,Tree/auto,TREE/SIMPLE[0-3],0.8183,1.4244082703101586,Tree/auto,TREE/SIMPLE[0-3],0.9716,0.010175468309827733,True,False,0.005140798935806767,-0.00047032606613883754,0.010790579297474734,4.6232788857736296e-05,-0.0006751734006477106,0.0007682298056244097,False,True,False,0.006258166860918735,0.00041014867727073856,0.01230034967289062,4.6232788857736296e-05,-0.0006751734006477106,0.0007682298056244097,False,True,False,0.00509425593828694,-0.00010696560618062012,0.010330096405641642,4.6232788857736296e-05,-0.0006751734006477106,0.0007682298056244097,False
all_reduce,2gpu_nvlink,2,536870912,ip,12,,Tree/Simple,TREE/SIMPLE[0-3],1.0,11744.266666666665,Tree/auto,TREE/SIMPLE[0-3],0.704,3.4489812925170065,Tree/auto,TREE/SIMPLE[0-3],0.5785,2.8624382706293776,Tree/auto,TREE/SIMPLE[0-3],1.0,0.040541166626700674,True,False,0.005098123718873859,0.00294807915188596,0.007477011091352459,0.0008741854181333331,0.0003717451020455176,0.0014844122522199577,False,True,False,0.006298451341518296,0.004074720395291553,0.008526765872377773,0.0008741854181333331,0.0003717451020455176,0.0014844122522199577,False,True,False,0.004219894517195177,0.002051565033567293,0.006446367488532001,0.0008741854181333331,0.0003717451020455176,0.0014844122522199577,False
all_reduce,2gpu_nvlink,2,536870912,oop,12,,Tree/Simple,TREE/SIMPLE[0-3],1.0,11755.733333333332,Tree/auto,TREE/SIMPLE[0-3],0.751,3.4197891156462585,Tree/auto,TREE/SIMPLE[0-3],0.7077,2.8292507799140973,Tree/auto,TREE/SIMPLE[0-3],0.8004,0.040234846980272104,True,False,0.007674419992480752,-0.010268261987130045,0.025567398926251927,0.0008137873151259356,0.000221076529325126,0.0015407926995365528,False,True,False,0.009590600244192782,-0.01123968586926738,0.030165694633284668,0.0008137873151259356,0.000221076529325126,0.0015407926995365528,False,True,False,0.006855050565482745,-0.010766891257014799,0.024872969966945213,0.0008137873151259356,0.000221076529325126,0.0015407926995365528,False
all_reduce,2gpu_nvlink,2,1073741824,ip,12,,Tree/Simple,TREE/SIMPLE[0-3],0.699,23458.2,Ring/auto,RING/SIMPLE[0-3],0.8932,6.819908163265306,Ring/auto,RING/SIMPLE[0-3],0.8967,5.635221826784714,Tree/auto,TREE/SIMPLE[0-3],0.4859,0.1619075409252525,True,True,0.020146146216130312,0.003901439708747345,0.04730032116051497,0.012156374601063336,0.009181678139619454,0.01491599981813252,True,True,True,0.026870824444544805,0.007184478309939957,0.06044887356284656,0.012156374601063336,0.009363846852493474,0.014915999818132297,True,True,False,0.008016135460508833,-0.014562812270066616,0.034075123772710825,0.00017477896854822816,-0.000614786102710374,0.000736388540202304,False
all_reduce,2gpu_nvlink,2,1073741824,oop,12,,Tree/auto,TREE/SIMPLE[0-3],1.0,23474.833333333332,auto/Simple,RING/SIMPLE[0-3],0.6627,6.729731292517006,auto/Simple,RING/SIMPLE[0-3],0.6911,5.535268557451576,auto/Simple,RING/SIMPLE[0-3],0.4513,0.16000084914659862,True,True,0.023332717074721954,-0.0037070578390043796,0.052346687477489384,0.01277680352718158,0.011547117835412735,0.013907091992133358,False,True,True,0.031288022980206165,-0.003187403072951178,0.06719086074529224,0.01277680352718158,0.011547117835412735,0.013895574459746651,False,True,True,0.010400267827202159,-0.01781182752076227,0.039601304447147934,0.01277680352718158,0.011558608820610328,0.013895574459746651,False
all_reduce,4gpu,4,1024,ip,12,,Tree/auto,TREE/LL[0-0],0.7394,11.31,Tree/auto,TREE/LL[0-0],0.9915,0.004416345093715547,Tree/auto,TREE/LL[0-0],0.9608,0.003258332680947768,Tree/auto,TREE/LL[0-0],0.9909,4.9949078719016707e-08,False,False,0.0,-0.005364581772409838,0.005393515728576492,0.0,-0.0017683465959329459,0.0017699115044249591,False,False,False,0.0,-0.008629077986266664,0.008704187095520899,0.0,-0.0017683465959329459,0.001771479185119773,False,False,False,0.0,-0.007118020774554479,0.007169050222975537,0.0,-0.0017683465959329459,0.001771479185119773,False
all_reduce,4gpu,4,1024,oop,12,,Tree/auto,TREE/LL[0-0],0.8003,11.343333333333334,Tree/auto,TREE/LL[0-0],0.911,0.004404600024500796,Tree/auto,TREE/LL[0-0],0.8485,0.0032334507913865606,Tree/auto,TREE/LL[0-0],0.893,4.99652871357208e-08,False,False,0.0,-0.021877661303910556,0.02236699893090588,0.0,-0.005859947260474452,0.005894488653109153,False,False,False,0.0,-0.028715388001587794,0.02956433948078918,0.0,-0.005859947260474452,0.005894488653109153,False,False,False,0.0,-0.027601636337563407,0.02838511187287973,0.0,-0.005859947260474452,0.005894488653109153,False
all_reduce,4gpu,4,2048,ip,12,,auto/LL,RING/LL[0-0],0.7394,11.63,auto/auto,RING/LL[0-0],0.3533,0.004541063534714397,auto/auto,RING/LL[0-0],0.3619,0.0033462691985072235,auto/LL,RING/LL[0-0],0.4618,5.28544950072289e-08,True,False,0.0007766516943856772,-0.014786825337628762,0.01533529546626844,0.003725995987388764,0.0008586147681739487,0.0066016073478756265,False,True,False,0.0024339655196568,-0.017985781716687188,0.023248213694228248,0.003725995987388764,0.0008586147681739487,0.0066016073478756265,False,False,False,0.0,-0.018240791238482545,0.018579699661277482,0.0,-0.0028620492272465325,0.0028702640642936927,False
all_reduce,4gpu,4,2048,oop,12,,auto/LL,RING/LL[0-0],0.5375,11.673333333333332,auto/LL,RING/LL[0-0],0.477,0.004508963651313691,Ring/auto,RING/LL[0-0],0.5485,0.0033008836657974507,auto/LL,RING/LL[0-0],0.5934,5.2634593878135184e-08,False,False,0.0,-0.001659671241266869,0.001662430329074649,0.0,-0.0011422044545971177,0.0011435105774726395,False,True,False,0.0004977024088792525,-0.02736584175672263,0.01806590827375354,0.004568817818389581,0.0028538812785388057,0.006567675613935009,False,False,False,0.0,-0.0005403679468535261,0.0005406601022428514,0.0,-0.0011422044545971177,0.0011435105774726395,False
all_reduce,4gpu,4,4096,ip,12,,auto/auto,RING/LL[0-0],0.9734,11.853333333333332,Ring/auto,RING/LL[0-0],0.6197,0.0046123757057288635,Ring/auto,RING/LL[0-0],0.6899,0.0033938385300320353,auto/auto,RING/LL[0-0],0.5251,5.4838526412794664e-08,True,False,0.003046414766562089,-0.008622594510821147,0.01483372338964406,0.004218222722159659,0.0019673974142777606,0.00703828828828823,False,True,False,0.005762143390007912,-0.008701682239216968,0.020413917630726308,0.004218222722159659,0.0019673974142777606,0.007311586051743646,False,False,False,0.0,-0.013217266539249595,0.013394302606912545,0.0,-0.0011248593925760053,0.0011261261261261701,False
all_reduce,4gpu,4,4096,oop,12,,auto/auto,RING/LL[0-0],0.9137,11.87,auto/LL,RING/LL[0-0],0.5281,0.0046189976495845135,auto/LL,RING/LL[0-0],0.579,0.0033860104628290065,auto/auto,RING/LL[0-0],0.5431,5.492793948244597e-08,True,False,0.0018260289237923555,-0.015824968463603373,0.019818900154783048,0.004493119910137677,0.002245298905416915,0.007299270072993025,False,True,False,0.0042516832627323975,-0.02088010648979499,0.030068003867165904,0.004493119910137677,0.00224592925322864,0.007582139848357317,False,False,False,0.0,-0.016820247527410737,0.017108008464484348,0.0,-0.0011226494527084574,0.0011239112110144056,False
all_reduce,4gpu,4,8192,ip,12,,Ring/auto,RING/LL[0-0],0.714,12.623333333333333,auto/auto,RING/LL[0-0],0.6174,0.004949017490657354,auto/auto,RING/LL[0-0],0.6423,0.0036545398888372447,auto/auto,RING/LL[0-0],0.5616,6.258954531182992e-08,True,False,0.002771119937666544,-0.008624950398743558,0.013494705383960248,0.001848428835489857,-0.0018459915611814814,0.00528680941052051,False,True,False,0.0043506460014386406,-0.009086703098487359,0.017987928774747974,0.001848428835489857,-0.0018459915611812594,0.00528680941052051,False,True,False,0.0009025435081195798,-0.01103958904242952,0.013884279801846144,0.001848428835489857,-0.0018459915611812594,0.00528680941052051,False
all_reduce,4gpu,4,8192,oop,12,,Ring/auto,RING/LL[0-0],0.5507,12.65333333333333,auto/auto,RING/LL[0-0],0.4573,0.004924812764197758,auto/auto,RING/LL[0-0],0.4525,0.0036167423568827933,auto/auto,RING/LL[0-0],0.4831,6.239574695215339e-08,True,False,0.003097306376165898,-0.010306015420052828,0.016729085554233025,0.0013171759747103717,-0.0010537407797680531,0.005268703898841043,False,True,False,0.0044122977318152845,-0.014256621730952768,0.023321682160829527,0.0013171759747103717,-0.0010537407797680531,0.005268703898841043,False,True,False,0.0018039635447675284,-0.010277613084004766,0.011842883300317242,0.0013171759747103717,-0.0010537407797680531,0.005268703898841043,False
all_reduce,4gpu,4,16384,ip,12,,Ring/auto,RING/LL[0-0],0.501,14.469999999999999,Ring/auto,RING/LL[0-0],0.5009,0.0056999196669831305,auto/auto,RING/LL[0-0],0.5214,0.0042147959323717,Ring/auto,RING/LL[0-0],0.5615,8.248141344062106e-08,False,False,0.0,-0.018570204280709213,0.018921581922320962,0.0,-0.006429391504018445,0.006470996071181068,False,True,False,0.001025253040209062,-0.02082762017793549,0.021761765789749976,0.0027643400138217533,-0.004592422502870175,0.010168708111855995,False,False,False,0.0,-0.023031112659383846,0.023574049243345163,0.0,-0.006429391504018445,0.006470996071181068,False
all_reduce,4gpu,4,16384,oop,12,,Ring/auto,RING/LL[0-0],0.484,14.49,auto/LL,RING/LL[0-0],0.4566,0.005667394753789263,auto/LL,RING/LL[0-0],0.4758,0.004168379143563726,auto/LL,RING/LL[0-0],0.3724,8.225235258448799e-08,True,False,0.006252831013854321,0.0010838833680650861,0.01270413384950797,0.0016103059581322743,-0.0034419458467186415,0.006918819188191927,False,True,False,0.008644190981435873,0.0028297511169215195,0.015588158958411036,0.0016103059581322743,-0.0034419458467186415,0.006918819188191927,False,True,False,0.004649445193813273,-0.0024837841240781255,0.014804511228134754,0.0016103059581322743,-0.0036714089031664177,0.006918819188191927,False
all_reduce,4gpu,4,32768,ip,12,,Ring/LL,RING/LL[0-1],0.7566,16.69666666666667,auto/LL,RING/LL[0-1],0.5781,0.006699651602292213,auto/LL,RING/LL[0-1],0.5616,0.004983617715987684,Ring/LL,RING/LL[0-1],0.631,1.1206427693949784e-07,True,False,0.0018137179800787884,-0.006416958011504881,0.01010863876285506,0.004392094230385224,-0.0071899340922708666,0.011983223487118,False,True,False,0.003831085691072378,-0.0059954585158059626,0.01416200056481709,0.004392094230385224,-0.0071899340922708666,0.011992804317409567,False,False,False,0.0,-0.00788123675148944,0.007943844067300754,0.0,-0.0023928215353939963,0.002398560863482002,False
all_reduce,4gpu,4,32768,oop,12,,Ring/LL,RING/LL[0-1],0.7549,16.69333333333333,Ring/auto,RING/LL[0-1],0.7652,0.006626970516875628,Ring/auto,RING/LL[0-1],0.8096,0.004892883168634008,Ring/auto,RING/LL[0-1],0.4193,1.1135577317937578e-07,True,False,0.006695500147029909,-0.006201462425037829,0.021724532380879014,0.006589456869009469,0.004787552363854086,0.008394963022186452,False,True,False,0.01068744582891723,-0.006731162149614889,0.03114746761730869,0.006589456869009469,0.004787552363854086,0.008394963022186452,False,True,False,0.00011278669025394095,-0.014345687099783122,0.016333420279943223,0.006589456869009469,0.004787552363854086,0.008394963022186452,False
all_reduce,4gpu,4,65536,ip,12,,Ring/LL,RING/LL[0-3],0.505,24.27333333333333,Ring/LL,RING/LL[0-3],0.5123,0.009901491500984343,Ring/LL,RING/LL[0-3],0.5181,0.0074162668021683946,Ring/LL,RING/LL[0-3],0.4981,2.41666505065124e-07,False,False,0.0,-0.10528079171891058,0.11771409602504666,0.0,-0.10169270833333333,0.11320481229163648,False,False,False,0.0,-0.10782776348288536,0.12085980606595226,0.0,-0.10313100796484476,0.1126933088347879,False,False,False,0.0,-0.1996087999148073,0.24938904862217504,0.0,-0.10169270833333333,0.11320481229163648,False
all_reduce,4gpu,4,65536,oop,12,,Ring/LL,RING/LL[0-3],0.4901,24.39,Ring/LL,RING/LL[0-3],0.4629,0.009856639502399163,Ring/LL,RING/LL[0-3],0.458,0.007338810125097844,Ring/LL,RING/LL[0-3],0.4818,2.415865932144899e-07,False,False,0.0,-0.10309069029997986,0.11493992668496156,0.0,-0.09703819173811357,0.10863636363636364,False,False,False,0.0,-0.10739957225237795,0.12032211604848642,0.0,-0.09703819173811357,0.1074665515753126,False,False,False,0.0,-0.19207503799344827,0.23773870968958954,0.0,-0.09703819173811357,0.10863636363636364,False
all_reduce,4gpu,4,131072,ip,12,,Tree/LL,TREE/LL[0-7],1.0,37.453333333333326,Tree/LL,TREE/LL[0-7],1.0,0.016164465190747598,Tree/LL,TREE/LL[0-7],1.0,0.012329294108936809,Tree/LL,TREE/LL[0-7],1.0,6.054146785732405e-07,False,False,0.0,-0.005825475675891756,0.005859610695468476,0.0,-0.0026664296506977436,0.0026735585063719647,False,False,False,0.0,-0.007108459671753664,0.007159351634120625,0.0,-0.0026664296506977436,0.0026735585063719647,False,False,False,0.0,-0.007277141804209908,0.007330486796119251,0.0,-0.0026664296506977436,0.0026735585063719647,False
all_reduce,4gpu,4,131072,oop,12,,Tree/LL,TREE/LL[0-7],1.0,37.50666666666667,Tree/LL,TREE/LL[0-7],1.0,0.016046290188915385,Tree/LL,TREE/LL[0-7],1.0,0.012178555652404914,Tree/LL,TREE/LL[0-7],1.0,6.018496005772884e-07,False,False,0.0,-0.019630401030293565,0.020023469771934588,0.0,-0.001420959147424572,0.0014229811454997687,False,False,False,0.0,-0.024678834223111568,0.025303289920355354,0.0,-0.001420959147424572,0.0014229811454997687,False,False,False,0.0,-0.020662786119552634,0.021098744974348715,0.0,-0.001420959147424572,0.0014229811454997687,False
all_reduce,4gpu,4,262144,ip,12,,Tree/auto,TREE/SIMPLE[0-7],0.7182,56.79333333333333,Tree/Simple,TREE/SIMPLE[0-7],0.7002,0.024545545969406658,Tree/Simple,TREE/SIMPLE[0-7],0.6882,0.018719609801605187,Tree/Simple,TREE/SIMPLE[0-7],0.6675,1.3966324353817109e-06,True,False,0.012204115509074409,-0.009170540910205749,0.03200511755607316,0.00181946237821351,-0.002930488805532594,0.00733654184763477,False,True,False,0.016602963223752765,-0.011511470793605483,0.045425025795079454,0.00181946237821351,-0.002930488805532594,0.00733654184763477,False,True,False,0.010308431726107736,-0.014195541406742396,0.035472315875309635,0.00181946237821351,-0.002930488805532594,0.00733654184763477,False
all_reduce,4gpu,4,262144,oop,12,,Tree/auto,TREE/SIMPLE[0-7],0.4902,56.99666666666666,Tree/Simple,TREE/SIMPLE[0-7],0.6591,0.02399598616771644,Tree/Simple,TREE/SIMPLE[0-7],0.6766,0.018098449402271812,Tree/Simple,TREE/SIMPLE[0-7],0.5187,1.3703373528114468e-06,True,False,0.002760603943245954,-0.015390120866881851,0.01735067799216017,0.0019299374232411015,-0.002509922951202337,0.0063869682409469775,False,True,False,0.0045100208794239816,-0.017900254299421325,0.022261280635500702,0.0019299374232411015,-0.002509922951202337,0.0063869682409469775,False,True,False,0.0008165592032749469,-0.015574834881805777,0.016754167396835884,0.0019299374232411015,-0.002509922951202337,0.0063869682409469775,False
all_reduce,4gpu,4,524288,ip,12,,Tree/Simple,TREE/SIMPLE[0-7],0.886,79.98,Tree/Simple,TREE/SIMPLE[0-7],0.7477,0.03480312616300707,Tree/Simple,TREE/SIMPLE[0-7],0.7271,0.026613561110206962,Tree/Simple,TREE/SIMPLE[0-7],0.8288,2.78383711623868e-06,False,False,0.0,-0.027688484339327246,0.028476968433839067,0.0,-0.010530243356411395,0.010642309464951483,False,False,False,0.0,-0.03239049728062282,0.03347476145034989,0.0,-0.010530243356411395,0.010642309464951705,False,False,False,0.0,-0.036414370226298565,0.03779048701136256,0.0,-0.010530243356411395,0.010642309464951483,False
all_reduce,4gpu,4,524288,oop,12,,Tree/Simple,TREE/SIMPLE[0-7],0.9747,80.27,Tree/Simple,TREE/SIMPLE[0-7],0.6794,0.03444888971591614,Tree/Simple,TREE/SIMPLE[0-7],0.6052,0.02615532172892678,Tree/Simple,TREE/SIMPLE[0-7],0.9086,2.7651888718521276e-06,False,False,0.0,-0.016044255482102754,0.01630587104297443,0.0,-0.0071996027805365514,0.007251812953238623,False,False,False,0.0,-0.02309379740957529,0.02363972851061691,0.0,-0.0071996027805365514,0.007251812953238623,False,False,False,0.0,-0.015497978574487536,0.015741946930740935,0.0,-0.0071996027805365514,0.007251812953238623,False
all_reduce,4gpu,4,1048576,ip,12,,Tree/auto,TREE/SIMPLE[0-7],0.853,129.60666666666665,Tree/auto,TREE/SIMPLE[0-7],1.0,0.05600778807451091,Tree/auto,TREE/SIMPLE[0-7],1.0,0.04274585930702002,Tree/auto,TREE/SIMPLE[0-7],1.0,7.258880754656931e-06,False,False,0.0,-0.008392077655011487,0.008463100652892797,0.0,-0.0037479142600435056,0.0037620139658325336,False,False,False,0.0,-0.011000958060667365,0.011123325295741004,0.0,-0.0037479142600435056,0.0037620139658325336,False,False,False,0.0,-0.004673397088360565,0.004695340277944382,0.0,-0.0037479142600435056,0.0037620139658325336,False
all_reduce,4gpu,4,1048576,oop,12,,Tree/auto,TREE/SIMPLE[0-7],1.0,130.54,Tree/auto,TREE/SIMPLE[0-7],0.6847,0.056809529158476084,Tree/auto,TREE/SIMPLE[0-7],0.5861,0.04334527145814579,Tree/auto,TREE/SIMPLE[0-7],0.9684,7.415909960872414e-06,False,False,0.0,-0.004389121896121728,0.004408471213654064,0.0,-0.0008678118379742417,0.0008685655894749011,False,False,False,0.0,-0.007350554761277328,0.007404985512795559,0.0,-0.0008678118379742417,0.0008685655894749011,False,False,False,0.0,-0.004438178773983115,0.004457964015250893,0.0,-0.0008678118379742417,0.0008685655894749011,False
all_reduce,4gpu,4,2097152,ip,12,,Tree/auto,TREE/SIMPLE[0-7],0.8336,239.58,Tree/auto,TREE/SIMPLE[0-7],0.9513,0.10657509641873279,Tree/auto,TREE/SIMPLE[0-7],0.9584,0.08202350315296333,Tree/auto,TREE/SIMPLE[0-7],0.8944,2.5535908107988982e-05,False,False,0.0,-0.011237526140357224,0.011365243359703348,0.0,-0.025764983793879925,0.026446374196458455,False,False,False,0.0,-0.01038577191763923,0.0104947681863512,0.0,-0.025764983793879925,0.026446374196458455,False,False,False,0.0,-0.03675426184500985,0.03815668254645943,0.0,-0.025764983793879925,0.026446374196458455,False
all_reduce,4gpu,4,2097152,oop,12,,Tree/auto,TREE/SIMPLE[0-7],0.889,241.68999999999997,Tree/auto,TREE/SIMPLE[0-7],0.7409,0.10702846648301194,Tree/auto,TREE/SIMPLE[0-7],0.7161,0.0820660231450867,Tree/auto,TREE/SIMPLE[0-7],0.7682,2.5874656177410466e-05,False,False,0.0,-0.021122245795517136,0.021578022081708115,0.0,-0.026026707322053144,0.02672219815236665,False,False,False,0.0,-0.020180116343779253,0.020595740789089323,0.0,-0.026026707322053144,0.02672219815236665,False,False,False,0.0,-0.04618732163439687,0.04842389148521353,0.0,-0.026026707322053144,0.02672219815236665,False
all_reduce,4gpu,4,4194304,ip,12,,Tree/Simple,TREE/SIMPLE[0-7],0.9152,452.9633333333333,Tree/Simple,TREE/SIMPLE[0-7],0.9815,0.19993624991638237,Tree/Simple,TREE/SIMPLE[0-7],0.9822,0.15360000472463323,Tree/Simple,TREE/SIMPLE[0-7],0.9675,9.05648636731554e-05,False,False,0.0,-0.01486569105172686,0.015090014545932728,0.0,-0.003980611045828475,0.003996519636036533,False,False,False,0.0,-0.017763852992621953,0.018085114304481564,0.0,-0.003980611045828475,0.003996519636036533,False,False,False,0.0,-0.017806707865404392,0.01812953520249061,0.0,-0.003980611045828475,0.003996519636036533,False
all_reduce,4gpu,4,4194304,oop,12,,Tree/Simple,TREE/SIMPLE[0-7],0.7761,454.69666666666666,Tree/Simple,TREE/SIMPLE[0-7],0.8611,0.20030389992641648,Tree/Simple,TREE/SIMPLE[0-7],0.9243,0.15334976423198107,Tree/Simple,TREE/SIMPLE[0-7],0.7873,9.107877061275001e-05,False,False,0.0,-0.004448490478897504,0.004468367971274034,0.0,-0.006867379218141734,0.006914866226763516,False,False,False,0.0,-0.0040605061692817745,0.004077061101035007,0.0,-0.006867379218141734,0.006914866226763516,False,False,False,0.0,-0.011273472238510052,0.011402012510004722,0.0,-0.006867379218141734,0.006914866226763516,False
all_reduce,4gpu,4,8388608,ip,12,,Tree/Simple,TREE/SIMPLE[0-7],0.5673,896.0633333333334,Tree/auto,TREE/SIMPLE[0-7],0.5246,0.39941255716227914,Tree/auto,TREE/SIMPLE[0-7],0.5273,0.3073262455123876,Tree/auto,TREE/SIMPLE[0-7],0.5237,0.00036048780063156603,True,False,0.002105567904890693,-0.11212881966122601,0.14719173177598388,0.003251258281594671,-0.12630864017852805,0.14583097085648578,False,True,False,0.0039384007609961635,-0.1058648585075429,0.14717322178095116,0.003251258281594671,-0.1263448632739855,0.14583097085648578,False,True,False,0.005974812492721915,-0.22765827945167594,0.30802297347718444,0.003251258281594671,-0.12630864017852805,0.14583097085648578,False
all_reduce,4gpu,4,8388608,oop,12,,Tree/auto,TREE/SIMPLE[0-7],0.5385,895.4466666666667,Tree/auto,TREE/SIMPLE[0-7],0.544,0.3961463354344334,Tree/auto,TREE/SIMPLE[0-7],0.5397,0.3038990574614539,Tree/auto,TREE/SIMPLE[0-7],0.531,0.00035649637430972686,False,False,0.0,-0.09824881801371721,0.10895335650939209,0.0,-0.09258930536719756,0.1020368240256031,False,False,False,0.0,-0.09835908232937585,0.10908897367200798,0.0,-0.09258930536719756,0.1020368240256031,False,False,False,0.0,-0.18540182251898063,0.2275991128439525,0.0,-0.09258930536719756,0.1020368240256031,False
all_reduce,4gpu,4,16777216,ip,12,,Tree/auto,TREE/SIMPLE[0-7],0.7037,1682.7266666666667,Tree/Simple,TREE/SIMPLE[0-7],0.6406,0.7643389335281228,Tree/Simple,TREE/SIMPLE[0-7],0.6474,0.5915636669142154,Tree/Simple,TREE/SIMPLE[0-7],0.5532,0.0012903950637302168,True,False,0.003874401495954638,-0.024269666722331884,0.028383540034101727,0.0032803901604141483,-0.00776373489704818,0.02239303193293618,False,True,False,0.005939515552984886,-0.027165097581397846,0.03486998366463334,0.0032803901604141483,-0.007853828692523268,0.02239303193293618,False,True,False,0.0008779255189959034,-0.04537902852788933,0.035867389832908936,0.0032803901604141483,-0.007853828692523268,0.02239303193293618,False
all_reduce,4gpu,4,16777216,oop,12,,Tree/auto,TREE/SIMPLE[0-7],0.6999,1677.58,Tree/auto,TREE/SIMPLE[0-7],0.9493,0.7427011577424024,Tree/auto,TREE/SIMPLE[0-7],0.9622,0.569893488527857,Tree/auto,TREE/SIMPLE[0-7],0.9436,0.001246060203487699,False,False,0.0,-0.018875517640386752,0.019238657254776692,0.0,-0.01954974205201454,0.019939555213061677,False,False,False,0.0,-0.021715476026494818,0.02219750542336385,0.0,-0.01954974205201454,0.0199395552130619,False,False,False,0.0,-0.03697443050628557,0.038394027819763865,0.0,-0.01954974205201454,0.019939555213061677,False
all_reduce,4gpu,4,33554432,ip,12,,Tree/auto,TREE/SIMPLE[0-7],0.9987,3114.3333333333335,Tree/auto,TREE/SIMPLE[0-7],0.9212,1.443939369191777,Tree/auto,TREE/SIMPLE[0-7],0.923,1.124993784918152,Tree/auto,TREE/SIMPLE[0-7],0.9662,0.004523194019739228,False,False,0.0,-0.10750740200041553,0.12045747185061306,0.0,-0.12377125391843213,0.14125450057639433,False,False,False,0.0,-0.10354337527150403,0.11550293947893309,0.0,-0.12377125391843213,0.14125450057639433,False,False,False,0.0,-0.21543907187595668,0.2745982678376442,0.0,-0.12377125391843213,0.14125450057639433,False
all_reduce,4gpu,4,33554432,oop,12,,Tree/auto,TREE/SIMPLE[0-7],1.0,3118.346666666667,Tree/auto,TREE/SIMPLE[0-7],0.9724,1.410792783722895,Tree/auto,TREE/SIMPLE[0-7],0.9449,1.0888813431125979,Tree/auto,TREE/SIMPLE[0-7],0.989,0.0044267145028619405,False,False,0.0,-0.11144322359870962,0.12542048697221286,0.0,-0.12322466940909405,0.1405430389174458,False,False,False,0.0,-0.10941938653682737,0.12286297824441927,0.0,-0.12322466940909405,0.1405430389174458,False,False,False,0.0,-0.21765948465874985,0.2782157901713791,0.0,-0.12322466940909405,0.1405430389174458,False
all_reduce,4gpu,4,67108864,ip,12,,Tree/auto,TREE/SIMPLE[0-7],0.6954,5967.323333333333,Tree/auto,TREE/SIMPLE[0-7],0.7122,2.7375451558968176,Tree/auto,TREE/SIMPLE[0-7],0.7257,2.1271091562810818,Tree/auto,TREE/SIMPLE[0-7],0.7368,0.016476778124112575,False,False,0.0,-0.12728123901558563,0.14584450879916244,0.0,-0.14924825360986105,0.17543102819728862,False,False,False,0.0,-0.12240946835699806,0.13948357912183296,0.0,-0.14924825360986105,0.17543102819728862,False,False,False,0.0,-0.26004881900649346,0.3514405080850538,0.0,-0.14924825360986105,0.17543102819728862,False
all_reduce,4gpu,4,67108864,oop,12,,Tree/auto,TREE/SIMPLE[0-7],0.6815,5988.19,Tree/auto,TREE/SIMPLE[0-7],0.686,2.754974119317645,Tree/auto,TREE/SIMPLE[0-7],0.6804,2.1375784707161682,Tree/auto,TREE/SIMPLE[0-7],0.6935,0.016653201287257138,False,False,0.0,-0.13675462863818355,0.1584191855236312,0.0,-0.15008984610315035,0.17659495584914042,False,False,False,0.0,-0.13398126179894487,0.15470942589216796,0.0,-0.15008984610315035,0.17659495584914042,False,False,False,0.0,-0.26921721590910486,0.36839567347500535,0.0,-0.15008984610315035,0.17659495584914042,False
all_reduce,4gpu,4,134217728,ip,12,,auto/Simple,TREE/SIMPLE[0-7],0.8677,12701.0,auto/Simple,TREE/SIMPLE[0-7],0.8106,5.885355739058629,auto/Simple,TREE/SIMPLE[0-7],0.7973,4.5865626756093585,auto/Simple,TREE/SIMPLE[0-7],0.8371,0.07518046929163778,False,False,0.0,-0.11101995128575048,0.12488463767698832,0.0,-0.11168901322456992,0.12573188318879325,False,False,False,0.0,-0.11230537557882292,0.12651352445899056,0.0,-0.11168901322456992,0.12573188318879325,False,False,False,0.0,-0.20672191831753117,0.26059199553212564,0.0,-0.11168901322456992,0.12573188318879325,False
all_reduce,4gpu,4,134217728,oop,12,,auto/Simple,TREE/SIMPLE[0-7],0.8788,12718.266666666668,auto/Simple,TREE/SIMPLE[0-7],0.9871,5.699686017065786,auto/Simple,TREE/SIMPLE[0-7],0.9885,4.388116356375952,auto/Simple,TREE/SIMPLE[0-7],0.9401,0.07280538136339938,False,False,0.0,-0.08024349093621863,0.08724427622469166,0.0,-0.10980572832680635,0.12335029759337535,False,False,False,0.0,-0.07413574426739877,0.08007193690476577,0.0,-0.10980572832680635,0.12335029759337535,False,False,False,0.0,-0.18282143629060932,0.22372275095021377,0.0,-0.10980572832680635,0.12335029759337535,False
all_reduce,4gpu,4,268435456,ip,12,,Tree/Simple,TREE/SIMPLE[0-7],0.4726,25753.199999999997,auto/auto,TREE/SIMPLE[0-7],0.4056,11.879093612890701,auto/auto,TREE/SIMPLE[0-7],0.3943,9.241556864725686,auto/auto,TREE/SIMPLE[0-7],0.4291,0.3074064895529489,True,False,0.0032010457825577543,-0.09499361145206853,0.10012712220192665,0.0013396393457902889,-0.08849506172839516,0.10644330081896047,False,True,False,0.004570134320307284,-0.09456987547177353,0.10269716082864022,0.0013396393457902889,-0.08981314713384214,0.10644330081896047,False,True,False,0.0031984904585455887,-0.16668137440378772,0.2012999618888791,0.0013396393457902889,-0.08981314713384214,0.10644330081896047,False
all_reduce,4gpu,4,268435456,oop,12,,auto/auto,TREE/SIMPLE[0-7],0.4987,25736.766666666663,Tree/Simple,TREE/SIMPLE[0-7],0.4867,11.630913359358056,Tree/Simple,TREE/SIMPLE[0-7],0.4882,8.977164649051607,auto/auto,TREE/SIMPLE[0-7],0.5026,0.30049543186588623,True,False,0.00028396676540820565,-0.08403547044021253,0.09322510756482028,0.00142468038590704,-0.09781561903773028,0.10366335799664705,False,True,False,0.00023823267087741407,-0.08207564034342729,0.09090542750581365,0.00142468038590704,-0.09781561903773028,0.10341035071177632,False,False,False,0.0,-0.16464025790297931,0.19708904991001774,0.0,-0.09106895218901612,0.10045437571797922,False
all_reduce,4gpu,4,536870912,ip,12,,auto/Simple,TREE/SIMPLE[0-7],0.9566,51965.86666666666,auto/Simple,TREE/SIMPLE[0-7],0.8507,23.734984848484846,auto/Simple,TREE/SIMPLE[0-7],0.8481,18.41652290080412,auto/Simple,TREE/SIMPLE[0-7],0.8632,1.2362127005348482,False,False,0.0,-0.07538985724610325,0.08153691351639192,0.0,-0.06923729983819238,0.074387703574881,False,False,False,0.0,-0.07848660956028386,0.08517142602000893,0.0,-0.06923729983819238,0.074387703574881,False,False,False,0.0,-0.13795428030682677,0.16003128042434756,0.0,-0.06923729983819238,0.074387703574881,False
all_reduce,4gpu,4,536870912,oop,12,,auto/Simple,TREE/SIMPLE[0-7],0.8562,52029.13333333334,auto/Simple,TREE/SIMPLE[0-7],0.8566,23.610492424242423,auto/Simple,TREE/SIMPLE[0-7],0.8319,18.237438753397626,auto/Simple,TREE/SIMPLE[0-7],0.859,1.2314287650151516,False,False,0.0,-0.06627894026413683,0.07098366216874896,0.0,-0.07594527896731185,0.08218699308460686,False,False,False,0.0,-0.06513407352632428,0.06967210129479273,0.0,-0.07594527896731185,0.08218699308460686,False,False,False,0.0,-0.13649545819492337,0.15807150001735026,0.0,-0.07594527896731185,0.08218699308460686,False
all_reduce,4gpu,4,1073741824,ip,12,,Tree/auto,TREE/SIMPLE[0-7],0.6737,107332.33333333333,Tree/auto,TREE/SIMPLE[0-7],0.6897,48.77375757575758,Tree/auto,TREE/SIMPLE[0-7],0.6227,37.78619137146208,Tree/auto,TREE/SIMPLE[0-7],0.7552,5.234951836878788,False,False,0.0,-0.025949114225468084,0.026640409248059216,0.0,-0.009119800168175263,0.009203736404989282,False,False,False,0.0,-0.03146999595856126,0.0324925359330579,0.0,-0.009119800168175263,0.009203736404989282,False,False,False,0.0,-0.02553692746371794,0.02620615206818666,0.0,-0.009119800168175263,0.009203736404989282,False
all_reduce,4gpu,4,1073741824,oop,12,,Tree/auto,TREE/SIMPLE[0-7],0.4465,107740.66666666667,Tree/Simple,TREE/SIMPLE[0-7],0.515,48.571318181818185,Tree/Simple,TREE/SIMPLE[0-7],0.5225,37.45779143549954,Tree/Simple,TREE/SIMPLE[0-7],0.4143,5.239371467075757,True,False,0.0025376617388925826,-0.016239926300387952,0.021593990614342085,0.0011601933036735623,-0.008983296107750394,0.012623488952100415,False,True,False,0.0039965503959815685,-0.019016625226461525,0.027449830145149567,0.0011601933036735623,-0.008983296107750394,0.012623488952100415,False,True,False,0.0014606502324956416,-0.027365453431757447,0.030880329615370794,0.0011601933036735623,-0.008983296107750394,0.012623488952100415,False
reduce_scatter,2gpu_nvlink,2,1024,ip,8,,auto/auto,RING/LL[0-0],0.5394,5.513333333333333,auto/auto,RING/LL[0-0],0.4045,0.0010792837432484377,auto/auto,RING/LL[0-0],0.3942,0.0008041316223354442,auto/auto,RING/LL[0-0],0.4412,5.950991929474748e-09,False,False,0.0,-0.032924415000919915,0.0340453378325658,0.0,-0.0072289156626504925,0.007281553398058138,False,False,False,0.0,-0.04044365282174578,0.042148283361031824,0.0,-0.0072289156626504925,0.007281553398058138,False,False,False,0.0,-0.039895722952512425,0.04155353111768201,0.0,-0.0072289156626504925,0.007281553398058138,False
reduce_scatter,2gpu_nvlink,2,1024,oop,8,,auto/auto,RING/LL[0-0],0.4639,5.5200000000000005,auto/LL,RING/LL[0-0],1.0,0.0010750219402590332,auto/LL,RING/LL[0-0],1.0,0.0007975032180227364,auto/LL,RING/LL[0-0],1.0,5.944678185632444e-09,True,False,0.02234929274324693,0.014494512260285308,0.03416726088276234,0.0018115942028984477,-0.004816375677302642,0.008479709267110946,False,True,False,0.03119587017055303,0.022132758223770255,0.047424706272390704,0.0018115942028984477,-0.004816375677302642,0.008479709267110946,False,True,False,0.02054197752622189,0.011836427053850462,0.029151861393683642,0.0018115942028984477,-0.004816375677302642,0.008479709267110946,False
reduce_scatter,2gpu_nvlink,2,2048,ip,8,,auto/auto,RING/LL[0-0],0.6917,5.53,auto/auto,RING/LL[0-0],0.7736,0.0010839603155158098,auto/auto,RING/LL[0-0],0.7591,0.0008079691770108219,auto/auto,RING/LL[0-0],0.7876,5.994300544802429e-09,False,False,0.0,-0.012088183831508115,0.012236096009450304,0.0,0.0,0.0,False,False,False,0.0,-0.015985271257232814,0.016244951208867153,0.0,0.0,0.0,False,False,False,0.0,-0.012088183831508115,0.012236096009450304,0.0,0.0,0.0,False
reduce_scatter,2gpu_nvlink,2,2048,oop,8,,auto/auto,RING/LL[0-0],0.4477,5.543333333333332,auto/auto,RING/LL[0-0],0.8935,0.0010942013080702901,auto/auto,RING/LL[0-0],0.9153,0.0008149661585199307,auto/auto,RING/LL[0-0],0.8859,6.065476140648181e-09,False,False,0.0,-0.015298001646456227,0.015535666295016126,0.0,-0.0012019230769231282,0.001203369434416457,False,False,False,0.0,-0.019268881382664804,0.019647466075952247,0.0,-0.0012019230769231282,0.001203369434416457,False,False,False,0.0,-0.014119042808590776,0.01432124508096111,0.0,-0.0012019230769231282,0.001203369434416457,False
reduce_scatter,2gpu_nvlink,2,4096,ip,8,,auto/LL,RING/LL[0-0],0.9818,5.73,auto/LL,RING/LL[0-0],0.6579,0.0011230608084486179,auto/LL,RING/LL[0-0],0.6063,0.000837121379468952,auto/LL,RING/LL[0-0],0.8059,6.435035753656808e-09,False,False,0.0,-0.028878370930777164,0.02973713082516327,0.0,-0.0023242300987800224,0.002329644729178959,False,False,False,0.0,-0.038690894035433354,0.04024813017516493,0.0,-0.0023242300987800224,0.002329644729178959,False,False,False,0.0,-0.027774968751031137,0.028568456744371362,0.0,-0.0023242300987800224,0.002329644729178959,False
reduce_scatter,2gpu_nvlink,2,4096,oop,8,,auto/LL,RING/LL[0-0],0.9563,5.739999999999999,auto/LL,RING/LL[0-0],1.0,0.0011345222594986207,auto/LL,RING/LL[0-0],1.0,0.0008462252860398298,auto/LL,RING/LL[0-0],1.0,6.512297403958299e-09,False,False,0.0,-0.01340406123031812,0.013586171099623012,0.0,-0.0034843205574912606,0.0034965034965033226,False,False,False,0.0,-0.014134211648409556,0.014336851745350154,0.0,-0.0034843205574912606,0.0034965034965033226,False,False,False,0.0,-0.016816487951764714,0.017104119165639364,0.0,-0.0034843205574912606,0.0034965034965033226,False
reduce_scatter,2gpu_nvlink,2,8192,ip,8,,auto/LL,RING/LL[0-0],0.9976,6.243333333333332,Ring/LL,RING/LL[0-0],0.5952,0.001239084322181532,Ring/LL,RING/LL[0-0],0.5984,0.0009260579619151028,auto/auto,RING/LL[0-0],0.4979,7.762937041805638e-09,True,False,0.01031881571784199,-0.002892592631773518,0.0210297668359134,0.004271222637480143,0.0010672358591248265,0.009076348104645193,False,True,False,0.015189032923345502,-0.003101767476709427,0.030268628812764042,0.004271222637480143,0.0010672358591248265,0.009076348104645193,False,True,False,0.006817137618429836,-0.0035555785093192016,0.0183720432175023,0.0026695141484252005,0.0016000000000002679,0.003205128205128416,False
reduce_scatter,2gpu_nvlink,2,8192,oop,8,,auto/LL,RING/LL[0-0],0.902,6.246666666666666,auto/LL,RING/LL[0-0],0.6673,0.0012397809462020468,auto/LL,RING/LL[0-0],0.6228,0.0009264384146696205,auto/LL,RING/LL[0-0],0.7212,7.744582215542927e-09,False,False,0.0,-0.018294855653331443,0.018635794829726438,0.0,-0.002132196162046962,0.002136752136752129,False,False,False,0.0,-0.024442024893071013,0.025054405290871662,0.0,-0.002132196162046962,0.002136752136752129,False,False,False,0.0,-0.020389947035300948,0.02081435054039371,0.0,-0.002132196162046962,0.002136752136752129,False
reduce_scatter,2gpu_nvlink,2,16384,ip,8,,Ring/LL,RING/LL[0-1],0.9047,6.623333333333332,Ring/LL,RING/LL[0-1],0.6681,0.0013373297001401932,Ring/LL,RING/LL[0-1],0.6012,0.0010068739202955849,Ring/LL,RING/LL[0-1],0.8143,8.857413945843608e-09,False,False,0.0,-0.014951233267774144,0.015178165561663404,0.0,-0.0030150753768843908,0.003024193548387011,False,False,False,0.0,-0.022278754791659083,0.02278640757868744,0.0,-0.0030150753768843908,0.003024193548387011,False,False,False,0.0,-0.012349287044730373,0.01250369881046165,0.0,-0.0030150753768843908,0.003024193548387011,False
reduce_scatter,2gpu_nvlink,2,16384,oop,8,,Ring/LL,RING/LL[0-1],0.9746,6.623333333333334,Ring/auto,RING/LL[0-1],0.6971,0.0013371481717005154,Ring/auto,RING/LL[0-1],0.7062,0.0010029556614823097,Ring/LL,RING/LL[0-1],0.682,8.875558373335857e-09,True,False,0.0021651697265967496,-0.00264170777924555,0.009498474317458871,0.004026170105686733,0.0010065425264218497,0.0060422960725075026,False,True,False,0.004231671172197249,-0.0031009563558284103,0.01481237435987004,0.004026170105686733,0.0015082956259426794,0.0060422960725075026,False,False,False,0.0,-0.0024962724056843966,0.002502519375746859,0.0,-0.001006036217303663,0.001007049345417732,False
reduce_scatter,2gpu_nvlink,2,32768,ip,8,,auto/LL,RING/LL[0-3],0.9987,7.0233333333333325,Ring/auto,RING/LL[0-3],0.5079,0.0014283626411697693,Ring/auto,RING/LL[0-3],0.5369,0.0010763310221575321,Ring/auto,RING/LL[0-3],0.4623,1.0074427571355886e-08,True,False,0.005828534997069257,-0.016189936655862436,0.02845090829374497,0.0042714760322735135,0.0023719165085389626,0.006644518272425293,False,True,False,0.009186855822355122,-0.01946171907686356,0.039879376365396846,0.0042714760322735135,0.0023719165085389626,0.006644518272425293,False,True,False,0.0015758756855999145,-0.01897672051653876,0.022632522350402695,0.0042714760322735135,0.0023719165085389626,0.006644518272425293,False
reduce_scatter,2gpu_nvlink,2,32768,oop,8,,auto/LL,RING/LL[0-3],1.0,7.026666666666666,Ring/LL,RING/LL[0-3],0.5421,0.0014393442569687394,Ring/LL,RING/LL[0-3],0.635,0.001084658349269979,auto/auto,RING/LL[0-3],0.726,1.0128774731725014e-08,True,False,0.006186224002634688,-0.0001942313595273415,0.014227193619137823,0.004269449715369911,0.001897533206830948,0.006169909824395026,False,True,False,0.009629595268333402,0.0024011242432042668,0.01925615466076347,0.004269449715369911,0.001897533206830948,0.006169909824395026,False,True,False,0.004697633717824612,0.0016772552116091077,0.009399815064113248,0.0014231499051233776,0.00047415836889519447,0.0023741690408358718,False
reduce_scatter,2gpu_nvlink,2,65536,ip,8,,auto/auto,RING/LL[0-3],0.6116,7.726666666666667,auto/auto,RING/LL[0-3],1.0,0.0015926057490718876,auto/auto,RING/LL[0-3],1.0,0.0012069498533906593,auto/auto,RING/LL[0-3],0.9984,1.230554588554327e-08,False,False,0.0,-0.0017114720334545641,0.0017144061917055975,0.0,-0.004304778303917511,0.004323389537397526,False,False,False,0.0,-0.0022216638920075082,0.0022266106725401524,0.0,-0.004304778303917511,0.004323389537397526,False,False,False,0.0,-0.005610906595503784,0.005642566509145519,0.0,-0.004304778303917511,0.004323389537397526,False
reduce_scatter,2gpu_nvlink,2,65536,oop,8,,auto/auto,RING/LL[0-3],0.7064,7.7299999999999995,Ring/LL,RING/LL[0-3],0.7234,0.001597577717097445,Ring/LL,RING/LL[0-3],0.6791,0.0012100975302905663,Ring/LL,RING/LL[0-3],0.7703,1.2359969616177836e-08,True,False,0.01169384983663413,-0.007077035101616391,0.028377831648061846,0.0008624407072015394,-0.0030068728522336663,0.003889369057908487,False,True,False,0.01501214163669462,-0.009754570122314843,0.03665201754402525,0.0008624407072015394,-0.0030068728522336663,0.003889369057908487,False,True,False,0.0108464208653003,-0.008479752212002811,0.03147575968496841,0.0008624407072015394,-0.0030068728522336663,0.003889369057908487,False
reduce_scatter,2gpu_nvlink,2,131072,ip,8,,Ring/LL,RING/LL[0-3],0.7133,9.11,auto/LL,RING/LL[0-3],0.5235,0.0019049463742152873,auto/LL,RING/LL[0-3],0.504,0.0014501581063602919,auto/LL,RING/LL[0-3],0.5064,1.7360451562220735e-08,True,False,0.007726417617768266,-0.005630043086454539,0.0249290056723801,0.0003658982802778876,0.0,0.001097694840834329,False,True,False,0.010196279271025288,-0.007244481984402085,0.03408062157235303,0.0003658982802778876,0.0,0.001097694840834329,False,True,False,0.0073554903049359854,-0.00599240473216478,0.026494116221594366,0.0003658982802778876,0.0,0.001097694840834329,False
reduce_scatter,2gpu_nvlink,2,131072,oop,8,,Ring/LL,RING/LL[0-3],0.5315,9.12,Ring/LL,RING/LL[0-3],0.6746,0.001888583333998547,Ring/LL,RING/LL[0-3],0.6492,0.0014305688522963924,Ring/LL,RING/LL[0-3],0.731,1.7223755850555715e-08,False,False,0.0,-0.013657120908198706,0.013846220414521326,0.0,-0.001460920379839581,0.00146305779078304,False,False,False,0.0,-0.018075157819248067,0.01840788321344955,0.0,-0.001460920379839581,0.00146305779078304,False,False,False,0.0,-0.012926201889835398,0.013095476665051509,0.0,-0.001460920379839581,0.00146305779078304,False
reduce_scatter,2gpu_nvlink,2,262144,ip,8,,auto/LL,RING/LL[0-3],0.6016,12.819999999999999,Ring/auto,RING/LL[0-3],0.6555,0.002706286973604394,Ring/auto,RING/LL[0-3],0.7065,0.002064918728672541,auto/LL,RING/LL[0-3],0.4757,3.477669517452756e-08,True,False,0.0023649808801169403,-0.007193591705586755,0.014885899317480078,0.0026001040041603307,0.0,0.005206977349648589,False,True,False,0.003937723180245767,-0.0077014051042471054,0.017840970332723582,0.0026001040041603307,0.0,0.005206977349648589,False,False,False,0.0,-0.0066462927931019156,0.006690761553394653,0.0,-0.002596728122565506,0.0026034886748242947,False
reduce_scatter,2gpu_nvlink,2,262144,oop,8,,Ring/LL,RING/LL[0-3],0.8399,12.806666666666665,Ring/auto,RING/LL[0-3],0.891,0.0026787282471381108,Ring/auto,RING/LL[0-3],0.8981,0.002033979211499787,Ring/auto,RING/LL[0-3],0.8447,3.441257340924226e-08,True,False,0.024731830299555613,0.00527398706688631,0.04464105456913625,0.003123373243102634,0.0012990387113536173,0.005216484089723528,False,True,False,0.03362965605987589,0.00967899934516847,0.058296150285970016,0.003123373243102634,0.0012990387113536173,0.005216484089723528,False,True,False,0.021561534446383757,0.0011104684701153111,0.04247610203508834,0.003123373243102634,0.0012990387113536173,0.005216484089723528,False
reduce_scatter,2gpu_nvlink,2,524288,ip,8,,auto/LL,RING/LL[0-3],0.7474,20.316666666666666,Ring/LL,RING/LL[0-3],0.7484,0.004429966967628276,Ring/LL,RING/LL[0-3],0.7739,0.003415323120736517,Ring/LL,RING/LL[0-3],0.6889,9.004713719445057e-08,True,False,0.0046974475828811535,-0.0065833741941745405,0.017687348346628884,0.0004922067268251507,-0.0013125512715342902,0.001640958319658825,False,True,False,0.0062912868839033464,-0.006322295573227832,0.022236555488111875,0.0004922067268251507,-0.0013125512715342902,0.001640958319658825,False,True,False,0.004196954153109722,-0.008210665938013784,0.017345941391203157,0.0004922067268251507,-0.0013125512715342902,0.001640958319658825,False
reduce_scatter,2gpu_nvlink,2,524288,oop,8,,auto/LL,RING/LL[0-3],0.8154,20.30333333333333,Ring/LL,RING/LL[0-3],0.5201,0.0044330441165675695,Ring/LL,RING/LL[0-3],0.5405,0.0034130658150093307,auto/LL,RING/LL[0-3],0.5368,9.008630624352401e-08,True,False,0.0008932404595942689,-0.020372022741884988,0.025088101782145156,0.0009850599244789482,-0.0009852216748768017,0.0026281208935612366,False,True,False,0.001642771349146921,-0.025605729499306396,0.03206400320398761,0.0009850599244789482,-0.0009852216748768017,0.0026281208935612366,False,False,False,0.0,-0.018803155235932234,0.019163489300104253,0.0,-0.0009845749917953839,0.000985545335085769,False
reduce_scatter,2gpu_nvlink,2,1048576,ip,8,,Ring/LL,RING/LL[0-3],0.5974,33.18333333333333,auto/LL,RING/LL[0-3],0.6916,0.00753028220302605,auto/LL,RING/LL[0-3],0.715,0.005873975011988518,auto/LL,RING/LL[0-3],0.6901,2.4995258694949667e-07,True,False,0.00196696627074866,-0.0017038888337971292,0.009226359310958054,0.000301356102460959,-0.005208855053591033,0.005842651354890371,False,True,False,0.002566200894656978,-0.0035338482856277498,0.010922301154576264,0.000301356102460959,-0.005208855053591033,0.00564118061851504,False,True,False,0.0016755695765517942,-0.004582794243100485,0.007977123781707451,0.000301356102460959,-0.005208855053591033,0.005842651354890371,False
reduce_scatter,2gpu_nvlink,2,1048576,oop,8,,auto/LL,RING/LL[0-3],0.8167,33.29333333333333,Ring/LL,RING/LL[0-3],0.7417,0.007416481144167847,Ring/LL,RING/LL[0-3],0.7556,0.005742869770285233,Ring/LL,RING/LL[0-3],0.7393,2.4721578994034367e-07,True,False,0.004736817055002174,-0.008952265911658208,0.013330314134794019,0.0012014417300763025,-0.00139930034982505,0.003811052050947783,False,True,False,0.006617442132232032,-0.011003400370034444,0.017594317516329117,0.0012014417300763025,-0.00139930034982505,0.003811052050947561,False,True,False,0.0035142737358919707,-0.008349972824060026,0.011876031129736342,0.0012014417300763025,-0.00139930034982505,0.003811052050947783,False
reduce_scatter,2gpu_nvlink,2,2097152,ip,8,,Ring/Simple,RING/SIMPLE[0-3],0.8708,50.88999999999999,Ring/Simple,RING/SIMPLE[0-3],1.0,0.011891312105659135,Ring/Simple,RING/SIMPLE[0-3],1.0,0.009351617696538554,Ring/Simple,RING/SIMPLE[0-3],1.0,6.051491909545868e-07,False,False,0.0,-0.0028449792644383853,0.002853096264149313,0.0,-0.00039300451955215365,0.00039315903282899356,False,False,False,0.0,-0.0021829318720127944,0.002187707488416013,0.0,-0.00039300451955215365,0.00039308176100627534,False,False,False,0.0,-0.0032362986959086903,0.0032468063310036044,0.0,-0.00039300451955215365,0.00039315903282899356,False
reduce_scatter,2gpu_nvlink,2,2097152,oop,8,,Ring/auto,RING/SIMPLE[0-3],0.3693,51.56,auto/Simple,RING/SIMPLE[0-3],0.592,0.012003836418719658,auto/Simple,RING/SIMPLE[0-3],0.6008,0.009417274516896718,auto/Simple,RING/SIMPLE[0-3],0.6201,6.193403977502485e-07,True,False,0.003816579701196643,-0.013979865689085047,0.021920762404803895,0.000646495991724727,-0.009196732908868577,0.01059335802950545,False,True,False,0.0050714231968396195,-0.01699751591047871,0.027614869866259273,0.000646495991724727,-0.009196732908868577,0.010907674328009431,False,True,False,0.0031348727609779026,-0.018782941025548006,0.025558547515094565,0.000646495991724727,-0.009196732908868577,0.01059335802950545,False
reduce_scatter,2gpu_nvlink,2,4194304,ip,8,,auto/Simple,RING/SIMPLE[0-3],0.547,84.10666666666665,Ring/Simple,RING/SIMPLE[0-3],0.4248,0.022182375863266327,Ring/Simple,RING/SIMPLE[0-3],0.4205,0.017984059505399195,Ring/Simple,RING/SIMPLE[0-3],0.4647,1.865984562676029e-06,True,False,0.0069290371703985,-0.026607601002548886,0.04092412253020328,0.00015852885225120517,-0.00035657686212398065,0.0006739613066921724,False,True,False,0.008609421788871252,-0.03320658219449557,0.05006687928694564,0.00015852885225120517,-0.00035657686212398065,0.0006739613066921724,False,True,False,0.006767486568195924,-0.02709961963573282,0.04058710782992825,0.00015852885225120517,-0.00035657686212398065,0.0006739613066921724,False
reduce_scatter,2gpu_nvlink,2,4194304,oop,8,,Ring/auto,RING/SIMPLE[0-3],0.5966,86.24333333333334,Ring/auto,RING/SIMPLE[0-3],0.381,0.02261793645237817,Ring/auto,RING/SIMPLE[0-3],0.3863,0.018289966893661237,Ring/auto,RING/SIMPLE[0-3],0.3882,1.950642191498464e-06,False,False,0.0,-0.028362158249723213,0.029190051098290537,0.0,-0.0002318750966145977,0.00023192887514489335,False,False,False,0.0,-0.03391431345133278,0.03510487105185378,0.0,-0.0002318750966145977,0.00023192887514489335,False,False,False,0.0,-0.02828390629271238,0.0291071707836017,0.0,-0.0002318750966145977,0.00023192887514489335,False
reduce_scatter,2gpu_nvlink,2,8388608,ip,8,,auto/auto,RING/SIMPLE[0-3],0.9806,149.88999999999996,Ring/auto,RING/SIMPLE[0-3],0.7262,0.04050230539734201,Ring/auto,RING/SIMPLE[0-3],0.6978,0.03301648566988491,Ring/auto,RING/SIMPLE[0-3],0.6864,6.07523159660067e-06,True,False,0.006131913961902491,-0.004756774414650056,0.013608008736719412,0.0007116329752931971,0.00020011117287421776,0.0013343118286743838,False,True,False,0.0076946827170416565,-0.004843544973524461,0.016214036203751503,0.0007116329752931971,0.00020011117287421776,0.0013343118286743838,False,True,False,0.005413597609973619,-0.006060215663331925,0.0133478393683788,0.0007116329752931971,0.0002001200720433971,0.0013343118286743838,False
reduce_scatter,2gpu_nvlink,2,8388608,oop,8,,Ring/Simple,RING/SIMPLE[0-3],0.6196,151.69000000000003,Ring/Simple,RING/SIMPLE[0-3],0.3565,0.040922904476875833,Ring/Simple,RING/SIMPLE[0-3],0.3645,0.03331575135365226,Ring/Simple,RING/SIMPLE[0-3],0.373,6.2076047573250835e-06,False,False,0.0,-0.024294670422291387,0.024899597948087715,0.0,-0.0018002985861069742,0.001803545506532389,False,False,False,0.0,-0.02909840589733892,0.029970499661433392,0.0,-0.0018002985861069742,0.001803545506532389,False,False,False,0.0,-0.0241433250862102,0.024740646558925272,0.0,-0.0018002985861069742,0.001803545506532389,False
reduce_scatter,2gpu_nvlink,2,16777216,ip,8,,auto/Simple,RING/SIMPLE[0-3],0.5094,278.8,Ring/auto,RING/SIMPLE[0-3],0.6556,0.07639251675198734,Ring/auto,RING/SIMPLE[0-3],0.6675,0.062476115488341484,Ring/auto,RING/SIMPLE[0-3],0.6427,2.1300469880551046e-05,True,False,0.009046356518142007,-0.011294607165112658,0.021787520878592925,0.00010760401721632284,-0.00044219760257213636,0.0007176432595354942,False,True,False,0.011109545983713387,-0.012366097168520551,0.027365008137996583,0.00010760401721632284,-0.00044219760257213636,0.0007177977963606086,False,True,False,0.008939175393624543,-0.010741820373257993,0.021115182801124455,0.00010760401721632284,-0.0004660166332089988,0.0007176432595354942,False
reduce_scatter,2gpu_nvlink,2,16777216,oop,8,,auto/Simple,RING/SIMPLE[0-3],0.8997,278.91666666666663,auto/Simple,RING/SIMPLE[0-3],0.6765,0.07550195593988059,auto/Simple,RING/SIMPLE[0-3],0.6679,0.06151281654300222,auto/Simple,RING/SIMPLE[0-3],0.7019,2.10587930994441e-05,False,False,0.0,-0.036399482960064344,0.03777445353794451,0.0,-0.00026288746026814636,0.0002629565882577012,False,False,False,0.0,-0.043725319635538606,0.04572464432381884,0.0,-0.00026288746026814636,0.0002629565882577012,False,False,False,0.0,-0.03646421297296476,0.037844170879707706,0.0,-0.00026288746026814636,0.0002629565882577012,False
reduce_scatter,2gpu_nvlink,2,33554432,ip,8,,Ring/auto,RING/SIMPLE[0-3],0.9315,539.3966666666666,auto/auto,RING/SIMPLE[0-3],0.4278,0.1488881124497992,auto/auto,RING/SIMPLE[0-3],0.4247,0.12196491181689184,auto/auto,RING/SIMPLE[0-3],0.4275,8.032073522811244e-05,True,False,0.03233720268938867,0.014105636474329941,0.04900626635099292,0.00013595436877023026,-3.707204952840826e-05,0.00028429282160646885,False,True,False,0.039490160460342816,0.01759264541020311,0.059758044528720466,0.00013595436877023026,-3.707204952840826e-05,0.00028429282160646885,False,True,False,0.03219484070420009,0.013872642487591236,0.048805357263730365,0.00013595436877023026,-3.707204952840826e-05,0.00028429282160646885,False
reduce_scatter,2gpu_nvlink,2,33554432,oop,8,,auto/auto,RING/SIMPLE[0-3],0.9235,539.7433333333332,Ring/auto,RING/SIMPLE[0-3],0.9313,0.14651296296296296,Ring/auto,RING/SIMPLE[0-3],0.9127,0.11940462299014802,Ring/auto,RING/SIMPLE[0-3],0.9477,7.913126179710144e-05,True,False,0.03097255231728635,0.018633819480134983,0.04364315501729177,0.0006546321399676369,4.323095830671697e-05,0.0011672070402963808,False,True,False,0.03817205534466983,0.022839455619525273,0.054282373790086824,0.0006546321399676369,4.323095830671697e-05,0.0011795730069230626,False,True,False,0.03029770986185021,0.017720816007173568,0.04307504090784953,0.0006546321399676369,4.323095830671697e-05,0.0011795730069230626,False
reduce_scatter,2gpu_nvlink,2,67108864,ip,8,,Ring/Simple,RING/SIMPLE[0-3],0.9859,1044.07,auto/auto,RING/SIMPLE[0-3],0.665,0.2902747831474597,auto/auto,RING/SIMPLE[0-3],0.687,0.23815204910111776,auto/auto,RING/SIMPLE[0-3],0.6721,0.0003031664169733581,True,False,0.0299561988055137,0.015543102351714744,0.038283316634361686,0.00032564866340378806,8.938576020955935e-05,0.0005650962100243184,False,True,False,0.0365890463760985,0.020013910790118834,0.0468295227779707,0.00032564866340378806,8.938576020955935e-05,0.0005650962100243184,False,True,False,0.029619198723897844,0.014985871778922188,0.03817587219581209,0.00032564866340378806,8.938576020955935e-05,0.0005650962100243184,False
reduce_scatter,2gpu_nvlink,2,67108864,oop,8,,Ring/Simple,RING/SIMPLE[0-3],0.5292,1046.5533333333333,auto/Simple,RING/SIMPLE[0-3],0.8978,0.2857280457637601,auto/Simple,RING/SIMPLE[0-3],0.9125,0.2331679185233242,auto/Simple,RING/SIMPLE[0-3],0.82,0.0002992720119650588,True,False,0.008978095642014017,-0.003575451110666261,0.021653275037918363,0.0008058197384428478,-0.0003629417382997602,0.0020161097680997386,False,True,False,0.011254431529087672,-0.0029403204337625777,0.0255984227531878,0.0008058197384428478,-0.0003629417382997602,0.0020161097680997386,False,True,False,0.008165767886118003,-0.005289037032976118,0.021764168662178784,0.0008058197384428478,-0.0003629417382997602,0.0020161097680997386,False
reduce_scatter,2gpu_nvlink,2,134217728,ip,8,,Ring/Simple,RING/SIMPLE[0-3],0.6943,1952.8333333333333,auto/Simple,RING/SIMPLE[0-3],0.2687,0.5560128429655576,auto/Simple,RING/SIMPLE[0-3],0.2672,0.45839119116988436,auto/auto,RING/SIMPLE[0-3],0.2769,0.0010865645875364855,True,False,0.006883237855499269,-0.018445989525941897,0.0315443457268445,0.0016386447042757712,0.0004247979650642275,0.0028537808753985594,False,True,False,0.008689330357914526,-0.024141623748756058,0.03921499032159481,0.0016386447042757712,0.0004247979650642275,0.0028537808753985594,False,True,False,0.006161301461788948,-0.01945051521958341,0.030246618456342134,0.0004284373133054409,-0.0004945370706692653,0.00105543781029116,False
reduce_scatter,2gpu_nvlink,2,134217728,oop,8,,Ring/Simple,RING/SIMPLE[0-3],0.9182,1952.2666666666664,Ring/auto,RING/SIMPLE[0-3],0.5597,0.550752688172043,Ring/auto,RING/SIMPLE[0-3],0.534,0.4527839478605267,Ring/Simple,RING/SIMPLE[0-3],0.4917,0.0010758770858623693,True,False,0.0006087867190380791,-0.01870549421031864,0.01908379247745895,0.0009151755224696689,0.0001160500653636376,0.0017755311640752502,False,True,False,0.0005420816827654829,-0.022567050954702128,0.022406339815855603,0.0009151755224696689,0.0001160500653636376,0.0017755311640752502,False,False,False,0.0,-0.017087959394099572,0.017385034151749634,0.0,-0.0009352269973409433,0.0009361024656391326,False
reduce_scatter,2gpu_nvlink,2,268435456,ip,8,,Ring/Simple,RING/SIMPLE[0-3],0.3862,3707.9066666666663,auto/auto,RING/SIMPLE[0-3],0.9886,1.048479541734861,auto/auto,RING/SIMPLE[0-3],0.9975,0.8633226881875123,auto/auto,RING/SIMPLE[0-3],0.983,0.0038910458668739768,True,False,0.028567040684651657,0.01635903910798664,0.03713537563713998,0.0008567277853093191,-0.0005338740380830265,0.0028989650020765367,False,True,False,0.034804312490801514,0.020380661909254805,0.045279078923773586,0.0008567277853093191,-0.0005338740380830265,0.0028989650020765367,False,True,False,0.027672688536088952,0.012675639016456186,0.03701083581561848,0.0008567277853093191,-0.0005338740380830265,0.0029837140812605245,False
reduce_scatter,2gpu_nvlink,2,268435456,oop,8,,Ring/Simple,RING/SIMPLE[0-3],0.6373,3712.34,Ring/auto,RING/SIMPLE[0-3],0.5441,1.0600688888888887,Ring/auto,RING/SIMPLE[0-3],0.5291,0.8733209083750367,Ring/auto,RING/SIMPLE[0-3],0.4651,0.0039437375644555545,True,False,0.004365228915024666,-0.007309120437010597,0.014610194816342847,0.0021262420288370443,0.0005500170029724138,0.0035679229982408245,False,True,False,0.00522358953894253,-0.008458497446152569,0.017228765102869525,0.0021262420288370443,0.0005500170029724138,0.0037047586785075026,False,True,False,0.002226201761296398,-0.011128755439824722,0.01310131759705091,0.0021262420288370443,0.0005500170029724138,0.0037047586785075026,False
reduce_scatter,2gpu_nvlink,2,536870912,ip,8,,Ring/auto,RING/SIMPLE[0-3],0.5107,7170.283333333333,Ring/Simple,RING/SIMPLE[0-3],0.7078,2.0937505376344085,Ring/Simple,RING/SIMPLE[0-3],0.7065,1.7347928591111559,auto/Simple,RING/SIMPLE[0-3],0.5265,0.015056443800697915,True,False,0.026669464652854247,-0.004939983712882956,0.04744473814042771,0.003050553557855773,-3.713491159795801e-06,0.006113983992461547,False,True,False,0.032829579664934716,-0.004669365548437665,0.05764281591964404,0.003050553557855773,-3.713491159795801e-06,0.006113983992461547,False,True,False,0.023696278558125616,0.019682495573046577,0.029143036656643195,0.0005248514121942716,-0.0016798905634155537,0.0027362080356152507,False
reduce_scatter,2gpu_nvlink,2,536870912,oop,8,,auto/auto,RING/SIMPLE[0-3],0.4895,7185.906666666667,Ring/auto,RING/SIMPLE[0-3],0.9022,2.0389679487179486,Ring/auto,RING/SIMPLE[0-3],0.8713,1.6778279787351131,Ring/auto,RING/SIMPLE[0-3],0.7462,0.014663884622350428,True,False,0.013774879825452224,0.002777801076103037,0.0221123244995296,0.0008210515768829474,-0.005105284975144619,0.004755133869580819,False,True,False,0.017138841043118136,0.005083169916181074,0.027605788029930967,0.0008210515768829474,-0.005105284975144619,0.004755133869580819,False,True,False,0.012950471681513642,-0.0007817173327144822,0.02285473537563032,0.0008210515768829474,-0.005105284975144619,0.004755133869580819,False
reduce_scatter,2gpu_nvlink,2,1073741824,ip,8,,Ring/Simple,RING/SIMPLE[0-3],0.9548,14199.5,Ring/Simple,RING/SIMPLE[0-3],0.5055,4.129858895705522,Ring/Simple,RING/SIMPLE[0-3],0.4106,3.4211126905537643,Ring/Simple,RING/SIMPLE[0-3],0.7048,0.058641890363803684,False,False,0.0,-0.0035509983970087866,0.0035636529228251224,0.0,-0.0017590768364762477,0.0017621766405864214,False,False,False,0.0,-0.005208764434138646,0.005236037721196629,0.0,-0.0017590768364762477,0.0017621766405864214,False,False,False,0.0,-0.003918365421274328,0.003933779406475546,0.0,-0.0017590768364762477,0.0017621766405864214,False
reduce_scatter,2gpu_nvlink,2,1073741824,oop,8,,Ring/Simple,RING/SIMPLE[0-3],0.5393,14243.933333333334,Ring/Simple,RING/SIMPLE[0-3],0.6858,4.112903885480573,Ring/Simple,RING/SIMPLE[0-3],0.6701,3.3979721807862844,Ring/Simple,RING/SIMPLE[0-3],0.7033,0.05858450133190184,False,False,0.0,-0.026341807597741296,0.027054471274718495,0.0,-0.0016788370662907948,0.001681660299935217,False,False,False,0.0,-0.032400197552398424,0.033485122124291555,0.0,-0.0016788370662907948,0.001681660299935217,False,False,False,0.0,-0.027375390381249476,0.028145895251386,0.0,-0.0016788370662907948,0.001681660299935217,False
reduce_scatter,4gpu,4,1024,ip,8,,auto/LL,RING/LL[0-0],0.4463,8.413333333333332,auto/LL,RING/LL[0-0],0.4518,0.003294583786302221,auto/LL,RING/LL[0-0],0.4325,0.0024336707530086296,auto/LL,RING/LL[0-0],0.4877,2.771806841124398e-08,False,False,0.0,-0.020461342502950952,0.02088875446246763,0.0,-0.0015847860538827918,0.0015873015873015817,False,False,False,0.0,-0.02982507636081122,0.03074195759351861,0.0,-0.0015847860538827918,0.0015873015873015817,False,False,False,0.0,-0.018898205183247363,0.019262226695627493,0.0,-0.0015847860538827918,0.0015873015873015817,False
reduce_scatter,4gpu,4,1024,oop,8,,Ring/LL,RING/LL[0-0],0.5001,8.446666666666667,Ring/LL,RING/LL[0-0],0.5009,0.0032813881555106904,Ring/LL,RING/LL[0-0],0.4663,0.0024083790080396852,Ring/LL,RING/LL[0-0],0.7135,2.7716891520422427e-08,False,False,0.0,-0.0041499802222586535,0.004167274328301884,0.0,-0.0031522126502734047,0.003167062549485733,False,False,False,0.0,-0.0062968102278344595,0.006336711296335951,0.0,-0.0031570639305448234,0.003167062549485733,False,False,False,0.0,-0.007288369547724383,0.007341879881475499,0.0,-0.0031570639305448234,0.003167062549485733,False
reduce_scatter,4gpu,4,2048,ip,8,,auto/auto,RING/LL[0-0],0.4896,8.403333333333334,Ring/auto,RING/LL[0-0],0.9909,0.0032394388868822333,Ring/auto,RING/LL[0-0],0.991,0.0023790308433557813,Ring/auto,RING/LL[0-0],0.9842,2.7232852861577438e-08,True,False,0.021778980892792177,0.004070084397594043,0.04140491972519511,0.00039666798889315125,-0.0031670625494854,0.003974562798092052,False,True,False,0.029891297455703958,0.004459143967327828,0.058195759112694034,0.00039666798889315125,-0.0031670625494854,0.003974562798092052,False,True,False,0.021388366833669847,0.0009410276070265233,0.040433879664260264,0.00039666798889315125,-0.0031670625494854,0.003974562798092052,False
reduce_scatter,4gpu,4,2048,oop,8,,Ring/auto,RING/LL[0-0],0.7642,8.433333333333332,auto/LL,RING/LL[0-0],0.5612,0.0032584746743179772,auto/LL,RING/LL[0-0],0.562,0.0023848318260766043,auto/LL,RING/LL[0-0],0.604,2.7534110997986903e-08,True,False,0.015020530088807105,0.008701034094475535,0.020750984128965477,0.0019762845849802257,0.0,0.0035629453681711443,False,True,False,0.02147766427813802,0.013661579896805609,0.029383949401398546,0.0019762845849802257,0.0,0.0035629453681711443,False,True,False,0.013022193631476275,0.00619328465062341,0.02027379804490903,0.0019762845849802257,0.0,0.0035629453681711443,False
reduce_scatter,4gpu,4,4096,ip,8,,auto/LL,RING/LL[0-0],0.9326,8.44,auto/auto,RING/LL[0-0],0.7434,0.00327352440677922,auto/auto,RING/LL[0-0],0.7759,0.00240797289322098,auto/auto,RING/LL[0-0],0.672,2.7683807870957177e-08,True,False,0.009027096081502872,-0.0166117373474437,0.03529156754567753,0.001974723538704426,-0.00039463299131814455,0.004739336492891155,False,True,False,0.012909804768134414,-0.019773387729525194,0.04658634024652453,0.001974723538704426,-0.00039463299131814455,0.004739336492891155,False,True,False,0.007023215602862898,-0.0198380178408627,0.03527927648359985,0.001974723538704426,-0.00039463299131814455,0.004739336492891155,False
reduce_scatter,4gpu,4,4096,oop,8,,auto/LL,RING/LL[0-0],0.42,8.48,Ring/auto,RING/LL[0-0],0.6938,0.003290164594416063,Ring/auto,RING/LL[0-0],0.6796,0.0024140836371232166,Ring/auto,RING/LL[0-0],0.6777,2.7911392257951877e-08,True,False,0.0014075454974700197,-0.0029820581259666357,0.006777422351918361,0.00039308176100627534,-0.001179245283018826,0.002358490566037652,False,True,False,0.0020334491029470048,-0.0049919236898888775,0.010176836812382684,0.00039308176100627534,-0.001179245283018826,0.002358490566037652,False,True,False,0.0010201877560536143,-0.002157961155711652,0.005047484312012518,0.00039308176100627534,-0.001179245283018826,0.002358490566037652,False
reduce_scatter,4gpu,4,8192,ip,8,,auto/LL,RING/LL[0-0],0.6596,8.85,auto/auto,RING/LL[0-0],0.7308,0.0034877261837400527,auto/auto,RING/LL[0-0],0.6466,0.002581002866321779,auto/auto,RING/LL[0-0],0.575,3.090120856057049e-08,True,False,0.002219332680670094,-0.001761661609834489,0.00589068592389097,0.001129943502824915,-0.0007527286413249179,0.003389830508474523,False,True,False,0.0035077665921878776,-0.003824588604755319,0.010364770158807435,0.001129943502824915,-0.0007527286413249179,0.003389830508474523,False,True,False,0.0010879577160651799,-0.0018568290796979747,0.004688069859873023,0.001129943502824915,-0.0007527286413249179,0.003389830508474523,False
reduce_scatter,4gpu,4,8192,oop,8,,auto/LL,RING/LL[0-0],0.5506,8.883333333333333,auto/LL,RING/LL[0-0],0.4955,0.00344976204243206,auto/LL,RING/LL[0-0],0.5055,0.002531027413910483,auto/LL,RING/LL[0-0],0.7007,3.0645387801423024e-08,False,False,0.0,-0.006395547184977701,0.006436713489818002,0.0,-0.0007501875468866048,0.0007507507507507061,False,False,False,0.0,-0.009640439150636837,0.009734281902997743,0.0,-0.0007501875468866048,0.0007507507507507061,False,False,False,0.0,-0.006393154681388569,0.006434290093219497,0.0,-0.0007501875468866048,0.0007507507507507061,False
reduce_scatter,4gpu,4,16384,ip,8,,Ring/auto,RING/LL[0-0],0.5925,9.89,auto/auto,RING/LL[0-0],0.4527,0.003890864589773792,auto/auto,RING/LL[0-0],0.4971,0.0028772401443558845,auto/auto,RING/LL[0-0],0.3923,3.85328798197198e-08,True,False,0.0015754037027018164,-0.007783884339200187,0.009956520759316634,0.0013481631277385553,-0.0033618376928235168,0.005414551607445084,False,True,False,0.0026684306148685444,-0.010825040442115408,0.014775887360930495,0.0013481631277385553,-0.0036887994634472454,0.005409060175794567,False,True,False,0.00022851663741119133,-0.011645739477221917,0.012453480456213972,0.0013481631277385553,-0.0033534540576793948,0.005414551607445084,False
reduce_scatter,4gpu,4,16384,oop,8,,Ring/LL,RING/LL[0-0],0.5142,9.906666666666666,Ring/LL,RING/LL[0-0],0.6387,0.003877968539192575,Ring/LL,RING/LL[0-0],0.5801,0.0028546229332177043,Ring/LL,RING/LL[0-0],0.6899,3.841793971741612e-08,False,False,0.0,-0.010774129616574424,0.010891475788434857,0.0,-0.0026917900403767847,0.0026990553306340814,False,False,False,0.0,-0.017098964822470974,0.0173964256934398,0.0,-0.0026917900403767847,0.0026990553306340814,False,False,False,0.0,-0.011869644492299991,0.012012225336606841,0.0,-0.0026917900403767847,0.0026990553306340814,False
reduce_scatter,4gpu,4,32768,ip,8,,Ring/LL,RING/LL[0-1],0.4336,11.406666666666666,Ring/auto,RING/LL[0-1],0.63,0.004524059236932352,Ring/auto,RING/LL[0-1],0.6637,0.003354228779458701,Ring/auto,RING/LL[0-1],0.5627,5.169490891817587e-08,True,False,0.008879185152427471,-0.005081924785730552,0.026347064832085376,0.001753360607831711,-0.0017482517482516613,0.004976580796253183,False,True,False,0.01256038018092287,-0.007580791828723066,0.03907730554980193,0.001753360607831711,-0.0014585764294051673,0.004976580796253183,False,True,False,0.007092390541104887,-0.006478624724994275,0.022065187205844383,0.001753360607831711,-0.0014585764294051673,0.004976580796253183,False
reduce_scatter,4gpu,4,32768,oop,8,,Ring/auto,RING/LL[0-1],0.4284,11.433333333333332,auto/auto,RING/LL[0-1],0.6043,0.004490705007450249,auto/auto,RING/LL[0-1],0.656,0.0033025620948228807,Ring/LL,RING/LL[0-1],0.4099,5.1615143817418424e-08,True,False,0.013716979234144944,-0.014947781711357688,0.038385577406225835,0.005247813411078717,-0.006124234470691214,0.02127659574468077,False,True,False,0.02070328890653128,-0.01272424216751944,0.05240907116947047,0.005247813411078717,-0.006124234470691214,0.020979020979021046,False,True,False,0.008392565507929106,-0.015724700998884233,0.03507069039812771,0.001457725947521693,-0.0014560279557368494,0.004378283712784592,False
reduce_scatter,4gpu,4,65536,ip,8,,Ring/auto,RING/LL[0-3],0.9988,16.406666666666666,Ring/auto,RING/LL[0-3],0.9714,0.006626417335468281,Ring/auto,RING/LL[0-3],0.9575,0.004946884184555641,Ring/auto,RING/LL[0-3],0.9976,1.0885714770915548e-07,False,False,0.0,-0.04980120974344804,0.052411358816823794,0.0,-0.05300632911392389,0.05597326649958223,False,False,False,0.0,-0.050157705923849605,0.052806351366607274,0.0,-0.05300632911392389,0.05597326649958223,False,False,False,0.0,-0.09976475734506562,0.10995570302531243,0.0,-0.05300632911392411,0.05597326649958223,False
reduce_scatter,4gpu,4,65536,oop,8,,Ring/auto,RING/LL[0-3],0.9794,16.44333333333333,Ring/auto,RING/LL[0-3],0.8579,0.006622394171494972,Ring/auto,RING/LL[0-3],0.7933,0.004922856031449279,Ring/auto,RING/LL[0-3],0.9675,1.0903473457574481e-07,False,False,0.0,-0.04848140948755497,0.051094599571335664,0.0,-0.054810725552050577,0.05798915310805186,False,False,False,0.0,-0.04765439624319501,0.050038973304657786,0.0,-0.054810725552050577,0.05798915310805186,False,False,False,0.0,-0.1003015672332539,0.11148354112922831,0.0,-0.054810725552050577,0.05798915310805186,False
reduce_scatter,4gpu,4,131072,ip,8,,Ring/auto,RING/LL[0-7],0.6742,26.043333333333333,Ring/auto,RING/LL[0-7],0.6551,0.010836298209807268,Ring/auto,RING/LL[0-7],0.611,0.008169769413617646,Ring/auto,RING/LL[0-7],0.6654,2.827763743136994e-07,False,False,0.0,-0.07120073345374411,0.07665890361703709,0.0,-0.06321269211700553,0.06747816882773239,False,False,False,0.0,-0.07493156379364874,0.08100110311939579,0.0,-0.06321269211700553,0.06747816882773239,False,False,False,0.0,-0.1285670626933283,0.1475352344274352,0.0,-0.06321269211700553,0.06747816882773239,False
reduce_scatter,4gpu,4,131072,oop,8,,Ring/auto,RING/LL[0-7],0.6206,26.086666666666662,Ring/auto,RING/LL[0-7],0.6757,0.010718614472940965,Ring/auto,RING/LL[0-7],0.6937,0.008028854011902238,Ring/auto,RING/LL[0-7],0.6577,2.8021102560047574e-07,False,False,0.0,-0.06330034225091541,0.06757805634628711,0.0,-0.06836973960261661,0.07338720360312667,False,False,False,0.0,-0.06290677762025543,0.06712969010756886,0.0,-0.06836973960261661,0.07338720360312667,False,False,False,0.0,-0.128242080750956,0.14710744567875822,0.0,-0.06836973960261661,0.07338720360312667,False
reduce_scatter,4gpu,4,262144,ip,8,,auto/auto,RING/LL[0-7],0.4799,43.919999999999995,auto/auto,RING/LL[0-7],0.7715,0.018606211602344578,auto/auto,RING/LL[0-7],0.8795,0.014109096268041786,auto/auto,RING/LL[0-7],0.6444,8.172392856593174e-07,False,False,0.0,-0.00981735480868251,0.009914690846541507,0.0,-0.018199593893359234,0.018536959019532562,False,False,False,0.0,-0.007100120652191455,0.007150892854227209,0.0,-0.018199593893359234,0.018536959019532562,False,False,False,0.0,-0.02784452909222246,0.02864205358657479,0.0,-0.018199593893359234,0.018536959019532562,False
reduce_scatter,4gpu,4,262144,oop,8,,auto/auto,RING/LL[0-7],0.5126,43.893333333333324,auto/LL,RING/LL[0-7],0.4704,0.01844230857880422,auto/LL,RING/LL[0-7],0.5463,0.013884550451468402,auto/auto,RING/LL[0-7],0.5147,8.10327629894699e-07,True,False,0.0008220558078246842,-0.024581189589018893,0.021893817269573956,0.006834750911300258,-0.0025571600481345547,0.021266759130836865,False,True,False,0.0032582250764889853,-0.02653640445075034,0.027279480462766514,0.006834750911300258,-0.0025571600481345547,0.021266759130836865,False,False,False,0.0,-0.046321444344047724,0.04857133891637866,0.0,-0.015971071267138703,0.016230286326749166,False
reduce_scatter,4gpu,4,524288,ip,8,,auto/Simple,RING/SIMPLE[0-7],0.7463,61.18,auto/Simple,RING/SIMPLE[0-7],0.9338,0.025894573561888734,auto/Simple,RING/SIMPLE[0-7],0.9408,0.019633522437358834,auto/Simple,RING/SIMPLE[0-7],0.9584,1.5841974718687558e-06,False,False,0.0,-0.008345356618907118,0.008415587699416305,0.0,-0.005433601391002019,0.005463286713286664,False,False,False,0.0,-0.010771988897780083,0.010889288189259494,0.0,-0.005433601391002019,0.005463286713286664,False,False,False,0.0,-0.003055145057173414,0.003064507572335673,0.0,-0.005433601391002019,0.005463286713286664,False
reduce_scatter,4gpu,4,524288,oop,8,,auto/Simple,RING/SIMPLE[0-7],0.6795,61.24666666666666,auto/Simple,RING/SIMPLE[0-7],0.7587,0.025752138325095524,auto/Simple,RING/SIMPLE[0-7],0.7552,0.019431904739657235,auto/Simple,RING/SIMPLE[0-7],0.6694,1.577348111701195e-06,False,False,0.0,-0.022953991768938087,0.023493255768473064,0.0,-0.006834083636166333,0.006881109715471512,False,False,False,0.0,-0.029742274312783756,0.030653993805324076,0.0,-0.006834083636166333,0.006881109715471512,False,False,False,0.0,-0.02969439869863455,0.03060314055572655,0.0,-0.006834083636166333,0.006881109715471512,False
reduce_scatter,4gpu,4,1048576,ip,8,,auto/Simple,RING/SIMPLE[0-7],0.739,95.67666666666666,auto/Simple,RING/SIMPLE[0-7],0.8499,0.040235095792093535,auto/Simple,RING/SIMPLE[0-7],0.8292,0.03043682026820928,auto/Simple,RING/SIMPLE[0-7],0.8213,3.853777402616195e-06,False,False,0.0,-0.05853848930633443,0.06217831386776873,0.0,-0.047016397904334206,0.04933599885763251,False,False,False,0.0,-0.0638755603665696,0.06823404844721503,0.0,-0.047016397904334206,0.04933599885763251,False,False,False,0.0,-0.10232738631468452,0.11399187716620696,0.0,-0.047016397904334206,0.04933599885763251,False
reduce_scatter,4gpu,4,1048576,oop,8,,auto/Simple,RING/SIMPLE[0-7],0.7344,95.71666666666665,auto/Simple,RING/SIMPLE[0-7],0.8537,0.03973706372634138,auto/Simple,RING/SIMPLE[0-7],0.85,0.029840658513585413,auto/Simple,RING/SIMPLE[0-7],0.7895,3.8068774049314115e-06,False,False,0.0,-0.051460367534521656,0.054252205994560265,0.0,-0.04486961258255617,0.046977473624180366,False,False,False,0.0,-0.055696798841864514,0.058981901971268735,0.0,-0.04486961258255617,0.046977473624180366,False,False,False,0.0,-0.0871887203040208,0.09551669906298699,0.0,-0.04486961258255617,0.046977473624180366,False
reduce_scatter,4gpu,4,2097152,ip,8,,auto/auto,RING/SIMPLE[0-7],0.7849,159.06,auto/auto,RING/SIMPLE[0-7],0.6869,0.06717289949624304,auto/auto,RING/SIMPLE[0-7],0.6865,0.05090151203891819,auto/auto,RING/SIMPLE[0-7],0.7541,1.0691287382560713e-05,False,False,0.0,-0.03194580853477402,0.03300002088356391,0.0,-0.040690632121374026,0.04241658998009701,False,False,False,0.0,-0.029929682992876905,0.030853106695622357,0.0,-0.040690632121373804,0.04241658998009723,False,False,False,0.0,-0.07086421902802942,0.07626895926222788,0.0,-0.040690632121373804,0.04241658998009701,False
reduce_scatter,4gpu,4,2097152,oop,8,,auto/auto,RING/SIMPLE[0-7],0.7677,158.98999999999998,auto/auto,RING/SIMPLE[0-7],0.9888,0.06615725607075461,auto/auto,RING/SIMPLE[0-7],0.989,0.04975472967051756,auto/auto,RING/SIMPLE[0-7],0.9157,1.0524008238239771e-05,False,False,0.0,-0.02624024735236319,0.026947352548732928,0.0,-0.04692586450463743,0.04923632145388934,False,False,False,0.0,-0.020788447476870142,0.021229781678233417,0.0,-0.04692586450463743,0.04923632145388934,False,False,False,0.0,-0.07155711160031553,0.07707217373774622,0.0,-0.04692586450463743,0.04923632145388912,False
reduce_scatter,4gpu,4,4194304,ip,8,,auto/Simple,RING/SIMPLE[0-7],0.467,311.42333333333335,Ring/auto,RING/SIMPLE[0-7],0.4037,0.13812525110955384,Ring/auto,RING/SIMPLE[0-7],0.4005,0.10609123229205097,Ring/auto,RING/SIMPLE[0-7],0.3916,4.323845334267695e-05,True,False,0.008204924263484958,-0.06569289705299708,0.08436016970575455,0.0033073950785103,-0.06188584786611229,0.07398114093882824,False,True,False,0.01236174601266371,-0.06485680100343072,0.09173951897948895,0.0033073950785103,-0.06188584786611229,0.07398114093882824,False,True,False,0.0055336617566703605,-0.12995593681754825,0.15387704582938388,0.0033073950785103,-0.06188584786611229,0.07398114093882824,False
reduce_scatter,4gpu,4,4194304,oop,8,,auto/Simple,RING/SIMPLE[0-7],0.4523,311.45666666666665,auto/Simple,RING/SIMPLE[0-7],0.6336,0.13543280587696552,auto/Simple,RING/SIMPLE[0-7],0.729,0.10322832762276814,auto/Simple,RING/SIMPLE[0-7],0.4958,4.225420276773763e-05,False,False,0.0,-0.0531186388979481,0.056098515695909956,0.0,-0.06628725165562932,0.07099319546955729,False,False,False,0.0,-0.050354595419734416,0.053024629168811455,0.0,-0.06628725165562932,0.07099319546955729,False,False,False,0.0,-0.11477054135881004,0.1296506123225729,0.0,-0.06628725165562932,0.07099319546955729,False
reduce_scatter,4gpu,4,8388608,ip,8,,auto/Simple,RING/SIMPLE[0-7],0.5503,621.3299999999999,Ring/Simple,RING/SIMPLE[0-7],0.4584,0.27934842663739484,Ring/Simple,RING/SIMPLE[0-7],0.579,0.21469302799642387,auto/Simple,RING/SIMPLE[0-7],0.4365,0.00017470830610276386,True,False,0.006047695448996748,-0.026623331191687027,0.03950938058858622,0.01709236637535616,-0.015861898266882224,0.05130420044940376,False,True,False,0.012912515284857262,-0.02091726849664266,0.04794271462082533,0.01709236637535616,-0.015861898266882224,0.05130420044940376,False,False,False,0.0,-0.067504299756867,0.07239100377542362,0.0,-0.036758316700809424,0.03816105276394266,False
reduce_scatter,4gpu,4,8388608,oop,8,,auto/Simple,RING/SIMPLE[0-7],0.5596,622.1366666666668,auto/auto,RING/SIMPLE[0-7],0.3734,0.27344290080577943,auto/auto,RING/SIMPLE[0-7],0.4855,0.2086017885602107,auto/Simple,RING/SIMPLE[0-7],0.508,0.00017048999335002782,True,False,0.00175888189175466,-0.02396050252769344,0.024932578007663242,0.011380136197298496,-0.007325487226411687,0.044359570463854636,False,True,False,0.00581086095569483,-0.018329026858067476,0.030323456526530235,0.011380136197298496,-0.007325487226411687,0.044863279087788976,False,False,False,0.0,-0.06048947861746323,0.06438403534688453,0.0,-0.033360202732249045,0.03451151383022211,False
reduce_scatter,4gpu,4,16777216,ip,8,,auto/Simple,RING/SIMPLE[0-7],0.9384,1274.79,auto/Simple,RING/SIMPLE[0-7],0.8257,0.5690693437441904,auto/Simple,RING/SIMPLE[0-7],0.8263,0.43866972627840034,auto/Simple,RING/SIMPLE[0-7],0.9017,0.0007255792813943111,False,False,0.0,-0.031155861960730946,0.032157764843149694,0.0,-0.012617411300066106,0.012778644716309184,False,False,False,0.0,-0.03520067716890507,0.03648497292225783,0.0,-0.012617411300066106,0.012778644716309184,False,False,False,0.0,-0.04248204100886932,0.04436683470002967,0.0,-0.012617411300066106,0.012778644716309184,False
reduce_scatter,4gpu,4,16777216,oop,8,,auto/Simple,RING/SIMPLE[0-7],0.9481,1274.9733333333334,auto/Simple,RING/SIMPLE[0-7],0.5988,0.5675822643614054,auto/Simple,RING/SIMPLE[0-7],0.5204,0.43617507474335265,auto/Simple,RING/SIMPLE[0-7],0.7796,0.0007237132241624837,False,False,0.0,-0.012291399731241603,0.012444358313673742,0.0,-0.01514231597519533,0.015375131067986825,False,False,False,0.0,-0.009609877940759515,0.009703123775889999,0.0,-0.01514231597519533,0.015375131067986825,False,False,False,0.0,-0.026420257745736087,0.027137230366525156,0.0,-0.01514231597519533,0.015375131067986825,False
reduce_scatter,4gpu,4,33554432,ip,8,,auto/Simple,RING/SIMPLE[0-7],0.5981,2571.0766666666664,auto/Simple,RING/SIMPLE[0-7],0.5579,1.1681237946569858,auto/Simple,RING/SIMPLE[0-7],0.5411,0.9050933694057476,auto/Simple,RING/SIMPLE[0-7],0.5773,0.003014545240635378,False,False,0.0,-0.08827479836892227,0.09682171580976218,0.0,-0.1013400747330434,0.11276799141003124,False,False,False,0.0,-0.08285194988821587,0.09033650551633143,0.0,-0.10134007473304352,0.11276799141003124,False,False,False,0.0,-0.181388622822385,0.22158087204672317,0.0,-0.10134007473304352,0.11276799141003124,False
reduce_scatter,4gpu,4,33554432,oop,8,,auto/Simple,RING/SIMPLE[0-7],0.5586,2574.806666666667,auto/auto,RING/SIMPLE[0-7],0.5541,1.14429896526238,auto/auto,RING/SIMPLE[0-7],0.5743,0.8766527413460098,auto/Simple,RING/SIMPLE[0-7],0.5295,0.0029701884365167784,True,False,0.0035029139612368088,-0.08278212024459009,0.08320876826277468,0.008544330836490088,-0.06593048211695018,0.1013938953920357,False,True,False,0.006824251523025238,-0.0777616083827346,0.08533022628300668,0.008544330836490088,-0.06593048211695018,0.1013938953920357,False,False,False,0.0,-0.19715676752186706,0.24557318234259018,0.0,-0.10426235543148132,0.11639831826171054,False
reduce_scatter,4gpu,4,67108864,ip,8,,Ring/auto,RING/SIMPLE[0-7],0.467,5362.68,auto/Simple,RING/SIMPLE[0-7],0.8222,2.3963108108108107,auto/Simple,RING/SIMPLE[0-7],0.8935,1.8463780931019456,auto/Simple,RING/SIMPLE[0-7],0.6928,0.012869316555315313,True,False,0.00942128302813705,-0.006555024194356829,0.027516677140268397,0.0013662323067322735,-0.010454574386107418,0.013326505640661956,False,True,False,0.013036704201845772,-0.0038923847175024173,0.03258564848593615,0.0013662323067322735,-0.009852958117031685,0.013326505640661956,False,True,False,0.008006484279590165,-0.019609766723480027,0.03655487319890027,0.0013662323067322735,-0.010454574386107418,0.013326505640661956,False
reduce_scatter,4gpu,4,67108864,oop,8,,auto/Simple,RING/SIMPLE[0-7],0.5202,5369.403333333333,auto/Simple,RING/SIMPLE[0-7],0.5928,2.377789039039039,auto/Simple,RING/SIMPLE[0-7],0.6344,1.8242981077399951,auto/Simple,RING/SIMPLE[0-7],0.5461,0.0127675827059985,False,False,0.0,-0.008946246455228235,0.009027004260091509,0.0,-0.007969009407858163,0.008033024656922683,False,False,False,0.0,-0.007462123920129793,0.007518225853105243,0.0,-0.007969009407858163,0.008033024656922683,False,False,False,0.0,-0.01652359498542111,0.01680121139782309,0.0,-0.007969009407858163,0.008033024656922683,False
reduce_scatter,4gpu,4,134217728,ip,8,,Ring/auto,RING/SIMPLE[0-7],0.8836,10296.266666666668,Ring/auto,RING/SIMPLE[0-7],0.8052,4.646926756352766,Ring/auto,RING/SIMPLE[0-7],0.7763,3.5916057853477277,Ring/auto,RING/SIMPLE[0-7],0.8745,0.04785506720448431,False,False,0.0,-0.021427155340989268,0.021896331436067618,0.0,-0.025378925902486027,0.02603978774621374,False,False,False,0.0,-0.01901005340696027,0.01937843855890864,0.0,-0.025378925902486027,0.02603978774621374,False,False,False,0.0,-0.046224989116773085,0.048465296940383595,0.0,-0.025378925902486027,0.02603978774621374,False
reduce_scatter,4gpu,4,134217728,oop,8,,Ring/auto,RING/SIMPLE[0-7],0.8992,10280.199999999999,Ring/auto,RING/SIMPLE[0-7],0.524,4.6006771300448435,Ring/auto,RING/SIMPLE[0-7],0.4423,3.539407752388911,Ring/auto,RING/SIMPLE[0-7],0.7048,0.04731253922780269,False,False,0.0,-0.033474696070115884,0.034634060726613125,0.0,-0.025999462344944102,0.0266934784323003,False,False,False,0.0,-0.03699210495483929,0.038413085858558293,0.0,-0.025999462344944102,0.0266934784323003,False,False,False,0.0,-0.05582898185866669,0.05913015839923785,0.0,-0.025999462344944102,0.0266934784323003,False
reduce_scatter,4gpu,4,268435456,ip,8,,Ring/Simple,RING/SIMPLE[0-7],0.9451,20685.833333333332,Ring/Simple,RING/SIMPLE[0-7],0.8747,9.264181818181818,Ring/Simple,RING/SIMPLE[0-7],0.8487,7.1448174665026345,Ring/Simple,RING/SIMPLE[0-7],0.888,0.1916364808278788,False,False,0.0,-0.004572829456175542,0.004593836286061359,0.0,-0.0028320634639678044,0.0028401068267456253,False,False,False,0.0,-0.006811932708934432,0.0068586533943304495,0.0,-0.0028320634639678044,0.0028401068267456253,False,False,False,0.0,-0.002985346927448229,0.002994285909688532,0.0,-0.0028320634639678044,0.0028401068267456253,False
reduce_scatter,4gpu,4,268435456,oop,8,,Ring/Simple,RING/SIMPLE[0-7],0.9562,20681.066666666666,Ring/Simple,RING/SIMPLE[0-7],0.713,9.16090909090909,Ring/Simple,RING/SIMPLE[0-7],0.6087,7.032398185407074,Ring/Simple,RING/SIMPLE[0-7],0.9196,0.18945349279575754,False,False,0.0,-0.013687559380432868,0.01387750860349568,0.0,-0.006487257631524357,0.006529616938841798,False,False,False,0.0,-0.01739738732251439,0.0177054152900209,0.0,-0.006487257631524357,0.006529616938841798,False,False,False,0.0,-0.009798354044477264,0.009895311813001628,0.0,-0.006487257631524357,0.006529616938841798,False
reduce_scatter,4gpu,4,536870912,ip,8,,Ring/Simple,RING/SIMPLE[0-7],0.7209,40870.9,Ring/Simple,RING/SIMPLE[0-7],0.774,18.126303571428576,Ring/Simple,RING/SIMPLE[0-7],0.7819,13.942804548302867,Ring/Simple,RING/SIMPLE[0-7],0.8276,0.7410271950982144,False,False,0.0,-0.028940452068347278,0.029802963299202512,0.0,-0.020730139333591024,0.021168975137745738,False,False,False,0.0,-0.03139970477064036,0.032417608094167605,0.0,-0.020730139333591024,0.021168975137745738,False,False,False,0.0,-0.04605131128262341,0.048274411220734725,0.0,-0.020730139333591024,0.021168975137745738,False
reduce_scatter,4gpu,4,536870912,oop,8,,Ring/Simple,RING/SIMPLE[0-7],0.7037,40996.93333333333,Ring/Simple,RING/SIMPLE[0-7],0.7007,18.122940476190475,Ring/Simple,RING/SIMPLE[0-7],0.6572,13.892703758913536,Ring/Simple,RING/SIMPLE[0-7],0.7059,0.7432286701809523,False,False,0.0,-0.027699556975514295,0.028488680812846834,0.0,-0.025622276499375096,0.02629604093094673,False,False,False,0.0,-0.029292895731198754,0.03017686344560544,0.0,-0.025622276499375096,0.02629604093094673,False,False,False,0.0,-0.05113312988602603,0.05388862389081428,0.0,-0.025622276499375096,0.02629604093094673,False
reduce_scatter,4gpu,4,1073741824,ip,8,,Ring/Simple,RING/SIMPLE[0-7],0.6125,81416.93333333333,Ring/Simple,RING/SIMPLE[0-7],0.5051,36.59709195402299,Ring/Simple,RING/SIMPLE[0-7],0.4459,28.26608982575715,Ring/Simple,RING/SIMPLE[0-7],0.5715,2.980522601305747,False,False,0.0,-0.022196615812751785,0.022700489865047357,0.0,-0.028706141377423555,0.02955453812724884,False,False,False,0.0,-0.019664742731840823,0.020059201774135227,0.0,-0.028706141377423555,0.02955453812724884,False,False,False,0.0,-0.04933479366070004,0.05189502395977241,0.0,-0.028706141377423555,0.02955453812724884,False
reduce_scatter,4gpu,4,1073741824,oop,8,,Ring/Simple,RING/SIMPLE[0-7],0.6015,81407.96666666667,Ring/Simple,RING/SIMPLE[0-7],0.576,36.174942528735635,Ring/Simple,RING/SIMPLE[0-7],0.5723,27.78310228599848,Ring/Simple,RING/SIMPLE[0-7],0.5946,2.9455233147126436,False,False,0.0,-0.017331232157937082,0.01763690139048224,0.0,-0.029451253459419013,0.030344950281369076,False,False,False,0.0,-0.011787642244929564,0.011928248166930056,0.0,-0.029451253459419013,0.030344950281369076,False,False,False,0.0,-0.046178706516455614,0.04841442189637202,0.0,-0.029451253459419013,0.030344950281369076,False
