coll,gpu_set,n_gpus,size_bytes,placement,energy_metric,config,selected,t_op_us,energy_j,on_front
all_gather,2gpu_nvlink,2,1024,ip,e_op_j,Ring/LL,RING/LL[0-0],5.59,0.001108008940484422,False
all_gather,2gpu_nvlink,2,1024,ip,e_op_j,Ring/LL128,RING/LL128[0-0],11.013333333333334,0.00219001881736517,False
all_gather,2gpu_nvlink,2,1024,ip,e_op_j,Ring/Simple,RING/SIMPLE[0-0],13.866666666666665,0.002726118278044096,False
all_gather,2gpu_nvlink,2,1024,ip,e_op_j,Ring/auto,RING/LL[0-0],5.573333333333333,0.0010968023861179016,False
all_gather,2gpu_nvlink,2,1024,ip,e_op_j,auto/LL,RING/LL[0-0],5.599999999999999,0.0011056391783274661,False
all_gather,2gpu_nvlink,2,1024,ip,e_op_j,auto/LL128,RING/LL128[0-0],11.026666666666666,0.0022487110979169758,False
all_gather,2gpu_nvlink,2,1024,ip,e_op_j,auto/Simple,RING/SIMPLE[0-0],13.836666666666666,0.002737045844730854,False
all_gather,2gpu_nvlink,2,1024,ip,e_op_j,auto/auto,RING/LL[0-0],5.573333333333333,0.0010906596395756742,True
all_gather,2gpu_nvlink,2,1024,ip,e_op_dyn_j,Ring/LL,RING/LL[0-0],5.59,0.000829026233351537,False
all_gather,2gpu_nvlink,2,1024,ip,e_op_dyn_j,Ring/LL128,RING/LL128[0-0],11.013333333333334,0.001640420056832321,False
all_gather,2gpu_nvlink,2,1024,ip,e_op_dyn_j,Ring/Simple,RING/SIMPLE[0-0],13.866666666666665,0.0020341221337738425,False
all_gather,2gpu_nvlink,2,1024,ip,e_op_dyn_j,Ring/auto,RING/LL[0-0],5.573333333333333,0.0008186173226585879,False
all_gather,2gpu_nvlink,2,1024,ip,e_op_dyn_j,auto/LL,RING/LL[0-0],5.599999999999999,0.0008261346333167997,False
all_gather,2gpu_nvlink,2,1024,ip,e_op_dyn_j,auto/LL128,RING/LL128[0-0],11.026666666666666,0.0016985495672796065,False
all_gather,2gpu_nvlink,2,1024,ip,e_op_dyn_j,auto/Simple,RING/SIMPLE[0-0],13.836666666666666,0.0020466898251358923,False
all_gather,2gpu_nvlink,2,1024,ip,e_op_dyn_j,auto/auto,RING/LL[0-0],5.573333333333333,0.0008123735821963955,True
all_gather,2gpu_nvlink,2,1024,oop,e_op_j,Ring/LL,RING/LL[0-0],5.593333333333333,0.0011055376464515626,False
all_gather,2gpu_nvlink,2,1024,oop,e_op_j,Ring/LL128,RING/LL128[0-0],11.323333333333332,0.0022592590745579913,False
all_gather,2gpu_nvlink,2,1024,oop,e_op_j,Ring/Simple,RING/SIMPLE[0-0],14.12,0.002776052366938743,False
all_gather,2gpu_nvlink,2,1024,oop,e_op_j,Ring/auto,RING/LL[0-0],5.583333333333333,0.0011022851249410312,True
all_gather,2gpu_nvlink,2,1024,oop,e_op_j,auto/LL,RING/LL[0-0],5.599999999999999,0.00109898277060512,True
all_gather,2gpu_nvlink,2,1024,oop,e_op_j,auto/LL128,RING/LL128[0-0],11.336666666666666,0.0022464153183909753,False
all_gather,2gpu_nvlink,2,1024,oop,e_op_j,auto/Simple,RING/SIMPLE[0-0],14.096666666666666,0.0027494208827225906,False
all_gather,2gpu_nvlink,2,1024,oop,e_op_j,auto/auto,RING/LL[0-0],5.580000000000001,0.0011164171684031876,True
all_gather,2gpu_nvlink,2,1024,oop,e_op_dyn_j,Ring/LL,RING/LL[0-0],5.593333333333333,0.0008246770477889935,False
all_gather,2gpu_nvlink,2,1024,oop,e_op_dyn_j,Ring/LL128,RING/LL128[0-0],11.323333333333332,0.001690416999967953,False
all_gather,2gpu_nvlink,2,1024,oop,e_op_dyn_j,Ring/Simple,RING/SIMPLE[0-0],14.12,0.0020668765346562273,False
all_gather,2gpu_nvlink,2,1024,oop,e_op_dyn_j,Ring/auto,RING/LL[0-0],5.583333333333333,0.0008215985408225069,True
all_gather,2gpu_nvlink,2,1024,oop,e_op_dyn_j,auto/LL,RING/LL[0-0],5.599999999999999,0.0008181907506748057,True
all_gather,2gpu_nvlink,2,1024,oop,e_op_dyn_j,auto/LL128,RING/LL128[0-0],11.336666666666666,0.0016775427350677159,False
all_gather,2gpu_nvlink,2,1024,oop,e_op_dyn_j,auto/Simple,RING/SIMPLE[0-0],14.096666666666666,0.002041395013137101,False
all_gather,2gpu_nvlink,2,1024,oop,e_op_dyn_j,auto/auto,RING/LL[0-0],5.580000000000001,0.0008360796653007627,True
all_gather,2gpu_nvlink,2,2048,ip,e_op_j,Ring/LL,RING/LL[0-0],5.596666666666667,0.0011219102758275945,True
all_gather,2gpu_nvlink,2,2048,ip,e_op_j,Ring/LL128,RING/LL128[0-0],11.023333333333333,0.0022060551355448724,False
all_gather,2gpu_nvlink,2,2048,ip,e_op_j,Ring/Simple,RING/SIMPLE[0-0],14.006666666666666,0.0027589043966637326,False
all_gather,2gpu_nvlink,2,2048,ip,e_op_j,Ring/auto,RING/LL[0-0],5.613333333333332,0.001120113077775626,False
all_gather,2gpu_nvlink,2,2048,ip,e_op_j,auto/LL,RING/LL[0-0],5.609999999999999,0.001112898966214126,True
all_gather,2gpu_nvlink,2,2048,ip,e_op_j,auto/LL128,RING/LL128[0-0],10.983333333333334,0.0021963316284599748,False
all_gather,2gpu_nvlink,2,2048,ip,e_op_j,auto/Simple,RING/SIMPLE[0-0],13.963333333333333,0.0027801745667049593,False
all_gather,2gpu_nvlink,2,2048,ip,e_op_j,auto/auto,RING/LL[0-0],5.6000000000000005,0.0011332939624301062,False
all_gather,2gpu_nvlink,2,2048,ip,e_op_dyn_j,Ring/LL,RING/LL[0-0],5.596666666666667,0.0008425280715189899,True
all_gather,2gpu_nvlink,2,2048,ip,e_op_dyn_j,Ring/LL128,RING/LL128[0-0],11.023333333333333,0.0016559822887590968,False
all_gather,2gpu_nvlink,2,2048,ip,e_op_dyn_j,Ring/Simple,RING/SIMPLE[0-0],14.006666666666666,0.0020599594931030533,False
all_gather,2gpu_nvlink,2,2048,ip,e_op_dyn_j,Ring/auto,RING/LL[0-0],5.613333333333332,0.0008398123099449127,False
all_gather,2gpu_nvlink,2,2048,ip,e_op_dyn_j,auto/LL,RING/LL[0-0],5.609999999999999,0.0008330424474172696,True
all_gather,2gpu_nvlink,2,2048,ip,e_op_dyn_j,auto/LL128,RING/LL128[0-0],10.983333333333334,0.0016480632185630884,False
all_gather,2gpu_nvlink,2,2048,ip,e_op_dyn_j,auto/Simple,RING/SIMPLE[0-0],13.963333333333333,0.0020834533763877663,False
all_gather,2gpu_nvlink,2,2048,ip,e_op_dyn_j,auto/auto,RING/LL[0-0],5.6000000000000005,0.0008538999884888026,False
all_gather,2gpu_nvlink,2,2048,oop,e_op_j,Ring/LL,RING/LL[0-0],5.603333333333333,0.001101764325037698,False
all_gather,2gpu_nvlink,2,2048,oop,e_op_j,Ring/LL128,RING/LL128[0-0],11.336666666666666,0.002271241015206825,False
all_gather,2gpu_nvlink,2,2048,oop,e_op_j,Ring/Simple,RING/SIMPLE[0-0],14.283333333333331,0.002842095226120122,False
all_gather,2gpu_nvlink,2,2048,oop,e_op_j,Ring/auto,RING/LL[0-0],5.603333333333333,0.0010941685574799378,False
all_gather,2gpu_nvlink,2,2048,oop,e_op_j,auto/LL,RING/LL[0-0],5.603333333333333,0.0011319860770061584,False
all_gather,2gpu_nvlink,2,2048,oop,e_op_j,auto/LL128,RING/LL128[0-0],11.339999999999998,0.002252926478783339,False
all_gather,2gpu_nvlink,2,2048,oop,e_op_j,auto/Simple,RING/SIMPLE[0-0],14.226666666666667,0.0027801038076686146,False
all_gather,2gpu_nvlink,2,2048,oop,e_op_j,auto/auto,RING/LL[0-0],5.596666666666667,0.0010902741303847041,True
all_gather,2gpu_nvlink,2,2048,oop,e_op_dyn_j,Ring/LL,RING/LL[0-0],5.603333333333333,0.0008206267384345106,False
all_gather,2gpu_nvlink,2,2048,oop,e_op_dyn_j,Ring/LL128,RING/LL128[0-0],11.336666666666666,0.001701968349366697,False
all_gather,2gpu_nvlink,2,2048,oop,e_op_dyn_j,Ring/Simple,RING/SIMPLE[0-0],14.283333333333331,0.002124931776321041,False
all_gather,2gpu_nvlink,2,2048,oop,e_op_dyn_j,Ring/auto,RING/LL[0-0],5.603333333333333,0.0008132363215245766,False
all_gather,2gpu_nvlink,2,2048,oop,e_op_dyn_j,auto/LL,RING/LL[0-0],5.603333333333333,0.0008494051958245053,False
all_gather,2gpu_nvlink,2,2048,oop,e_op_dyn_j,auto/LL128,RING/LL128[0-0],11.339999999999998,0.0016833190468860282,False
all_gather,2gpu_nvlink,2,2048,oop,e_op_dyn_j,auto/Simple,RING/SIMPLE[0-0],14.226666666666667,0.0020651859304910516,False
all_gather,2gpu_nvlink,2,2048,oop,e_op_dyn_j,auto/auto,RING/LL[0-0],5.596666666666667,0.0008094560561630835,True
all_gather,2gpu_nvlink,2,4096,ip,e_op_j,Ring/LL,RING/LL[0-0],5.836666666666666,0.0011671176312723147,False
all_gather,2gpu_nvlink,2,4096,ip,e_op_j,Ring/LL128,RING/LL128[0-0],11.123333333333333,0.0022106311645032116,False
all_gather,2gpu_nvlink,2,4096,ip,e_op_j,Ring/Simple,RING/SIMPLE[0-0],14.49,0.002880853868643625,False
all_gather,2gpu_nvlink,2,4096,ip,e_op_j,Ring/auto,RING/LL[0-0],5.816666666666666,0.0011407191693511387,True
all_gather,2gpu_nvlink,2,4096,ip,e_op_j,auto/LL,RING/LL[0-0],5.823333333333333,0.0011708097970031786,False
all_gather,2gpu_nvlink,2,4096,ip,e_op_j,auto/LL128,RING/LL128[0-0],11.11,0.0022055433752325142,False
all_gather,2gpu_nvlink,2,4096,ip,e_op_j,auto/Simple,RING/SIMPLE[0-0],14.436666666666667,0.0028514847191868733,False
all_gather,2gpu_nvlink,2,4096,ip,e_op_j,auto/auto,RING/LL[0-0],5.836666666666666,0.0011658069745280172,False
all_gather,2gpu_nvlink,2,4096,ip,e_op_dyn_j,Ring/LL,RING/LL[0-0],5.836666666666666,0.0008758570741372798,False
all_gather,2gpu_nvlink,2,4096,ip,e_op_dyn_j,Ring/LL128,RING/LL128[0-0],11.123333333333333,0.0016555515891369416,False
all_gather,2gpu_nvlink,2,4096,ip,e_op_dyn_j,Ring/Simple,RING/SIMPLE[0-0],14.49,0.0021576970216203796,False
all_gather,2gpu_nvlink,2,4096,ip,e_op_dyn_j,Ring/auto,RING/LL[0-0],5.816666666666666,0.0008504164243010535,True
all_gather,2gpu_nvlink,2,4096,ip,e_op_dyn_j,auto/LL,RING/LL[0-0],5.823333333333333,0.0008801493051431834,False
all_gather,2gpu_nvlink,2,4096,ip,e_op_dyn_j,auto/LL128,RING/LL128[0-0],11.11,0.0016510573341756362,False
all_gather,2gpu_nvlink,2,4096,ip,e_op_dyn_j,auto/Simple,RING/SIMPLE[0-0],14.436666666666667,0.002131107256339032,False
all_gather,2gpu_nvlink,2,4096,ip,e_op_dyn_j,auto/auto,RING/LL[0-0],5.836666666666666,0.0008745113797971241,False
all_gather,2gpu_nvlink,2,4096,oop,e_op_j,Ring/LL,RING/LL[0-0],5.853333333333333,0.001161177807445757,False
all_gather,2gpu_nvlink,2,4096,oop,e_op_j,Ring/LL128,RING/LL128[0-0],11.456666666666665,0.0022929113252170177,False
all_gather,2gpu_nvlink,2,4096,oop,e_op_j,Ring/Simple,RING/SIMPLE[0-0],14.819999999999999,0.0029409087744944485,False
all_gather,2gpu_nvlink,2,4096,oop,e_op_j,Ring/auto,RING/LL[0-0],5.833333333333333,0.0011575445637743164,True
all_gather,2gpu_nvlink,2,4096,oop,e_op_j,auto/LL,RING/LL[0-0],5.846666666666667,0.0011451623293558546,True
all_gather,2gpu_nvlink,2,4096,oop,e_op_j,auto/LL128,RING/LL128[0-0],11.459999999999999,0.0022288922914663694,False
all_gather,2gpu_nvlink,2,4096,oop,e_op_j,auto/Simple,RING/SIMPLE[0-0],14.743333333333332,0.0029227698858708853,False
all_gather,2gpu_nvlink,2,4096,oop,e_op_j,auto/auto,RING/LL[0-0],5.853333333333333,0.001192151366859631,False
all_gather,2gpu_nvlink,2,4096,oop,e_op_dyn_j,Ring/LL,RING/LL[0-0],5.853333333333333,0.0008666777225485089,False
all_gather,2gpu_nvlink,2,4096,oop,e_op_dyn_j,Ring/LL128,RING/LL128[0-0],11.456666666666665,0.0017184564728074609,False
all_gather,2gpu_nvlink,2,4096,oop,e_op_dyn_j,Ring/Simple,RING/SIMPLE[0-0],14.819999999999999,0.0021967336650013498,False
all_gather,2gpu_nvlink,2,4096,oop,e_op_dyn_j,Ring/auto,RING/LL[0-0],5.833333333333333,0.0008646010437931305,True
all_gather,2gpu_nvlink,2,4096,oop,e_op_dyn_j,auto/LL,RING/LL[0-0],5.846666666666667,0.0008509375004580235,True
all_gather,2gpu_nvlink,2,4096,oop,e_op_dyn_j,auto/LL128,RING/LL128[0-0],11.459999999999999,0.0016534616249450935,False
all_gather,2gpu_nvlink,2,4096,oop,e_op_dyn_j,auto/Simple,RING/SIMPLE[0-0],14.743333333333332,0.0021828304580902274,False
all_gather,2gpu_nvlink,2,4096,oop,e_op_dyn_j,auto/auto,RING/LL[0-0],5.853333333333333,0.0008972881801441913,False
all_gather,2gpu_nvlink,2,8192,ip,e_op_j,Ring/LL,RING/LL[0-0],6.333333333333333,0.001271184801187055,False
all_gather,2gpu_nvlink,2,8192,ip,e_op_j,Ring/LL128,RING/LL128[0-0],14.656666666666666,0.0029542196879536503,False
all_gather,2gpu_nvlink,2,8192,ip,e_op_j,Ring/Simple,RING/SIMPLE[0-0],15.266666666666666,0.002994790821020728,False
all_gather,2gpu_nvlink,2,8192,ip,e_op_j,Ring/auto,RING/LL[0-0],6.349999999999999,0.001272504193431988,False
all_gather,2gpu_nvlink,2,8192,ip,e_op_j,auto/LL,RING/LL[0-0],6.336666666666666,0.001261559380001937,True
all_gather,2gpu_nvlink,2,8192,ip,e_op_j,auto/LL128,RING/LL128[0-0],14.61,0.0029115772974076075,False
all_gather,2gpu_nvlink,2,8192,ip,e_op_j,auto/Simple,RING/SIMPLE[0-0],15.226666666666665,0.003044707926519111,False
all_gather,2gpu_nvlink,2,8192,ip,e_op_j,auto/auto,RING/LL[0-0],6.333333333333333,0.0012663319793964516,True
all_gather,2gpu_nvlink,2,8192,ip,e_op_dyn_j,Ring/LL,RING/LL[0-0],6.333333333333333,0.000954907419500519,False
all_gather,2gpu_nvlink,2,8192,ip,e_op_dyn_j,Ring/LL128,RING/LL128[0-0],14.656666666666666,0.0022229572046477794,False
all_gather,2gpu_nvlink,2,8192,ip,e_op_dyn_j,Ring/Simple,RING/SIMPLE[0-0],15.266666666666666,0.002232871858373051,False
all_gather,2gpu_nvlink,2,8192,ip,e_op_dyn_j,Ring/auto,RING/LL[0-0],6.349999999999999,0.0009556913848638481,False
all_gather,2gpu_nvlink,2,8192,ip,e_op_dyn_j,auto/LL,RING/LL[0-0],6.336666666666666,0.0009453568189907342,True
all_gather,2gpu_nvlink,2,8192,ip,e_op_dyn_j,auto/LL128,RING/LL128[0-0],14.61,0.002182706731019852,False
all_gather,2gpu_nvlink,2,8192,ip,e_op_dyn_j,auto/Simple,RING/SIMPLE[0-0],15.226666666666665,0.0022848400718599553,False
all_gather,2gpu_nvlink,2,8192,ip,e_op_dyn_j,auto/auto,RING/LL[0-0],6.333333333333333,0.0009502058260505911,True
all_gather,2gpu_nvlink,2,8192,oop,e_op_j,Ring/LL,RING/LL[0-0],6.463333333333334,0.0012860079637873067,False
all_gather,2gpu_nvlink,2,8192,oop,e_op_j,Ring/LL128,RING/LL128[0-0],15.12,0.003009669164606847,False
all_gather,2gpu_nvlink,2,8192,oop,e_op_j,Ring/Simple,RING/SIMPLE[0-0],15.656666666666666,0.003120264382746117,False
all_gather,2gpu_nvlink,2,8192,oop,e_op_j,Ring/auto,RING/LL[0-0],6.466666666666666,0.0012707546698499537,False
all_gather,2gpu_nvlink,2,8192,oop,e_op_j,auto/LL,RING/LL[0-0],6.45,0.0012696629340378078,True
all_gather,2gpu_nvlink,2,8192,oop,e_op_j,auto/LL128,RING/LL128[0-0],15.020000000000001,0.003045278398322251,False
all_gather,2gpu_nvlink,2,8192,oop,e_op_j,auto/Simple,RING/SIMPLE[0-0],15.593333333333332,0.003079238182693909,False
all_gather,2gpu_nvlink,2,8192,oop,e_op_j,auto/auto,RING/LL[0-0],6.453333333333333,0.001289066450333113,False
all_gather,2gpu_nvlink,2,8192,oop,e_op_dyn_j,Ring/LL,RING/LL[0-0],6.463333333333334,0.0009612988465888188,False
all_gather,2gpu_nvlink,2,8192,oop,e_op_dyn_j,Ring/LL128,RING/LL128[0-0],15.12,0.002250198075729057,False
all_gather,2gpu_nvlink,2,8192,oop,e_op_dyn_j,Ring/Simple,RING/SIMPLE[0-0],15.656666666666666,0.0023349433970372836,False
all_gather,2gpu_nvlink,2,8192,oop,e_op_dyn_j,Ring/auto,RING/LL[0-0],6.466666666666666,0.0009466438671450303,False
all_gather,2gpu_nvlink,2,8192,oop,e_op_dyn_j,auto/LL,RING/LL[0-0],6.45,0.0009459385199436955,True
all_gather,2gpu_nvlink,2,8192,oop,e_op_dyn_j,auto/LL128,RING/LL128[0-0],15.020000000000001,0.0022917974524111063,False
all_gather,2gpu_nvlink,2,8192,oop,e_op_dyn_j,auto/Simple,RING/SIMPLE[0-0],15.593333333333332,0.002296511734572501,False
all_gather,2gpu_nvlink,2,8192,oop,e_op_dyn_j,auto/auto,RING/LL[0-0],6.453333333333333,0.0009643704775283863,False
all_gather,2gpu_nvlink,2,16384,ip,e_op_j,Ring/LL,RING/LL[0-1],6.736666666666667,0.0013552425020211774,False
all_gather,2gpu_nvlink,2,16384,ip,e_op_j,Ring/LL128,RING/LL128[0-0],14.729999999999999,0.002952011568364227,False
all_gather,2gpu_nvlink,2,16384,ip,e_op_j,Ring/Simple,RING/SIMPLE[0-0],17.81,0.003540582010164255,False
all_gather,2gpu_nvlink,2,16384,ip,e_op_j,Ring/auto,RING/LL[0-1],6.756666666666667,0.001365480340178241,False
all_gather,2gpu_nvlink,2,16384,ip,e_op_j,auto/LL,RING/LL[0-1],6.733333333333333,0.001354088530298846,True
all_gather,2gpu_nvlink,2,16384,ip,e_op_j,auto/LL128,RING/LL128[0-0],14.753333333333332,0.002929401747861495,False
all_gather,2gpu_nvlink,2,16384,ip,e_op_j,auto/Simple,RING/SIMPLE[0-0],17.823333333333334,0.003564111481733247,False
all_gather,2gpu_nvlink,2,16384,ip,e_op_j,auto/auto,RING/LL[0-1],6.736666666666667,0.0013477587571400758,True
all_gather,2gpu_nvlink,2,16384,ip,e_op_dyn_j,Ring/LL,RING/LL[0-1],6.736666666666667,0.0010190061559757788,False
all_gather,2gpu_nvlink,2,16384,ip,e_op_dyn_j,Ring/LL128,RING/LL128[0-0],14.729999999999999,0.0022168740255066825,False
all_gather,2gpu_nvlink,2,16384,ip,e_op_dyn_j,Ring/Simple,RING/SIMPLE[0-0],17.81,0.0026518580992090884,False
all_gather,2gpu_nvlink,2,16384,ip,e_op_dyn_j,Ring/auto,RING/LL[0-1],6.756666666666667,0.0010283386645710878,False
all_gather,2gpu_nvlink,2,16384,ip,e_op_dyn_j,auto/LL,RING/LL[0-1],6.733333333333333,0.0010181590490589254,True
all_gather,2gpu_nvlink,2,16384,ip,e_op_dyn_j,auto/LL128,RING/LL128[0-0],14.753333333333332,0.002193123926144078,False
all_gather,2gpu_nvlink,2,16384,ip,e_op_dyn_j,auto/Simple,RING/SIMPLE[0-0],17.823333333333334,0.0026747490931288546,False
all_gather,2gpu_nvlink,2,16384,ip,e_op_dyn_j,auto/auto,RING/LL[0-1],6.736666666666667,0.0010114561192985387,True
all_gather,2gpu_nvlink,2,16384,oop,e_op_j,Ring/LL,RING/LL[0-1],6.796666666666666,0.0013675304746430562,False
all_gather,2gpu_nvlink,2,16384,oop,e_op_j,Ring/LL128,RING/LL128[0-0],15.273333333333333,0.0030836766589294414,False
all_gather,2gpu_nvlink,2,16384,oop,e_op_j,Ring/Simple,RING/SIMPLE[0-0],18.17,0.0036208854113206953,False
all_gather,2gpu_nvlink,2,16384,oop,e_op_j,Ring/auto,RING/LL[0-1],6.813333333333333,0.001374694400820134,False
all_gather,2gpu_nvlink,2,16384,oop,e_op_j,auto/LL,RING/LL[0-1],6.789999999999999,0.0013660102964306961,True
all_gather,2gpu_nvlink,2,16384,oop,e_op_j,auto/LL128,RING/LL128[0-0],15.273333333333333,0.0031164321920618323,False
all_gather,2gpu_nvlink,2,16384,oop,e_op_j,auto/Simple,RING/SIMPLE[0-0],18.223333333333333,0.0036062095894525505,False
all_gather,2gpu_nvlink,2,16384,oop,e_op_j,auto/auto,RING/LL[0-1],6.816666666666666,0.0013515886455303784,True
all_gather,2gpu_nvlink,2,16384,oop,e_op_dyn_j,Ring/LL,RING/LL[0-1],6.796666666666666,0.0010263301843492431,False
all_gather,2gpu_nvlink,2,16384,oop,e_op_dyn_j,Ring/LL128,RING/LL128[0-0],15.273333333333333,0.002316362187617535,False
all_gather,2gpu_nvlink,2,16384,oop,e_op_dyn_j,Ring/Simple,RING/SIMPLE[0-0],18.17,0.0027093965034081786,False
all_gather,2gpu_nvlink,2,16384,oop,e_op_dyn_j,Ring/auto,RING/LL[0-1],6.813333333333333,0.0010325492685619583,False
all_gather,2gpu_nvlink,2,16384,oop,e_op_dyn_j,auto/LL,RING/LL[0-1],6.789999999999999,0.0010247097663175207,True
all_gather,2gpu_nvlink,2,16384,oop,e_op_dyn_j,auto/LL128,RING/LL128[0-0],15.273333333333333,0.0023509010839176687,False
all_gather,2gpu_nvlink,2,16384,oop,e_op_dyn_j,auto/Simple,RING/SIMPLE[0-0],18.223333333333333,0.0026917537550380805,False
all_gather,2gpu_nvlink,2,16384,oop,e_op_dyn_j,auto/auto,RING/LL[0-1],6.816666666666666,0.0010085445286071198,True
all_gather,2gpu_nvlink,2,32768,ip,e_op_j,Ring/LL,RING/LL[0-3],7.146666666666666,0.0014761863898617885,False
all_gather,2gpu_nvlink,2,32768,ip,e_op_j,Ring/LL128,RING/LL128[0-1],15.08333333333333,0.003096559578308643,False
all_gather,2gpu_nvlink,2,32768,ip,e_op_j,Ring/Simple,RING/SIMPLE[0-0],21.929999999999996,0.004410458977099731,False
all_gather,2gpu_nvlink,2,32768,ip,e_op_j,Ring/auto,RING/LL[0-3],7.129999999999999,0.0014573404598584832,True
all_gather,2gpu_nvlink,2,32768,ip,e_op_j,auto/LL,RING/LL[0-3],7.156666666666666,0.001467028816320601,False
all_gather,2gpu_nvlink,2,32768,ip,e_op_j,auto/LL128,RING/LL128[0-1],15.096666666666666,0.0031777111356318098,False
all_gather,2gpu_nvlink,2,32768,ip,e_op_j,auto/Simple,RING/SIMPLE[0-0],21.95,0.004359154085207185,False
all_gather,2gpu_nvlink,2,32768,ip,e_op_j,auto/auto,RING/LL[0-3],7.150000000000001,0.0014588312020326923,False
all_gather,2gpu_nvlink,2,32768,ip,e_op_dyn_j,Ring/LL,RING/LL[0-3],7.146666666666666,0.0011193822482446273,False
all_gather,2gpu_nvlink,2,32768,ip,e_op_dyn_j,Ring/LL128,RING/LL128[0-1],15.08333333333333,0.0023438982405135237,False
all_gather,2gpu_nvlink,2,32768,ip,e_op_dyn_j,Ring/Simple,RING/SIMPLE[0-0],21.929999999999996,0.003315960214284997,False
all_gather,2gpu_nvlink,2,32768,ip,e_op_dyn_j,Ring/auto,RING/LL[0-3],7.129999999999999,0.0011014969155599508,True
all_gather,2gpu_nvlink,2,32768,ip,e_op_dyn_j,auto/LL,RING/LL[0-3],7.156666666666666,0.0011100122393854711,False
all_gather,2gpu_nvlink,2,32768,ip,e_op_dyn_j,auto/LL128,RING/LL128[0-1],15.096666666666666,0.0024244198844619335,False
all_gather,2gpu_nvlink,2,32768,ip,e_op_dyn_j,auto/Simple,RING/SIMPLE[0-0],21.95,0.0032638008470224043,False
all_gather,2gpu_nvlink,2,32768,ip,e_op_dyn_j,auto/auto,RING/LL[0-3],7.150000000000001,0.001102142531593417,False
all_gather,2gpu_nvlink,2,32768,oop,e_op_j,Ring/LL,RING/LL[0-3],7.136666666666667,0.0014683276230673557,True
all_gather,2gpu_nvlink,2,32768,oop,e_op_j,Ring/LL128,RING/LL128[0-1],15.646666666666667,0.003182349551885412,False
all_gather,2gpu_nvlink,2,32768,oop,e_op_j,Ring/Simple,RING/SIMPLE[0-0],22.35666666666667,0.004511194247400641,False
all_gather,2gpu_nvlink,2,32768,oop,e_op_j,Ring/auto,RING/LL[0-3],7.113333333333332,0.0014738181654277707,True
all_gather,2gpu_nvlink,2,32768,oop,e_op_j,auto/LL,RING/LL[0-3],7.146666666666667,0.0014636511741327608,False
all_gather,2gpu_nvlink,2,32768,oop,e_op_j,auto/LL128,RING/LL128[0-1],15.659999999999998,0.003162985177011619,False
all_gather,2gpu_nvlink,2,32768,oop,e_op_j,auto/Simple,RING/SIMPLE[0-0],22.416666666666668,0.004483008143517753,False
all_gather,2gpu_nvlink,2,32768,oop,e_op_j,auto/auto,RING/LL[0-3],7.1433333333333335,0.0014589564192062272,True
all_gather,2gpu_nvlink,2,32768,oop,e_op_dyn_j,Ring/LL,RING/LL[0-3],7.136666666666667,0.001110010217974292,True
all_gather,2gpu_nvlink,2,32768,oop,e_op_dyn_j,Ring/LL128,RING/LL128[0-1],15.646666666666667,0.0023964534435998654,False
all_gather,2gpu_nvlink,2,32768,oop,e_op_dyn_j,Ring/Simple,RING/SIMPLE[0-0],22.35666666666667,0.0033891814887980526,False
all_gather,2gpu_nvlink,2,32768,oop,e_op_dyn_j,Ring/auto,RING/LL[0-3],7.113333333333332,0.0011166067596100706,True
all_gather,2gpu_nvlink,2,32768,oop,e_op_dyn_j,auto/LL,RING/LL[0-3],7.146666666666667,0.0011042928908861407,False
all_gather,2gpu_nvlink,2,32768,oop,e_op_dyn_j,auto/LL128,RING/LL128[0-1],15.659999999999998,0.0023767859541060873,False
all_gather,2gpu_nvlink,2,32768,oop,e_op_dyn_j,auto/Simple,RING/SIMPLE[0-0],22.416666666666668,0.0033573922345156355,False
all_gather,2gpu_nvlink,2,32768,oop,e_op_dyn_j,auto/auto,RING/LL[0-3],7.1433333333333335,0.0011004720210522408,True
all_gather,2gpu_nvlink,2,65536,ip,e_op_j,Ring/LL,RING/LL[0-3],7.849999999999999,0.0016418682607570985,True
all_gather,2gpu_nvlink,2,65536,ip,e_op_j,Ring/LL128,RING/LL128[0-3],15.233333333333333,0.0032255861386721357,False
all_gather,2gpu_nvlink,2,65536,ip,e_op_j,Ring/Simple,RING/SIMPLE[0-1],22.38,0.004587314455957183,False
all_gather,2gpu_nvlink,2,65536,ip,e_op_j,Ring/auto,RING/LL[0-3],7.866666666666666,0.001612332540948034,True
all_gather,2gpu_nvlink,2,65536,ip,e_op_j,auto/LL,RING/LL[0-3],7.8566666666666665,0.0016694734889705148,False
all_gather,2gpu_nvlink,2,65536,ip,e_op_j,auto/LL128,RING/LL128[0-3],15.303333333333333,0.003213948688410493,False
all_gather,2gpu_nvlink,2,65536,ip,e_op_j,auto/Simple,RING/SIMPLE[0-1],22.376666666666665,0.004569693372898121,False
all_gather,2gpu_nvlink,2,65536,ip,e_op_j,auto/auto,RING/LL[0-3],7.863333333333332,0.0016478857116157368,False
all_gather,2gpu_nvlink,2,65536,ip,e_op_dyn_j,Ring/LL,RING/LL[0-3],7.849999999999999,0.001250133453741087,True
all_gather,2gpu_nvlink,2,65536,ip,e_op_dyn_j,Ring/LL128,RING/LL128[0-3],15.233333333333333,0.0024652889282401613,False
all_gather,2gpu_nvlink,2,65536,ip,e_op_dyn_j,Ring/Simple,RING/SIMPLE[0-1],22.38,0.003470457009324863,False
all_gather,2gpu_nvlink,2,65536,ip,e_op_dyn_j,Ring/auto,RING/LL[0-3],7.866666666666666,0.0012197532585784818,True
all_gather,2gpu_nvlink,2,65536,ip,e_op_dyn_j,auto/LL,RING/LL[0-3],7.8566666666666665,0.001277404383806428,False
all_gather,2gpu_nvlink,2,65536,ip,e_op_dyn_j,auto/LL128,RING/LL128[0-3],15.303333333333333,0.0024502983059279462,False
all_gather,2gpu_nvlink,2,65536,ip,e_op_dyn_j,auto/Simple,RING/SIMPLE[0-1],22.376666666666665,0.003452990604414804,False
all_gather,2gpu_nvlink,2,65536,ip,e_op_dyn_j,auto/auto,RING/LL[0-3],7.863333333333332,0.001255417280959661,False
all_gather,2gpu_nvlink,2,65536,oop,e_op_j,Ring/LL,RING/LL[0-3],8.006666666666666,0.0016451400675858436,True
all_gather,2gpu_nvlink,2,65536,oop,e_op_j,Ring/LL128,RING/LL128[0-3],15.783333333333331,0.003343363961724698,False
all_gather,2gpu_nvlink,2,65536,oop,e_op_j,Ring/Simple,RING/SIMPLE[0-1],22.84,0.004659475599145773,False
all_gather,2gpu_nvlink,2,65536,oop,e_op_j,Ring/auto,RING/LL[0-3],8.026666666666667,0.0016660163339923609,False
all_gather,2gpu_nvlink,2,65536,oop,e_op_j,auto/LL,RING/LL[0-3],8.013333333333334,0.0016554440730971191,False
all_gather,2gpu_nvlink,2,65536,oop,e_op_j,auto/LL128,RING/LL128[0-3],15.833333333333334,0.0033939448484412126,False
all_gather,2gpu_nvlink,2,65536,oop,e_op_j,auto/Simple,RING/SIMPLE[0-1],22.78666666666666,0.004668430596768876,False
all_gather,2gpu_nvlink,2,65536,oop,e_op_j,auto/auto,RING/LL[0-3],8.026666666666666,0.0016665206522754883,False
all_gather,2gpu_nvlink,2,65536,oop,e_op_dyn_j,Ring/LL,RING/LL[0-3],8.006666666666666,0.0012430387416727871,True
all_gather,2gpu_nvlink,2,65536,oop,e_op_dyn_j,Ring/LL128,RING/LL128[0-3],15.783333333333331,0.0025517127962811554,False
all_gather,2gpu_nvlink,2,65536,oop,e_op_dyn_j,Ring/Simple,RING/SIMPLE[0-1],22.84,0.0035112800764197857,False
all_gather,2gpu_nvlink,2,65536,oop,e_op_dyn_j,Ring/auto,RING/LL[0-3],8.026666666666667,0.0012631366501276089,False
all_gather,2gpu_nvlink,2,65536,oop,e_op_dyn_j,auto/LL,RING/LL[0-3],8.013333333333334,0.0012526507941101278,False
all_gather,2gpu_nvlink,2,65536,oop,e_op_dyn_j,auto/LL128,RING/LL128[0-3],15.833333333333334,0.0025994129661062425,False
all_gather,2gpu_nvlink,2,65536,oop,e_op_dyn_j,auto/Simple,RING/SIMPLE[0-1],22.78666666666666,0.0035239920776152928,False
all_gather,2gpu_nvlink,2,65536,oop,e_op_dyn_j,auto/auto,RING/LL[0-3],8.026666666666666,0.0012631108607942948,False
all_gather,2gpu_nvlink,2,131072,ip,e_op_j,Ring/LL,RING/LL[0-3],9.293333333333333,0.0019988766906024694,False
all_gather,2gpu_nvlink,2,131072,ip,e_op_j,Ring/LL128,RING/LL128[0-3],16.003333333333334,0.0033906833600795554,False
all_gather,2gpu_nvlink,2,131072,ip,e_op_j,Ring/Simple,RING/SIMPLE[0-3],22.593333333333334,0.0047446137764817105,False
all_gather,2gpu_nvlink,2,131072,ip,e_op_j,Ring/auto,RING/LL[0-3],9.31,0.0019518659025474932,False
all_gather,2gpu_nvlink,2,131072,ip,e_op_j,auto/LL,RING/LL[0-3],9.29,0.0019629634455679487,True
all_gather,2gpu_nvlink,2,131072,ip,e_op_j,auto/LL128,RING/LL128[0-3],16.01,0.00348200825524478,False
all_gather,2gpu_nvlink,2,131072,ip,e_op_j,auto/Simple,RING/SIMPLE[0-3],22.633333333333336,0.004757185520724766,False
all_gather,2gpu_nvlink,2,131072,ip,e_op_j,auto/auto,RING/LL[0-3],9.293333333333333,0.0019483923736708815,True
all_gather,2gpu_nvlink,2,131072,ip,e_op_dyn_j,Ring/LL,RING/LL[0-3],9.293333333333333,0.0015351206385017385,False
all_gather,2gpu_nvlink,2,131072,ip,e_op_dyn_j,Ring/LL128,RING/LL128[0-3],16.003333333333334,0.0025921198593823395,False
all_gather,2gpu_nvlink,2,131072,ip,e_op_dyn_j,Ring/Simple,RING/SIMPLE[0-3],22.593333333333334,0.003617086087930541,False
all_gather,2gpu_nvlink,2,131072,ip,e_op_dyn_j,Ring/auto,RING/LL[0-3],9.31,0.001487238494949867,False
all_gather,2gpu_nvlink,2,131072,ip,e_op_dyn_j,auto/LL,RING/LL[0-3],9.29,0.0014994274516961154,True
all_gather,2gpu_nvlink,2,131072,ip,e_op_dyn_j,auto/LL128,RING/LL128[0-3],16.01,0.0026830365247188046,False
all_gather,2gpu_nvlink,2,131072,ip,e_op_dyn_j,auto/Simple,RING/SIMPLE[0-3],22.633333333333336,0.00362764879381179,False
all_gather,2gpu_nvlink,2,131072,ip,e_op_dyn_j,auto/auto,RING/LL[0-3],9.293333333333333,0.0014845384253012845,True
all_gather,2gpu_nvlink,2,131072,oop,e_op_j,Ring/LL,RING/LL[0-3],10.053333333333335,0.0020927195873438535,True
all_gather,2gpu_nvlink,2,131072,oop,e_op_j,Ring/LL128,RING/LL128[0-3],16.439999999999998,0.0035014810573123223,False
all_gather,2gpu_nvlink,2,131072,oop,e_op_j,Ring/Simple,RING/SIMPLE[0-3],23.013333333333332,0.004850207725801942,False
all_gather,2gpu_nvlink,2,131072,oop,e_op_j,Ring/auto,RING/LL[0-3],10.046666666666667,0.0021223382249594513,True
all_gather,2gpu_nvlink,2,131072,oop,e_op_j,auto/LL,RING/LL[0-3],10.049999999999999,0.0020994619919617315,True
all_gather,2gpu_nvlink,2,131072,oop,e_op_j,auto/LL128,RING/LL128[0-3],16.433333333333334,0.0034639632279285866,False
all_gather,2gpu_nvlink,2,131072,oop,e_op_j,auto/Simple,RING/SIMPLE[0-3],23.046666666666667,0.0048682654533793,False
all_gather,2gpu_nvlink,2,131072,oop,e_op_j,auto/auto,RING/LL[0-3],10.036666666666667,0.0021421298260500634,True
all_gather,2gpu_nvlink,2,131072,oop,e_op_dyn_j,Ring/LL,RING/LL[0-3],10.053333333333335,0.0015874148500147798,True
all_gather,2gpu_nvlink,2,131072,oop,e_op_dyn_j,Ring/LL128,RING/LL128[0-3],16.439999999999998,0.002675880625857909,False
all_gather,2gpu_nvlink,2,131072,oop,e_op_dyn_j,Ring/Simple,RING/SIMPLE[0-3],23.013333333333332,0.003696271021717151,False
all_gather,2gpu_nvlink,2,131072,oop,e_op_dyn_j,Ring/auto,RING/LL[0-3],10.046666666666667,0.0016188409343048946,True
all_gather,2gpu_nvlink,2,131072,oop,e_op_dyn_j,auto/LL,RING/LL[0-3],10.049999999999999,0.0015950976934728585,True
all_gather,2gpu_nvlink,2,131072,oop,e_op_dyn_j,auto/LL128,RING/LL128[0-3],16.433333333333334,0.0026392776910756526,False
all_gather,2gpu_nvlink,2,131072,oop,e_op_dyn_j,auto/Simple,RING/SIMPLE[0-3],23.046666666666667,0.003711634914001839,False
all_gather,2gpu_nvlink,2,131072,oop,e_op_dyn_j,auto/auto,RING/LL[0-3],10.036666666666667,0.0016383139243664928,True
all_gather,2gpu_nvlink,2,262144,ip,e_op_j,Ring/LL,RING/LL[0-3],13.473333333333334,0.0028929068934141766,False
all_gather,2gpu_nvlink,2,262144,ip,e_op_j,Ring/LL128,RING/LL128[0-3],18.313333333333336,0.003926180159074713,False
all_gather,2gpu_nvlink,2,262144,ip,e_op_j,Ring/Simple,RING/SIMPLE[0-3],24.233333333333334,0.005118310115633251,False
all_gather,2gpu_nvlink,2,262144,ip,e_op_j,Ring/auto,RING/LL[0-3],13.453333333333331,0.0028556669301839995,True
all_gather,2gpu_nvlink,2,262144,ip,e_op_j,auto/LL,RING/LL[0-3],13.483333333333333,0.0028581896629646815,False
all_gather,2gpu_nvlink,2,262144,ip,e_op_j,auto/LL128,RING/LL128[0-3],18.266666666666666,0.003909965080168639,False
all_gather,2gpu_nvlink,2,262144,ip,e_op_j,auto/Simple,RING/SIMPLE[0-3],24.21666666666667,0.005039723587355409,False
all_gather,2gpu_nvlink,2,262144,ip,e_op_j,auto/auto,RING/LL[0-3],13.459999999999999,0.002896699193958815,False
all_gather,2gpu_nvlink,2,262144,ip,e_op_dyn_j,Ring/LL,RING/LL[0-3],13.473333333333334,0.00222052673301578,False
all_gather,2gpu_nvlink,2,262144,ip,e_op_dyn_j,Ring/LL128,RING/LL128[0-3],18.313333333333336,0.0030123488997831683,False
all_gather,2gpu_nvlink,2,262144,ip,e_op_dyn_j,Ring/Simple,RING/SIMPLE[0-3],24.233333333333334,0.003908992074889545,False
all_gather,2gpu_nvlink,2,262144,ip,e_op_dyn_j,Ring/auto,RING/LL[0-3],13.453333333333331,0.0021844322811576506,True
all_gather,2gpu_nvlink,2,262144,ip,e_op_dyn_j,auto/LL,RING/LL[0-3],13.483333333333333,0.0021854189163168546,False
all_gather,2gpu_nvlink,2,262144,ip,e_op_dyn_j,auto/LL128,RING/LL128[0-3],18.266666666666666,0.002998397616291752,False
all_gather,2gpu_nvlink,2,262144,ip,e_op_dyn_j,auto/Simple,RING/SIMPLE[0-3],24.21666666666667,0.0038311994450242423,False
all_gather,2gpu_nvlink,2,262144,ip,e_op_dyn_j,auto/auto,RING/LL[0-3],13.459999999999999,0.0022251764690927175,False
all_gather,2gpu_nvlink,2,262144,oop,e_op_j,Ring/LL,RING/LL[0-3],13.953333333333333,0.0030271175044890527,True
all_gather,2gpu_nvlink,2,262144,oop,e_op_j,Ring/LL128,RING/LL128[0-3],18.983333333333334,0.004124185308661189,False
all_gather,2gpu_nvlink,2,262144,oop,e_op_j,Ring/Simple,RING/SIMPLE[0-3],24.69333333333333,0.005229554766457252,False
all_gather,2gpu_nvlink,2,262144,oop,e_op_j,Ring/auto,RING/LL[0-3],13.936666666666666,0.0030631898471398314,True
all_gather,2gpu_nvlink,2,262144,oop,e_op_j,auto/LL,RING/LL[0-3],13.953333333333333,0.0030799311426740667,False
all_gather,2gpu_nvlink,2,262144,oop,e_op_j,auto/LL128,RING/LL128[0-3],18.983333333333334,0.004059140531227801,False
all_gather,2gpu_nvlink,2,262144,oop,e_op_j,auto/Simple,RING/SIMPLE[0-3],24.656666666666666,0.005298921246718315,False
all_gather,2gpu_nvlink,2,262144,oop,e_op_j,auto/auto,RING/LL[0-3],13.926666666666668,0.0030953530428205604,True
all_gather,2gpu_nvlink,2,262144,oop,e_op_dyn_j,Ring/LL,RING/LL[0-3],13.953333333333333,0.0023271217438512854,True
all_gather,2gpu_nvlink,2,262144,oop,e_op_dyn_j,Ring/LL128,RING/LL128[0-3],18.983333333333334,0.0031690584412360566,False
all_gather,2gpu_nvlink,2,262144,oop,e_op_dyn_j,Ring/Simple,RING/SIMPLE[0-3],24.69333333333333,0.003989088241457017,False
all_gather,2gpu_nvlink,2,262144,oop,e_op_dyn_j,Ring/auto,RING/LL[0-3],13.936666666666666,0.002363627097007505,True
all_gather,2gpu_nvlink,2,262144,oop,e_op_dyn_j,auto/LL,RING/LL[0-3],13.953333333333333,0.002379499057314196,False
all_gather,2gpu_nvlink,2,262144,oop,e_op_dyn_j,auto/LL128,RING/LL128[0-3],18.983333333333334,0.003105983833082878,False
all_gather,2gpu_nvlink,2,262144,oop,e_op_dyn_j,auto/Simple,RING/SIMPLE[0-3],24.656666666666666,0.004060565008377339,False
all_gather,2gpu_nvlink,2,262144,oop,e_op_dyn_j,auto/auto,RING/LL[0-3],13.926666666666668,0.002396914780861773,True
all_gather,2gpu_nvlink,2,524288,ip,e_op_j,Ring/LL,RING/LL[0-3],21.213333333333328,0.00467427231768145,True
all_gather,2gpu_nvlink,2,524288,ip,e_op_j,Ring/LL128,RING/LL128[0-3],22.99,0.005220950313654019,False
all_gather,2gpu_nvlink,2,524288,ip,e_op_j,Ring/Simple,RING/SIMPLE[0-3],28.26,0.006003069066576105,False
all_gather,2gpu_nvlink,2,524288,ip,e_op_j,Ring/auto,RING/SIMPLE[0-3],28.27,0.006121289441378935,False
all_gather,2gpu_nvlink,2,524288,ip,e_op_j,auto/LL,RING/LL[0-3],21.229999999999993,0.004707256574614038,False
all_gather,2gpu_nvlink,2,524288,ip,e_op_j,auto/LL128,RING/LL128[0-3],22.99,0.0051002909388960585,False
all_gather,2gpu_nvlink,2,524288,ip,e_op_j,auto/Simple,RING/SIMPLE[0-3],28.24,0.005973597942303812,False
all_gather,2gpu_nvlink,2,524288,ip,e_op_j,auto/auto,RING/SIMPLE[0-3],28.26,0.006125277385515433,False
all_gather,2gpu_nvlink,2,524288,ip,e_op_dyn_j,Ring/LL,RING/LL[0-3],21.213333333333328,0.0036155311235396147,True
all_gather,2gpu_nvlink,2,524288,ip,e_op_dyn_j,Ring/LL128,RING/LL128[0-3],22.99,0.004073853015784104,False
all_gather,2gpu_nvlink,2,524288,ip,e_op_dyn_j,Ring/Simple,RING/SIMPLE[0-3],28.26,0.004592703316027481,False
all_gather,2gpu_nvlink,2,524288,ip,e_op_dyn_j,Ring/auto,RING/SIMPLE[0-3],28.27,0.004710560257015064,False
all_gather,2gpu_nvlink,2,524288,ip,e_op_dyn_j,auto/LL,RING/LL[0-3],21.229999999999993,0.0036477968976659485,False
all_gather,2gpu_nvlink,2,524288,ip,e_op_dyn_j,auto/LL128,RING/LL128[0-3],22.99,0.003952959671547526,False
all_gather,2gpu_nvlink,2,524288,ip,e_op_dyn_j,auto/Simple,RING/SIMPLE[0-3],28.24,0.004564467083567649,False
all_gather,2gpu_nvlink,2,524288,ip,e_op_dyn_j,auto/auto,RING/SIMPLE[0-3],28.26,0.004715043022022955,False
all_gather,2gpu_nvlink,2,524288,oop,e_op_j,Ring/LL,RING/LL[0-3],22.28333333333333,0.004948796120314003,True
all_gather,2gpu_nvlink,2,524288,oop,e_op_j,Ring/LL128,RING/LL128[0-3],23.543333333333333,0.005247209878565724,False
all_gather,2gpu_nvlink,2,524288,oop,e_op_j,Ring/Simple,RING/SIMPLE[0-3],29.143333333333334,0.006363646654843214,False
all_gather,2gpu_nvlink,2,524288,oop,e_op_j,Ring/auto,RING/SIMPLE[0-3],29.146666666666665,0.006276436355409194,False
all_gather,2gpu_nvlink,2,524288,oop,e_op_j,auto/LL,RING/LL[0-3],22.243333333333336,0.004991961058364258,True
all_gather,2gpu_nvlink,2,524288,oop,e_op_j,auto/LL128,RING/LL128[0-3],23.539999999999996,0.005325753342071661,False
all_gather,2gpu_nvlink,2,524288,oop,e_op_j,auto/Simple,RING/SIMPLE[0-3],29.13,0.006396442740905117,False
all_gather,2gpu_nvlink,2,524288,oop,e_op_j,auto/auto,RING/SIMPLE[0-3],29.13333333333333,0.0063942951045659335,False
all_gather,2gpu_nvlink,2,524288,oop,e_op_dyn_j,Ring/LL,RING/LL[0-3],22.28333333333333,0.003830988145611095,True
all_gather,2gpu_nvlink,2,524288,oop,e_op_dyn_j,Ring/LL128,RING/LL128[0-3],23.543333333333333,0.004065292856976297,False
all_gather,2gpu_nvlink,2,524288,oop,e_op_dyn_j,Ring/Simple,RING/SIMPLE[0-3],29.143333333333334,0.0048999271685481955,False
all_gather,2gpu_nvlink,2,524288,oop,e_op_dyn_j,Ring/auto,RING/SIMPLE[0-3],29.146666666666665,0.004811840332932083,False
all_gather,2gpu_nvlink,2,524288,oop,e_op_dyn_j,auto/LL,RING/LL[0-3],22.243333333333336,0.0038755795549051584,True
all_gather,2gpu_nvlink,2,524288,oop,e_op_dyn_j,auto/LL128,RING/LL128[0-3],23.539999999999996,0.004145157195044369,False
all_gather,2gpu_nvlink,2,524288,oop,e_op_dyn_j,auto/Simple,RING/SIMPLE[0-3],29.13,0.004933272542308576,False
all_gather,2gpu_nvlink,2,524288,oop,e_op_dyn_j,auto/auto,RING/SIMPLE[0-3],29.13333333333333,0.0049312696728028476,False
all_gather,2gpu_nvlink,2,1048576,ip,e_op_j,Ring/LL,RING/LL[0-3],34.89333333333333,0.00795810032405677,False
all_gather,2gpu_nvlink,2,1048576,ip,e_op_j,Ring/LL128,RING/LL128[0-3],32.013333333333335,0.007321476859074363,True
all_gather,2gpu_nvlink,2,1048576,ip,e_op_j,Ring/Simple,RING/SIMPLE[0-3],35.736666666666665,0.00801009774444193,False
all_gather,2gpu_nvlink,2,1048576,ip,e_op_j,Ring/auto,RING/SIMPLE[0-3],35.77333333333333,0.007996905028114011,False
all_gather,2gpu_nvlink,2,1048576,ip,e_op_j,auto/LL,RING/LL[0-3],34.843333333333334,0.008019378713289246,False
all_gather,2gpu_nvlink,2,1048576,ip,e_op_j,auto/LL128,RING/LL128[0-3],32.09333333333333,0.007299096433137489,True
all_gather,2gpu_nvlink,2,1048576,ip,e_op_j,auto/Simple,RING/SIMPLE[0-3],35.73333333333334,0.008096352056890811,False
all_gather,2gpu_nvlink,2,1048576,ip,e_op_j,auto/auto,RING/SIMPLE[0-3],35.76,0.00806410150141189,False
all_gather,2gpu_nvlink,2,1048576,ip,e_op_dyn_j,Ring/LL,RING/LL[0-3],34.89333333333333,0.006216793644331176,False
all_gather,2gpu_nvlink,2,1048576,ip,e_op_dyn_j,Ring/LL128,RING/LL128[0-3],32.013333333333335,0.005723615265116495,True
all_gather,2gpu_nvlink,2,1048576,ip,e_op_dyn_j,Ring/Simple,RING/SIMPLE[0-3],35.736666666666665,0.006226621005606429,False
all_gather,2gpu_nvlink,2,1048576,ip,e_op_dyn_j,Ring/auto,RING/SIMPLE[0-3],35.77333333333333,0.00621170132029851,False
all_gather,2gpu_nvlink,2,1048576,ip,e_op_dyn_j,auto/LL,RING/LL[0-3],34.843333333333334,0.006280583328766194,False
all_gather,2gpu_nvlink,2,1048576,ip,e_op_dyn_j,auto/LL128,RING/LL128[0-3],32.09333333333333,0.005697460125113776,True
all_gather,2gpu_nvlink,2,1048576,ip,e_op_dyn_j,auto/Simple,RING/SIMPLE[0-3],35.73333333333334,0.006313006067942388,False
all_gather,2gpu_nvlink,2,1048576,ip,e_op_dyn_j,auto/auto,RING/SIMPLE[0-3],35.76,0.006279470756987312,False
all_gather,2gpu_nvlink,2,1048576,oop,e_op_j,Ring/LL,RING/LL[0-3],38.86666666666667,0.009010976629792238,False
all_gather,2gpu_nvlink,2,1048576,oop,e_op_j,Ring/LL128,RING/LL128[0-3],32.556666666666665,0.007680480310121495,True
all_gather,2gpu_nvlink,2,1048576,oop,e_op_j,Ring/Simple,RING/SIMPLE[0-3],37.36666666666667,0.008556038709816473,False
all_gather,2gpu_nvlink,2,1048576,oop,e_op_j,Ring/auto,RING/SIMPLE[0-3],37.4,0.008493078173696518,False
all_gather,2gpu_nvlink,2,1048576,oop,e_op_j,auto/LL,RING/LL[0-3],38.85333333333333,0.008896763253183773,False
all_gather,2gpu_nvlink,2,1048576,oop,e_op_j,auto/LL128,RING/LL128[0-3],32.629999999999995,0.007731678470017573,False
all_gather,2gpu_nvlink,2,1048576,oop,e_op_j,auto/Simple,RING/SIMPLE[0-3],37.303333333333335,0.008676011567197767,False
all_gather,2gpu_nvlink,2,1048576,oop,e_op_j,auto/auto,RING/SIMPLE[0-3],37.39333333333333,0.008567353547410244,False
all_gather,2gpu_nvlink,2,1048576,oop,e_op_dyn_j,Ring/LL,RING/LL[0-3],38.86666666666667,0.007062102368203631,False
all_gather,2gpu_nvlink,2,1048576,oop,e_op_dyn_j,Ring/LL128,RING/LL128[0-3],32.556666666666665,0.0060472995240237635,True
all_gather,2gpu_nvlink,2,1048576,oop,e_op_dyn_j,Ring/Simple,RING/SIMPLE[0-3],37.36666666666667,0.006681756517684957,False
all_gather,2gpu_nvlink,2,1048576,oop,e_op_dyn_j,Ring/auto,RING/SIMPLE[0-3],37.4,0.006616229443467646,False
all_gather,2gpu_nvlink,2,1048576,oop,e_op_dyn_j,auto/LL,RING/LL[0-3],38.85333333333333,0.006947856477606204,False
all_gather,2gpu_nvlink,2,1048576,oop,e_op_dyn_j,auto/LL128,RING/LL128[0-3],32.629999999999995,0.006093843197301857,False
all_gather,2gpu_nvlink,2,1048576,oop,e_op_dyn_j,auto/Simple,RING/SIMPLE[0-3],37.303333333333335,0.006803442521583907,False
all_gather,2gpu_nvlink,2,1048576,oop,e_op_dyn_j,auto/auto,RING/SIMPLE[0-3],37.39333333333333,0.006690664794181615,False
all_gather,2gpu_nvlink,2,2097152,ip,e_op_j,Ring/LL,RING/LL[0-3],58.923333333333325,0.013938755183199064,False
all_gather,2gpu_nvlink,2,2097152,ip,e_op_j,Ring/LL128,RING/LL128[0-3],49.703333333333326,0.011891898055313092,False
all_gather,2gpu_nvlink,2,2097152,ip,e_op_j,Ring/Simple,RING/SIMPLE[0-3],49.67666666666667,0.0117557503636919,True
all_gather,2gpu_nvlink,2,2097152,ip,e_op_j,Ring/auto,RING/SIMPLE[0-3],49.699999999999996,0.011634783941389351,True
all_gather,2gpu_nvlink,2,2097152,ip,e_op_j,auto/LL,RING/LL[0-3],58.98666666666666,0.013929613764338497,False
all_gather,2gpu_nvlink,2,2097152,ip,e_op_j,auto/LL128,RING/LL128[0-3],49.666666666666664,0.011830145430933997,True
all_gather,2gpu_nvlink,2,2097152,ip,e_op_j,auto/Simple,RING/SIMPLE[0-3],49.76,0.011717043883556502,False
all_gather,2gpu_nvlink,2,2097152,ip,e_op_j,auto/auto,RING/SIMPLE[0-3],49.873333333333335,0.011800769752058668,False
all_gather,2gpu_nvlink,2,2097152,ip,e_op_dyn_j,Ring/LL,RING/LL[0-3],58.923333333333325,0.010998049975765157,False
all_gather,2gpu_nvlink,2,2097152,ip,e_op_dyn_j,Ring/LL128,RING/LL128[0-3],49.703333333333326,0.0094113506963597,False
all_gather,2gpu_nvlink,2,2097152,ip,e_op_dyn_j,Ring/Simple,RING/SIMPLE[0-3],49.67666666666667,0.009276857175413595,True
all_gather,2gpu_nvlink,2,2097152,ip,e_op_dyn_j,Ring/auto,RING/SIMPLE[0-3],49.699999999999996,0.00915459373017575,True
all_gather,2gpu_nvlink,2,2097152,ip,e_op_dyn_j,auto/LL,RING/LL[0-3],58.98666666666666,0.010985766279306523,False
all_gather,2gpu_nvlink,2,2097152,ip,e_op_dyn_j,auto/LL128,RING/LL128[0-3],49.666666666666664,0.009351577924055698,True
all_gather,2gpu_nvlink,2,2097152,ip,e_op_dyn_j,auto/Simple,RING/SIMPLE[0-3],49.76,0.009233928547755331,False
all_gather,2gpu_nvlink,2,2097152,ip,e_op_dyn_j,auto/auto,RING/SIMPLE[0-3],49.873333333333335,0.009312014596451208,False
all_gather,2gpu_nvlink,2,2097152,oop,e_op_j,Ring/LL,RING/LL[0-3],71.99,0.017753053614195057,False
all_gather,2gpu_nvlink,2,2097152,oop,e_op_j,Ring/LL128,RING/LL128[0-3],50.699999999999996,0.013032524161142435,True
all_gather,2gpu_nvlink,2,2097152,oop,e_op_j,Ring/Simple,RING/SIMPLE[0-3],52.14666666666667,0.012749866975873008,True
all_gather,2gpu_nvlink,2,2097152,oop,e_op_j,Ring/auto,RING/SIMPLE[0-3],52.07333333333333,0.012751310994087392,True
all_gather,2gpu_nvlink,2,2097152,oop,e_op_j,auto/LL,RING/LL[0-3],71.91666666666667,0.017827384580257667,False
all_gather,2gpu_nvlink,2,2097152,oop,e_op_j,auto/LL128,RING/LL128[0-3],50.75,0.012790208641366846,True
all_gather,2gpu_nvlink,2,2097152,oop,e_op_j,auto/Simple,RING/SIMPLE[0-3],52.19,0.012735482087135125,True
all_gather,2gpu_nvlink,2,2097152,oop,e_op_j,auto/auto,RING/SIMPLE[0-3],51.94333333333333,0.012824997731236123,False
all_gather,2gpu_nvlink,2,2097152,oop,e_op_dyn_j,Ring/LL,RING/LL[0-3],71.99,0.014147346690132791,False
all_gather,2gpu_nvlink,2,2097152,oop,e_op_dyn_j,Ring/LL128,RING/LL128[0-3],50.699999999999996,0.01048989514878447,True
all_gather,2gpu_nvlink,2,2097152,oop,e_op_dyn_j,Ring/Simple,RING/SIMPLE[0-3],52.14666666666667,0.010132444399225447,True
all_gather,2gpu_nvlink,2,2097152,oop,e_op_dyn_j,Ring/auto,RING/SIMPLE[0-3],52.07333333333333,0.010138734800449857,True
all_gather,2gpu_nvlink,2,2097152,oop,e_op_dyn_j,auto/LL,RING/LL[0-3],71.91666666666667,0.014224197565654177,False
all_gather,2gpu_nvlink,2,2097152,oop,e_op_dyn_j,auto/LL128,RING/LL128[0-3],50.75,0.010244493964948006,True
all_gather,2gpu_nvlink,2,2097152,oop,e_op_dyn_j,auto/Simple,RING/SIMPLE[0-3],52.19,0.010117607447034533,True
all_gather,2gpu_nvlink,2,2097152,oop,e_op_dyn_j,auto/auto,RING/SIMPLE[0-3],51.94333333333333,0.010219326454074288,True
all_gather,2gpu_nvlink,2,4194304,ip,e_op_j,Ring/LL,RING/LL[0-3],110.20333333333333,0.027411198455045166,False
all_gather,2gpu_nvlink,2,4194304,ip,e_op_j,Ring/LL128,RING/LL128[0-3],87.69999999999999,0.022973196976202554,False
all_gather,2gpu_nvlink,2,4194304,ip,e_op_j,Ring/Simple,RING/SIMPLE[0-3],79.29,0.02051701392785446,True
all_gather,2gpu_nvlink,2,4194304,ip,e_op_j,Ring/auto,RING/SIMPLE[0-3],79.32333333333332,0.020325438826958926,True
all_gather,2gpu_nvlink,2,4194304,ip,e_op_j,auto/LL,RING/LL[0-3],110.05333333333333,0.027285370529867767,False
all_gather,2gpu_nvlink,2,4194304,ip,e_op_j,auto/LL128,RING/LL128[0-3],87.72333333333331,0.02287492022973835,False
all_gather,2gpu_nvlink,2,4194304,ip,e_op_j,auto/Simple,RING/SIMPLE[0-3],79.31666666666666,0.020450373107295517,True
all_gather,2gpu_nvlink,2,4194304,ip,e_op_j,auto/auto,RING/SIMPLE[0-3],79.33666666666666,0.02058085300704375,False
all_gather,2gpu_nvlink,2,4194304,ip,e_op_dyn_j,Ring/LL,RING/LL[0-3],110.20333333333333,0.021911477493438167,False
all_gather,2gpu_nvlink,2,4194304,ip,e_op_dyn_j,Ring/LL128,RING/LL128[0-3],87.69999999999999,0.01859658401157632,False
all_gather,2gpu_nvlink,2,4194304,ip,e_op_dyn_j,Ring/Simple,RING/SIMPLE[0-3],79.29,0.01655989511423155,True
all_gather,2gpu_nvlink,2,4194304,ip,e_op_dyn_j,Ring/auto,RING/SIMPLE[0-3],79.32333333333332,0.01636674212183978,True
all_gather,2gpu_nvlink,2,4194304,ip,e_op_dyn_j,auto/LL,RING/LL[0-3],110.05333333333333,0.021793334428606176,False
all_gather,2gpu_nvlink,2,4194304,ip,e_op_dyn_j,auto/LL128,RING/LL128[0-3],87.72333333333331,0.01849704261587343,False
all_gather,2gpu_nvlink,2,4194304,ip,e_op_dyn_j,auto/Simple,RING/SIMPLE[0-3],79.31666666666666,0.016492024850371902,True
all_gather,2gpu_nvlink,2,4194304,ip,e_op_dyn_j,auto/auto,RING/SIMPLE[0-3],79.33666666666666,0.016621599670946806,False
all_gather,2gpu_nvlink,2,4194304,oop,e_op_j,Ring/LL,RING/LL[0-3],133.89,0.03467756591562359,False
all_gather,2gpu_nvlink,2,4194304,oop,e_op_j,Ring/LL128,RING/LL128[0-3],89.39999999999999,0.024305619527173843,False
all_gather,2gpu_nvlink,2,4194304,oop,e_op_j,Ring/Simple,RING/SIMPLE[0-3],82.77333333333334,0.021920398009950246,True
all_gather,2gpu_nvlink,2,4194304,oop,e_op_j,Ring/auto,RING/SIMPLE[0-3],82.89666666666666,0.02156911759186278,True
all_gather,2gpu_nvlink,2,4194304,oop,e_op_j,auto/LL,RING/LL[0-3],133.9033333333333,0.03458420498715339,False
all_gather,2gpu_nvlink,2,4194304,oop,e_op_j,auto/LL128,RING/LL128[0-3],89.34999999999998,0.02456808391831525,False
all_gather,2gpu_nvlink,2,4194304,oop,e_op_j,auto/Simple,RING/SIMPLE[0-3],82.79666666666667,0.021872201695283634,True
all_gather,2gpu_nvlink,2,4194304,oop,e_op_j,auto/auto,RING/SIMPLE[0-3],82.84333333333333,0.02180199927435599,True
all_gather,2gpu_nvlink,2,4194304,oop,e_op_dyn_j,Ring/LL,RING/LL[0-3],133.89,0.027963348957402847,False
all_gather,2gpu_nvlink,2,4194304,oop,e_op_dyn_j,Ring/LL128,RING/LL128[0-3],89.39999999999999,0.01981293083373056,False
all_gather,2gpu_nvlink,2,4194304,oop,e_op_dyn_j,Ring/Simple,RING/SIMPLE[0-3],82.77333333333334,0.017767021161800917,True
all_gather,2gpu_nvlink,2,4194304,oop,e_op_dyn_j,Ring/auto,RING/SIMPLE[0-3],82.89666666666666,0.01740528646837835,True
all_gather,2gpu_nvlink,2,4194304,oop,e_op_dyn_j,auto/LL,RING/LL[0-3],133.9033333333333,0.027870394483318434,False
all_gather,2gpu_nvlink,2,4194304,oop,e_op_dyn_j,auto/LL128,RING/LL128[0-3],89.34999999999998,0.02008389626759066,False
all_gather,2gpu_nvlink,2,4194304,oop,e_op_dyn_j,auto/Simple,RING/SIMPLE[0-3],82.79666666666667,0.01771454171412486,True
all_gather,2gpu_nvlink,2,4194304,oop,e_op_dyn_j,auto/auto,RING/SIMPLE[0-3],82.84333333333333,0.017643411902619362,True
all_gather,2gpu_nvlink,2,8388608,ip,e_op_j,Ring/LL,RING/LL[0-3],223.84333333333333,0.056736678435629316,False
all_gather,2gpu_nvlink,2,8388608,ip,e_op_j,Ring/LL128,RING/LL128[0-3],160.98333333333332,0.04137499703250006,False
all_gather,2gpu_nvlink,2,8388608,ip,e_op_j,Ring/Simple,RING/SIMPLE[0-3],138.42,0.03727891798875178,True
all_gather,2gpu_nvlink,2,8388608,ip,e_op_j,Ring/auto,RING/SIMPLE[0-3],138.41,0.03735162653147444,True
all_gather,2gpu_nvlink,2,8388608,ip,e_op_j,auto/LL,RING/LL[0-3],223.88666666666666,0.0566962970245069,False
all_gather,2gpu_nvlink,2,8388608,ip,e_op_j,auto/LL128,RING/LL128[0-3],160.82666666666668,0.041911981209743814,False
all_gather,2gpu_nvlink,2,8388608,ip,e_op_j,auto/Simple,RING/SIMPLE[0-3],138.4333333333333,0.03700635734533933,True
all_gather,2gpu_nvlink,2,8388608,ip,e_op_j,auto/auto,RING/SIMPLE[0-3],138.3133333333333,0.037621313176226474,True
all_gather,2gpu_nvlink,2,8388608,ip,e_op_dyn_j,Ring/LL,RING/LL[0-3],223.84333333333333,0.04556598740634946,False
all_gather,2gpu_nvlink,2,8388608,ip,e_op_dyn_j,Ring/LL128,RING/LL128[0-3],160.98333333333332,0.033341220885721966,False
all_gather,2gpu_nvlink,2,8388608,ip,e_op_dyn_j,Ring/Simple,RING/SIMPLE[0-3],138.42,0.03037107884599993,True
all_gather,2gpu_nvlink,2,8388608,ip,e_op_dyn_j,Ring/auto,RING/SIMPLE[0-3],138.41,0.030444237206554745,True
all_gather,2gpu_nvlink,2,8388608,ip,e_op_dyn_j,auto/LL,RING/LL[0-3],223.88666666666666,0.04552316577520412,False
all_gather,2gpu_nvlink,2,8388608,ip,e_op_dyn_j,auto/LL128,RING/LL128[0-3],160.82666666666668,0.03388641267594431,False
all_gather,2gpu_nvlink,2,8388608,ip,e_op_dyn_j,auto/Simple,RING/SIMPLE[0-3],138.4333333333333,0.03009784114970759,True
all_gather,2gpu_nvlink,2,8388608,ip,e_op_dyn_j,auto/auto,RING/SIMPLE[0-3],138.3133333333333,0.030718263110515426,True
all_gather,2gpu_nvlink,2,8388608,oop,e_op_j,Ring/LL,RING/LL[0-3],259.03666666666663,0.06820349324613086,False
all_gather,2gpu_nvlink,2,8388608,oop,e_op_j,Ring/LL128,RING/LL128[0-3],163.93999999999997,0.04563699166726017,False
all_gather,2gpu_nvlink,2,8388608,oop,e_op_j,Ring/Simple,RING/SIMPLE[0-3],141.90333333333334,0.03896291866028708,False
all_gather,2gpu_nvlink,2,8388608,oop,e_op_j,Ring/auto,RING/SIMPLE[0-3],141.91,0.03902663709336713,False
all_gather,2gpu_nvlink,2,8388608,oop,e_op_j,auto/LL,RING/LL[0-3],259.02666666666664,0.06810340837363232,False
all_gather,2gpu_nvlink,2,8388608,oop,e_op_j,auto/LL128,RING/LL128[0-3],164.0066666666667,0.04563971620901739,False
all_gather,2gpu_nvlink,2,8388608,oop,e_op_j,auto/Simple,RING/SIMPLE[0-3],141.98000000000002,0.03927482491245623,False
all_gather,2gpu_nvlink,2,8388608,oop,e_op_j,auto/auto,RING/SIMPLE[0-3],141.77666666666667,0.0385759385123547,True
all_gather,2gpu_nvlink,2,8388608,oop,e_op_dyn_j,Ring/LL,RING/LL[0-3],259.03666666666663,0.05521535456677928,False
all_gather,2gpu_nvlink,2,8388608,oop,e_op_dyn_j,Ring/LL128,RING/LL128[0-3],163.93999999999997,0.03740618748742788,False
all_gather,2gpu_nvlink,2,8388608,oop,e_op_dyn_j,Ring/Simple,RING/SIMPLE[0-3],141.90333333333334,0.03183765470325171,False
all_gather,2gpu_nvlink,2,8388608,oop,e_op_dyn_j,Ring/auto,RING/SIMPLE[0-3],141.91,0.03190682048338263,False
all_gather,2gpu_nvlink,2,8388608,oop,e_op_dyn_j,auto/LL,RING/LL[0-3],259.02666666666664,0.05511365809874701,False
all_gather,2gpu_nvlink,2,8388608,oop,e_op_dyn_j,auto/LL128,RING/LL128[0-3],164.0066666666667,0.03740681891219926,False
all_gather,2gpu_nvlink,2,8388608,oop,e_op_dyn_j,auto/Simple,RING/SIMPLE[0-3],141.98000000000002,0.032151220384407646,False
all_gather,2gpu_nvlink,2,8388608,oop,e_op_dyn_j,auto/auto,RING/SIMPLE[0-3],141.77666666666667,0.03145685035621818,True
all_gather,2gpu_nvlink,2,16777216,ip,e_op_j,Ring/LL,RING/LL[0-3],435.14333333333326,0.11102605634605611,False
all_gather,2gpu_nvlink,2,16777216,ip,e_op_j,Ring/LL128,RING/LL128[0-3],300.1066666666666,0.08145942420152946,False
all_gather,2gpu_nvlink,2,16777216,ip,e_op_j,Ring/Simple,RING/SIMPLE[0-3],254.79,0.06924214944263213,False
all_gather,2gpu_nvlink,2,16777216,ip,e_op_j,Ring/auto,RING/SIMPLE[0-3],254.7433333333333,0.06881307771311196,True
all_gather,2gpu_nvlink,2,16777216,ip,e_op_j,auto/LL,RING/LL[0-3],435.18,0.11127622156061218,False
all_gather,2gpu_nvlink,2,16777216,ip,e_op_j,auto/LL128,RING/LL128[0-3],300.11999999999995,0.08032587373946679,False
all_gather,2gpu_nvlink,2,16777216,ip,e_op_j,auto/Simple,RING/SIMPLE[0-3],254.71666666666667,0.06996470323741007,True
all_gather,2gpu_nvlink,2,16777216,ip,e_op_j,auto/auto,RING/SIMPLE[0-3],254.75666666666666,0.06908445560374345,False
all_gather,2gpu_nvlink,2,16777216,ip,e_op_dyn_j,Ring/LL,RING/LL[0-3],435.14333333333326,0.08931072541445369,False
all_gather,2gpu_nvlink,2,16777216,ip,e_op_dyn_j,Ring/LL128,RING/LL128[0-3],300.1066666666666,0.0664823729797217,False
all_gather,2gpu_nvlink,2,16777216,ip,e_op_dyn_j,Ring/Simple,RING/SIMPLE[0-3],254.79,0.05652678072491113,False
all_gather,2gpu_nvlink,2,16777216,ip,e_op_dyn_j,Ring/auto,RING/SIMPLE[0-3],254.7433333333333,0.0560990987895651,True
all_gather,2gpu_nvlink,2,16777216,ip,e_op_dyn_j,auto/LL,RING/LL[0-3],435.18,0.08955840125907492,False
all_gather,2gpu_nvlink,2,16777216,ip,e_op_dyn_j,auto/LL128,RING/LL128[0-3],300.11999999999995,0.06534825400344987,False
all_gather,2gpu_nvlink,2,16777216,ip,e_op_dyn_j,auto/Simple,RING/SIMPLE[0-3],254.71666666666667,0.05725228041037931,True
all_gather,2gpu_nvlink,2,16777216,ip,e_op_dyn_j,auto/auto,RING/SIMPLE[0-3],254.75666666666666,0.05637002711686956,False
all_gather,2gpu_nvlink,2,16777216,oop,e_op_j,Ring/LL,RING/LL[0-3],509.0933333333333,0.13327516300321401,False
all_gather,2gpu_nvlink,2,16777216,oop,e_op_j,Ring/LL128,RING/LL128[0-3],309.52666666666664,0.0854698155645524,False
all_gather,2gpu_nvlink,2,16777216,oop,e_op_j,Ring/Simple,RING/SIMPLE[0-3],256.53666666666663,0.07141684989482738,True
all_gather,2gpu_nvlink,2,16777216,oop,e_op_j,Ring/auto,RING/SIMPLE[0-3],256.46666666666664,0.07202647495150062,True
all_gather,2gpu_nvlink,2,16777216,oop,e_op_j,auto/LL,RING/LL[0-3],509.0133333333333,0.1339421333799704,False
all_gather,2gpu_nvlink,2,16777216,oop,e_op_j,auto/LL128,RING/LL128[0-3],309.41,0.08562471796288622,False
all_gather,2gpu_nvlink,2,16777216,oop,e_op_j,auto/Simple,RING/SIMPLE[0-3],256.5299999999999,0.07165336480815349,True
all_gather,2gpu_nvlink,2,16777216,oop,e_op_j,auto/auto,RING/SIMPLE[0-3],256.5866666666666,0.0712403180400213,True
all_gather,2gpu_nvlink,2,16777216,oop,e_op_dyn_j,Ring/LL,RING/LL[0-3],509.0933333333333,0.10775707408818763,False
all_gather,2gpu_nvlink,2,16777216,oop,e_op_dyn_j,Ring/LL128,RING/LL128[0-3],309.52666666666664,0.06993626810859295,False
all_gather,2gpu_nvlink,2,16777216,oop,e_op_dyn_j,Ring/Simple,RING/SIMPLE[0-3],256.53666666666663,0.058554121110285594,True
all_gather,2gpu_nvlink,2,16777216,oop,e_op_dyn_j,Ring/auto,RING/SIMPLE[0-3],256.46666666666664,0.059163958156706865,True
all_gather,2gpu_nvlink,2,16777216,oop,e_op_dyn_j,auto/LL,RING/LL[0-3],509.0133333333333,0.1084306005181944,False
all_gather,2gpu_nvlink,2,16777216,oop,e_op_dyn_j,auto/LL128,RING/LL128[0-3],309.41,0.07010077497854682,False
all_gather,2gpu_nvlink,2,16777216,oop,e_op_dyn_j,auto/Simple,RING/SIMPLE[0-3],256.5299999999999,0.05878455255289078,True
all_gather,2gpu_nvlink,2,16777216,oop,e_op_dyn_j,auto/auto,RING/SIMPLE[0-3],256.5866666666666,0.05836235004846674,True
all_gather,2gpu_nvlink,2,33554432,ip,e_op_j,Ring/LL,RING/LL[0-3],858.3433333333332,0.21534895448960834,False
all_gather,2gpu_nvlink,2,33554432,ip,e_op_j,Ring/LL128,RING/LL128[0-3],550.3899999999999,0.14947655649500383,False
all_gather,2gpu_nvlink,2,33554432,ip,e_op_j,Ring/Simple,RING/SIMPLE[0-3],491.12000000000006,0.13488663023679417,False
all_gather,2gpu_nvlink,2,33554432,ip,e_op_j,Ring/auto,RING/SIMPLE[0-3],491.09,0.1354421006372226,False
all_gather,2gpu_nvlink,2,33554432,ip,e_op_j,auto/LL,RING/LL[0-3],858.5566666666667,0.22026659839113513,False
all_gather,2gpu_nvlink,2,33554432,ip,e_op_j,auto/LL128,RING/LL128[0-3],549.8666666666667,0.1492414348171375,False
all_gather,2gpu_nvlink,2,33554432,ip,e_op_j,auto/Simple,RING/SIMPLE[0-3],490.9633333333333,0.13147998844097675,True
all_gather,2gpu_nvlink,2,33554432,ip,e_op_j,auto/auto,RING/SIMPLE[0-3],491.1366666666666,0.1342083884236815,False
all_gather,2gpu_nvlink,2,33554432,ip,e_op_dyn_j,Ring/LL,RING/LL[0-3],858.3433333333332,0.1725139441738909,False
all_gather,2gpu_nvlink,2,33554432,ip,e_op_dyn_j,Ring/LL128,RING/LL128[0-3],550.3899999999999,0.12200930877023446,False
all_gather,2gpu_nvlink,2,33554432,ip,e_op_dyn_j,Ring/Simple,RING/SIMPLE[0-3],491.12000000000006,0.11037747382602475,False
all_gather,2gpu_nvlink,2,33554432,ip,e_op_dyn_j,Ring/auto,RING/SIMPLE[0-3],491.09,0.11093311376568075,False
all_gather,2gpu_nvlink,2,33554432,ip,e_op_dyn_j,auto/LL,RING/LL[0-3],858.5566666666667,0.17742105614328793,False
all_gather,2gpu_nvlink,2,33554432,ip,e_op_dyn_j,auto/LL128,RING/LL128[0-3],549.8666666666667,0.12180055384574107,False
all_gather,2gpu_nvlink,2,33554432,ip,e_op_dyn_j,auto/Simple,RING/SIMPLE[0-3],490.9633333333333,0.10697850389074699,True
all_gather,2gpu_nvlink,2,33554432,ip,e_op_dyn_j,auto/auto,RING/SIMPLE[0-3],491.1366666666666,0.10969826541509925,False
all_gather,2gpu_nvlink,2,33554432,oop,e_op_j,Ring/LL,RING/LL[0-3],1010.0799999999999,0.268744905980203,False
all_gather,2gpu_nvlink,2,33554432,oop,e_op_j,Ring/LL128,RING/LL128[0-3],590.3233333333333,0.16664582799555896,False
all_gather,2gpu_nvlink,2,33554432,oop,e_op_j,Ring/Simple,RING/SIMPLE[0-3],496.25999999999993,0.13832342440801457,False
all_gather,2gpu_nvlink,2,33554432,oop,e_op_j,Ring/auto,RING/SIMPLE[0-3],496.21666666666664,0.13804716912033985,True
all_gather,2gpu_nvlink,2,33554432,oop,e_op_j,auto/LL,RING/LL[0-3],1011.5299999999999,0.2657324600228343,False
all_gather,2gpu_nvlink,2,33554432,oop,e_op_j,auto/LL128,RING/LL128[0-3],589.6833333333333,0.16632367449032626,False
all_gather,2gpu_nvlink,2,33554432,oop,e_op_j,auto/Simple,RING/SIMPLE[0-3],496.28666666666663,0.14014578818089873,False
all_gather,2gpu_nvlink,2,33554432,oop,e_op_j,auto/auto,RING/SIMPLE[0-3],496.18666666666667,0.13876112825033057,True
all_gather,2gpu_nvlink,2,33554432,oop,e_op_dyn_j,Ring/LL,RING/LL[0-3],1010.0799999999999,0.21811415286772193,False
all_gather,2gpu_nvlink,2,33554432,oop,e_op_dyn_j,Ring/LL128,RING/LL128[0-3],590.3233333333333,0.13704612498099597,False
all_gather,2gpu_nvlink,2,33554432,oop,e_op_dyn_j,Ring/Simple,RING/SIMPLE[0-3],496.25999999999993,0.1134272896370347,False
all_gather,2gpu_nvlink,2,33554432,oop,e_op_dyn_j,Ring/auto,RING/SIMPLE[0-3],496.21666666666664,0.11313210106746074,True
all_gather,2gpu_nvlink,2,33554432,oop,e_op_dyn_j,auto/LL,RING/LL[0-3],1011.5299999999999,0.2150378590615604,False
all_gather,2gpu_nvlink,2,33554432,oop,e_op_dyn_j,auto/LL128,RING/LL128[0-3],589.6833333333333,0.13673314787567134,False
all_gather,2gpu_nvlink,2,33554432,oop,e_op_dyn_j,auto/Simple,RING/SIMPLE[0-3],496.28666666666663,0.1152449287087593,False
all_gather,2gpu_nvlink,2,33554432,oop,e_op_dyn_j,auto/auto,RING/SIMPLE[0-3],496.18666666666667,0.11386010576036117,True
all_gather,2gpu_nvlink,2,67108864,ip,e_op_j,Ring/LL,RING/LL[0-3],1703.3166666666666,0.43393676238696116,False
all_gather,2gpu_nvlink,2,67108864,ip,e_op_j,Ring/LL128,RING/LL128[0-3],988.9633333333331,0.2737087945879459,False
all_gather,2gpu_nvlink,2,67108864,ip,e_op_j,Ring/Simple,RING/SIMPLE[0-3],942.7766666666666,0.2597543710021322,True
all_gather,2gpu_nvlink,2,67108864,ip,e_op_j,Ring/auto,RING/SIMPLE[0-3],942.5133333333333,0.2611881258941345,True
all_gather,2gpu_nvlink,2,67108864,ip,e_op_j,auto/LL,RING/LL[0-3],1705.8100000000002,0.43560378870969857,False
all_gather,2gpu_nvlink,2,67108864,ip,e_op_j,auto/LL128,RING/LL128[0-3],989.3466666666667,0.27618750467475933,False
all_gather,2gpu_nvlink,2,67108864,ip,e_op_j,auto/Simple,RING/SIMPLE[0-3],942.9133333333333,0.2600473773265652,False
all_gather,2gpu_nvlink,2,67108864,ip,e_op_j,auto/auto,RING/SIMPLE[0-3],942.9466666666667,0.261000286000286,False
all_gather,2gpu_nvlink,2,67108864,ip,e_op_dyn_j,Ring/LL,RING/LL[0-3],1703.3166666666666,0.3489320028263254,False
all_gather,2gpu_nvlink,2,67108864,ip,e_op_dyn_j,Ring/LL128,RING/LL128[0-3],988.9633333333331,0.22435265994059153,False
all_gather,2gpu_nvlink,2,67108864,ip,e_op_dyn_j,Ring/Simple,RING/SIMPLE[0-3],942.7766666666666,0.212701150933859,True
all_gather,2gpu_nvlink,2,67108864,ip,e_op_dyn_j,Ring/auto,RING/SIMPLE[0-3],942.5133333333333,0.21414997268961514,True
all_gather,2gpu_nvlink,2,67108864,ip,e_op_dyn_j,auto/LL,RING/LL[0-3],1705.8100000000002,0.35047514166828925,False
all_gather,2gpu_nvlink,2,67108864,ip,e_op_dyn_j,auto/LL128,RING/LL128[0-3],989.3466666666667,0.22681211674950585,False
all_gather,2gpu_nvlink,2,67108864,ip,e_op_dyn_j,auto/Simple,RING/SIMPLE[0-3],942.9133333333333,0.2129909166562138,False
all_gather,2gpu_nvlink,2,67108864,ip,e_op_dyn_j,auto/auto,RING/SIMPLE[0-3],942.9466666666667,0.21394401819987932,False
all_gather,2gpu_nvlink,2,67108864,oop,e_op_j,Ring/LL,RING/LL[0-3],2011.11,0.5313360204662269,False
all_gather,2gpu_nvlink,2,67108864,oop,e_op_j,Ring/LL128,RING/LL128[0-3],1087.8133333333333,0.31061316113161125,False
all_gather,2gpu_nvlink,2,67108864,oop,e_op_j,Ring/Simple,RING/SIMPLE[0-3],968.5833333333331,0.2742167732764748,True
all_gather,2gpu_nvlink,2,67108864,oop,e_op_j,Ring/auto,RING/SIMPLE[0-3],968.6466666666665,0.273752217453505,True
all_gather,2gpu_nvlink,2,67108864,oop,e_op_j,auto/LL,RING/LL[0-3],2012.323333333333,0.5244306123465188,False
all_gather,2gpu_nvlink,2,67108864,oop,e_op_j,auto/LL128,RING/LL128[0-3],1086.1833333333332,0.3124454449034531,False
all_gather,2gpu_nvlink,2,67108864,oop,e_op_j,auto/Simple,RING/SIMPLE[0-3],968.7400000000001,0.2745710659898477,False
all_gather,2gpu_nvlink,2,67108864,oop,e_op_j,auto/auto,RING/SIMPLE[0-3],969.6466666666665,0.27581767481767483,False
all_gather,2gpu_nvlink,2,67108864,oop,e_op_dyn_j,Ring/LL,RING/LL[0-3],2011.11,0.43049942612053904,False
all_gather,2gpu_nvlink,2,67108864,oop,e_op_dyn_j,Ring/LL128,RING/LL128[0-3],1087.8133333333333,0.2559926393687131,False
all_gather,2gpu_nvlink,2,67108864,oop,e_op_dyn_j,Ring/Simple,RING/SIMPLE[0-3],968.5833333333331,0.22559660535799972,True
all_gather,2gpu_nvlink,2,67108864,oop,e_op_dyn_j,Ring/auto,RING/SIMPLE[0-3],968.6466666666665,0.225107852669037,True
all_gather,2gpu_nvlink,2,67108864,oop,e_op_dyn_j,auto/LL,RING/LL[0-3],2012.323333333333,0.42356362321234337,False
all_gather,2gpu_nvlink,2,67108864,oop,e_op_dyn_j,auto/LL128,RING/LL128[0-3],1086.1833333333332,0.2579765225425347,False
all_gather,2gpu_nvlink,2,67108864,oop,e_op_dyn_j,auto/Simple,RING/SIMPLE[0-3],968.7400000000001,0.22594285270114586,False
all_gather,2gpu_nvlink,2,67108864,oop,e_op_dyn_j,auto/auto,RING/SIMPLE[0-3],969.6466666666665,0.22718139423101003,False
all_gather,2gpu_nvlink,2,134217728,ip,e_op_j,Ring/LL,RING/LL[0-3],3399.109999999999,0.8690572916666667,False
all_gather,2gpu_nvlink,2,134217728,ip,e_op_j,Ring/LL128,RING/LL128[0-3],1822.2266666666665,0.5136779471101999,False
all_gather,2gpu_nvlink,2,134217728,ip,e_op_j,Ring/Simple,RING/SIMPLE[0-3],1758.22,0.48941756420878213,True
all_gather,2gpu_nvlink,2,134217728,ip,e_op_j,Ring/auto,RING/SIMPLE[0-3],1758.823333333333,0.49457598656591095,False
all_gather,2gpu_nvlink,2,134217728,ip,e_op_j,auto/LL,RING/LL[0-3],3399.8199999999997,0.8710999053030303,False
all_gather,2gpu_nvlink,2,134217728,ip,e_op_j,auto/LL128,RING/LL128[0-3],1822.9266666666665,0.5138125839149373,False
all_gather,2gpu_nvlink,2,134217728,ip,e_op_j,auto/Simple,RING/SIMPLE[0-3],1760.26,0.4882125919869174,True
all_gather,2gpu_nvlink,2,134217728,ip,e_op_j,auto/auto,RING/SIMPLE[0-3],1760.1799999999996,0.49364872986311,False
all_gather,2gpu_nvlink,2,134217728,ip,e_op_dyn_j,Ring/LL,RING/LL[0-3],3399.109999999999,0.6994288257780124,False
all_gather,2gpu_nvlink,2,134217728,ip,e_op_dyn_j,Ring/LL128,RING/LL128[0-3],1822.2266666666665,0.4227432222607916,False
all_gather,2gpu_nvlink,2,134217728,ip,e_op_dyn_j,Ring/Simple,RING/SIMPLE[0-3],1758.22,0.4016685373331321,True
all_gather,2gpu_nvlink,2,134217728,ip,e_op_dyn_j,Ring/auto,RING/SIMPLE[0-3],1758.823333333333,0.4067929052223953,False
all_gather,2gpu_nvlink,2,134217728,ip,e_op_dyn_j,auto/LL,RING/LL[0-3],3399.8199999999997,0.7014322525753088,False
all_gather,2gpu_nvlink,2,134217728,ip,e_op_dyn_j,auto/LL128,RING/LL128[0-3],1822.9266666666665,0.42283020647490405,False
all_gather,2gpu_nvlink,2,134217728,ip,e_op_dyn_j,auto/Simple,RING/SIMPLE[0-3],1760.26,0.4003666229684217,True
all_gather,2gpu_nvlink,2,134217728,ip,e_op_dyn_j,auto/auto,RING/SIMPLE[0-3],1760.1799999999996,0.4057891193514814,False
all_gather,2gpu_nvlink,2,134217728,oop,e_op_j,Ring/LL,RING/LL[0-3],4021.5400000000004,1.0447575757575758,False
all_gather,2gpu_nvlink,2,134217728,oop,e_op_j,Ring/LL128,RING/LL128[0-3],2037.0566666666666,0.5924413080121972,False
all_gather,2gpu_nvlink,2,134217728,oop,e_op_j,Ring/Simple,RING/SIMPLE[0-3],1871.78,0.5326766086716377,True
all_gather,2gpu_nvlink,2,134217728,oop,e_op_j,Ring/auto,RING/SIMPLE[0-3],1871.99,0.5321416176882172,True
all_gather,2gpu_nvlink,2,134217728,oop,e_op_j,auto/LL,RING/LL[0-3],4020.5833333333326,1.0638991477272726,False
all_gather,2gpu_nvlink,2,134217728,oop,e_op_j,auto/LL128,RING/LL128[0-3],2032.3,0.5951386615064781,False
all_gather,2gpu_nvlink,2,134217728,oop,e_op_j,auto/Simple,RING/SIMPLE[0-3],1878.2133333333331,0.5365889888252929,False
all_gather,2gpu_nvlink,2,134217728,oop,e_op_j,auto/auto,RING/SIMPLE[0-3],1873.7266666666667,0.5349904815653898,False
all_gather,2gpu_nvlink,2,134217728,oop,e_op_dyn_j,Ring/LL,RING/LL[0-3],4021.5400000000004,0.8430900745194183,False
all_gather,2gpu_nvlink,2,134217728,oop,e_op_dyn_j,Ring/LL128,RING/LL128[0-3],2037.0566666666666,0.490360555582168,False
all_gather,2gpu_nvlink,2,134217728,oop,e_op_dyn_j,Ring/Simple,RING/SIMPLE[0-3],1871.78,0.4386257837756708,True
all_gather,2gpu_nvlink,2,134217728,oop,e_op_dyn_j,Ring/auto,RING/SIMPLE[0-3],1871.99,0.4382010437877035,True
all_gather,2gpu_nvlink,2,134217728,oop,e_op_dyn_j,auto/LL,RING/LL[0-3],4020.5833333333326,0.8623103133974999,False
all_gather,2gpu_nvlink,2,134217728,oop,e_op_dyn_j,auto/LL128,RING/LL128[0-3],2032.3,0.49334394083334515,False
all_gather,2gpu_nvlink,2,134217728,oop,e_op_dyn_j,auto/Simple,RING/SIMPLE[0-3],1878.2133333333331,0.44235503753720873,False
all_gather,2gpu_nvlink,2,134217728,oop,e_op_dyn_j,auto/auto,RING/SIMPLE[0-3],1873.7266666666667,0.44099415284753957,False
all_gather,2gpu_nvlink,2,268435456,ip,e_op_j,Ring/LL,RING/LL[0-3],6783.573333333334,1.7142776203966006,False
all_gather,2gpu_nvlink,2,268435456,ip,e_op_j,Ring/LL128,RING/LL128[0-3],3450.6333333333328,0.9966446360153256,False
all_gather,2gpu_nvlink,2,268435456,ip,e_op_j,Ring/Simple,RING/SIMPLE[0-3],3357.81,0.946728686874731,True
all_gather,2gpu_nvlink,2,268435456,ip,e_op_j,Ring/auto,RING/SIMPLE[0-3],3356.2666666666664,0.9501266064156425,True
all_gather,2gpu_nvlink,2,268435456,ip,e_op_j,auto/LL,RING/LL[0-3],6787.56,1.7386440037771482,False
all_gather,2gpu_nvlink,2,268435456,ip,e_op_j,auto/LL128,RING/LL128[0-3],3453.9199999999996,1.0013688996854464,False
all_gather,2gpu_nvlink,2,268435456,ip,e_op_j,auto/Simple,RING/SIMPLE[0-3],3359.2899999999995,0.9521635416666667,False
all_gather,2gpu_nvlink,2,268435456,ip,e_op_j,auto/auto,RING/SIMPLE[0-3],3356.1499999999996,0.9593249222567869,True
all_gather,2gpu_nvlink,2,268435456,ip,e_op_dyn_j,Ring/LL,RING/LL[0-3],6783.573333333334,1.3757405093996844,False
all_gather,2gpu_nvlink,2,268435456,ip,e_op_dyn_j,Ring/LL128,RING/LL128[0-3],3450.6333333333328,0.8243952309220278,False
all_gather,2gpu_nvlink,2,268435456,ip,e_op_dyn_j,Ring/Simple,RING/SIMPLE[0-3],3357.81,0.7791473283746293,True
all_gather,2gpu_nvlink,2,268435456,ip,e_op_dyn_j,Ring/auto,RING/SIMPLE[0-3],3356.2666666666664,0.7826372305878486,True
all_gather,2gpu_nvlink,2,268435456,ip,e_op_dyn_j,auto/LL,RING/LL[0-3],6787.56,1.3999115549979202,False
all_gather,2gpu_nvlink,2,268435456,ip,e_op_dyn_j,auto/LL128,RING/LL128[0-3],3453.9199999999996,0.8290068065217661,False
all_gather,2gpu_nvlink,2,268435456,ip,e_op_dyn_j,auto/Simple,RING/SIMPLE[0-3],3359.2899999999995,0.7845252943694746,False
all_gather,2gpu_nvlink,2,268435456,ip,e_op_dyn_j,auto/auto,RING/SIMPLE[0-3],3356.1499999999996,0.7918391651110338,True
all_gather,2gpu_nvlink,2,268435456,oop,e_op_j,Ring/LL,RING/LL[0-3],8013.973333333332,2.1217875354107645,False
all_gather,2gpu_nvlink,2,268435456,oop,e_op_j,Ring/LL128,RING/LL128[0-3],3920.1866666666665,1.1460751915708813,False
all_gather,2gpu_nvlink,2,268435456,oop,e_op_j,Ring/Simple,RING/SIMPLE[0-3],3611.8399999999997,1.0299254720103528,True
all_gather,2gpu_nvlink,2,268435456,oop,e_op_j,Ring/auto,RING/SIMPLE[0-3],3605.873333333333,1.0323958663126402,True
all_gather,2gpu_nvlink,2,268435456,oop,e_op_j,auto/LL,RING/LL[0-3],8009.846666666665,2.0943512747875355,False
all_gather,2gpu_nvlink,2,268435456,oop,e_op_j,auto/LL128,RING/LL128[0-3],3918.026666666666,1.1550655122655122,False
all_gather,2gpu_nvlink,2,268435456,oop,e_op_j,auto/Simple,RING/SIMPLE[0-3],3614.4799999999996,1.0392479166666666,False
all_gather,2gpu_nvlink,2,268435456,oop,e_op_j,auto/auto,RING/SIMPLE[0-3],3612.223333333333,1.039310644974213,False
all_gather,2gpu_nvlink,2,268435456,oop,e_op_dyn_j,Ring/LL,RING/LL[0-3],8013.973333333332,1.7197172254020983,False
all_gather,2gpu_nvlink,2,268435456,oop,e_op_dyn_j,Ring/LL128,RING/LL128[0-3],3920.1866666666665,0.949423749817964,False
all_gather,2gpu_nvlink,2,268435456,oop,e_op_dyn_j,Ring/Simple,RING/SIMPLE[0-3],3611.8399999999997,0.8487060671675563,True
all_gather,2gpu_nvlink,2,268435456,oop,e_op_dyn_j,Ring/auto,RING/SIMPLE[0-3],3605.873333333333,0.8516173717639166,True
all_gather,2gpu_nvlink,2,268435456,oop,e_op_dyn_j,auto/LL,RING/LL[0-3],8009.846666666665,1.6929263059057253,False
all_gather,2gpu_nvlink,2,268435456,oop,e_op_dyn_j,auto/LL128,RING/LL128[0-3],3918.026666666666,0.9586503789932063,False
all_gather,2gpu_nvlink,2,268435456,oop,e_op_dyn_j,auto/Simple,RING/SIMPLE[0-3],3614.4799999999996,0.857769129035244,False
all_gather,2gpu_nvlink,2,268435456,oop,e_op_dyn_j,auto/auto,RING/SIMPLE[0-3],3612.223333333333,0.8583007364306067,False
all_gather,2gpu_nvlink,2,536870912,ip,e_op_j,Ring/LL,RING/LL[0-3],13565.199999999999,3.4351835205992507,False
all_gather,2gpu_nvlink,2,536870912,ip,e_op_j,Ring/LL128,RING/LL128[0-3],6671.516666666666,1.947349074074074,False
all_gather,2gpu_nvlink,2,536870912,ip,e_op_j,Ring/Simple,RING/SIMPLE[0-3],6531.0,1.85660327198364,True
all_gather,2gpu_nvlink,2,536870912,ip,e_op_j,Ring/auto,RING/SIMPLE[0-3],6522.2,1.860351966873706,True
all_gather,2gpu_nvlink,2,536870912,ip,e_op_j,auto/LL,RING/LL[0-3],13572.866666666663,3.4756404494382025,False
all_gather,2gpu_nvlink,2,536870912,ip,e_op_j,auto/LL128,RING/LL128[0-3],6668.029999999999,1.9445755899251054,False
all_gather,2gpu_nvlink,2,536870912,ip,e_op_j,auto/Simple,RING/SIMPLE[0-3],6526.293333333332,1.8771064257028112,False
all_gather,2gpu_nvlink,2,536870912,ip,e_op_j,auto/auto,RING/SIMPLE[0-3],6523.903333333333,1.865864383896091,False
all_gather,2gpu_nvlink,2,536870912,ip,e_op_dyn_j,Ring/LL,RING/LL[0-3],13565.199999999999,2.7582129017513473,False
all_gather,2gpu_nvlink,2,536870912,ip,e_op_dyn_j,Ring/LL128,RING/LL128[0-3],6671.516666666666,1.6145060119649746,False
all_gather,2gpu_nvlink,2,536870912,ip,e_op_dyn_j,Ring/Simple,RING/SIMPLE[0-3],6531.0,1.5307504886964356,True
all_gather,2gpu_nvlink,2,536870912,ip,e_op_dyn_j,Ring/auto,RING/SIMPLE[0-3],6522.2,1.534760179758895,True
all_gather,2gpu_nvlink,2,536870912,ip,e_op_dyn_j,auto/LL,RING/LL[0-3],13572.866666666663,2.7982940749914724,False
all_gather,2gpu_nvlink,2,536870912,ip,e_op_dyn_j,auto/LL128,RING/LL128[0-3],6668.029999999999,1.6117660559223645,False
all_gather,2gpu_nvlink,2,536870912,ip,e_op_dyn_j,auto/Simple,RING/SIMPLE[0-3],6526.293333333332,1.5515244582499035,False
all_gather,2gpu_nvlink,2,536870912,ip,e_op_dyn_j,auto/auto,RING/SIMPLE[0-3],6523.903333333333,1.5402243893795913,False
all_gather,2gpu_nvlink,2,536870912,oop,e_op_j,Ring/LL,RING/LL[0-3],16008.566666666666,4.220073033707865,False
all_gather,2gpu_nvlink,2,536870912,oop,e_op_j,Ring/LL128,RING/LL128[0-3],7714.143333333333,2.2853185185185185,False
all_gather,2gpu_nvlink,2,536870912,oop,e_op_j,Ring/Simple,RING/SIMPLE[0-3],6968.673333333332,2.0125132924335376,True
all_gather,2gpu_nvlink,2,536870912,oop,e_op_j,Ring/auto,RING/SIMPLE[0-3],6982.966666666667,2.031010351966874,False
all_gather,2gpu_nvlink,2,536870912,oop,e_op_j,auto/LL,RING/LL[0-3],16019.633333333331,4.226333333333334,False
all_gather,2gpu_nvlink,2,536870912,oop,e_op_j,auto/LL128,RING/LL128[0-3],7708.8,2.282917125782292,False
all_gather,2gpu_nvlink,2,536870912,oop,e_op_j,auto/Simple,RING/SIMPLE[0-3],6985.683333333333,1.999125502008032,True
all_gather,2gpu_nvlink,2,536870912,oop,e_op_j,auto/auto,RING/SIMPLE[0-3],6978.169999999999,2.017576688884006,False
all_gather,2gpu_nvlink,2,536870912,oop,e_op_dyn_j,Ring/LL,RING/LL[0-3],16008.566666666666,3.417762990273331,False
all_gather,2gpu_nvlink,2,536870912,oop,e_op_dyn_j,Ring/LL128,RING/LL128[0-3],7714.143333333333,1.8982611969587861,False
all_gather,2gpu_nvlink,2,536870912,oop,e_op_dyn_j,Ring/Simple,RING/SIMPLE[0-3],6968.673333333332,1.6629890377107344,True
all_gather,2gpu_nvlink,2,536870912,oop,e_op_dyn_j,Ring/auto,RING/SIMPLE[0-3],6982.966666666667,1.680382127703174,False
all_gather,2gpu_nvlink,2,536870912,oop,e_op_dyn_j,auto/LL,RING/LL[0-3],16019.633333333331,3.4231501333220593,False
all_gather,2gpu_nvlink,2,536870912,oop,e_op_dyn_j,auto/LL128,RING/LL128[0-3],7708.8,1.8962393285236046,False
all_gather,2gpu_nvlink,2,536870912,oop,e_op_dyn_j,auto/Simple,RING/SIMPLE[0-3],6985.683333333333,1.6484407655587747,True
all_gather,2gpu_nvlink,2,536870912,oop,e_op_dyn_j,auto/auto,RING/SIMPLE[0-3],6978.169999999999,1.6674818457055867,False
all_gather,2gpu_nvlink,2,1073741824,ip,e_op_j,Ring/LL,RING/LL[0-3],27109.166666666668,6.935496296296296,False
all_gather,2gpu_nvlink,2,1073741824,ip,e_op_j,Ring/LL128,RING/LL128[0-3],13150.466666666667,3.8184293478260876,False
all_gather,2gpu_nvlink,2,1073741824,ip,e_op_j,Ring/Simple,RING/SIMPLE[0-3],12873.533333333333,3.6912403100775193,True
all_gather,2gpu_nvlink,2,1073741824,ip,e_op_j,Ring/auto,RING/SIMPLE[0-3],12882.933333333334,3.7129437751004013,False
all_gather,2gpu_nvlink,2,1073741824,ip,e_op_j,auto/LL,RING/LL[0-3],27072.53333333333,6.852848148148148,False
all_gather,2gpu_nvlink,2,1073741824,ip,e_op_j,auto/LL128,RING/LL128[0-3],13092.599999999999,3.841326374039756,False
all_gather,2gpu_nvlink,2,1073741824,ip,e_op_j,auto/Simple,RING/SIMPLE[0-3],12884.766666666668,3.711532934131736,False
all_gather,2gpu_nvlink,2,1073741824,ip,e_op_j,auto/auto,RING/SIMPLE[0-3],12920.4,3.7220078895463513,False
all_gather,2gpu_nvlink,2,1073741824,ip,e_op_dyn_j,Ring/LL,RING/LL[0-3],27109.166666666668,5.582617303000231,False
all_gather,2gpu_nvlink,2,1073741824,ip,e_op_dyn_j,Ring/LL128,RING/LL128[0-3],13150.466666666667,3.1622963148286143,False
all_gather,2gpu_nvlink,2,1073741824,ip,e_op_dyn_j,Ring/Simple,RING/SIMPLE[0-3],12873.533333333333,3.0487598111226077,True
all_gather,2gpu_nvlink,2,1073741824,ip,e_op_dyn_j,Ring/auto,RING/SIMPLE[0-3],12882.933333333334,3.070133406756201,False
all_gather,2gpu_nvlink,2,1073741824,ip,e_op_dyn_j,auto/LL,RING/LL[0-3],27072.53333333333,5.501809256023313,False
all_gather,2gpu_nvlink,2,1073741824,ip,e_op_dyn_j,auto/LL128,RING/LL128[0-3],13092.599999999999,3.1879600596161097,False
all_gather,2gpu_nvlink,2,1073741824,ip,e_op_dyn_j,auto/Simple,RING/SIMPLE[0-3],12884.766666666668,3.068212560074549,False
all_gather,2gpu_nvlink,2,1073741824,ip,e_op_dyn_j,auto/auto,RING/SIMPLE[0-3],12920.4,3.0775181079783587,False
all_gather,2gpu_nvlink,2,1073741824,oop,e_op_j,Ring/LL,RING/LL[0-3],32039.566666666666,8.449511111111109,False
all_gather,2gpu_nvlink,2,1073741824,oop,e_op_j,Ring/LL128,RING/LL128[0-3],15288.4,4.51734963768116,False
all_gather,2gpu_nvlink,2,1073741824,oop,e_op_j,Ring/Simple,RING/SIMPLE[0-3],13645.833333333334,3.9885232558139534,False
all_gather,2gpu_nvlink,2,1073741824,oop,e_op_j,Ring/auto,RING/SIMPLE[0-3],13638.266666666668,3.910793172690763,True
all_gather,2gpu_nvlink,2,1073741824,oop,e_op_j,auto/LL,RING/LL[0-3],32018.766666666663,8.4684,False
all_gather,2gpu_nvlink,2,1073741824,oop,e_op_j,auto/LL128,RING/LL128[0-3],15294.799999999997,4.511713362239646,False
all_gather,2gpu_nvlink,2,1073741824,oop,e_op_j,auto/Simple,RING/SIMPLE[0-3],13654.700000000003,3.916105788423154,False
all_gather,2gpu_nvlink,2,1073741824,oop,e_op_j,auto/auto,RING/SIMPLE[0-3],13646.499999999998,3.9061558185404337,True
all_gather,2gpu_nvlink,2,1073741824,oop,e_op_dyn_j,Ring/LL,RING/LL[0-3],32039.566666666666,6.844208280596263,False
all_gather,2gpu_nvlink,2,1073741824,oop,e_op_dyn_j,Ring/LL128,RING/LL128[0-3],15288.4,3.7503921036241046,False
all_gather,2gpu_nvlink,2,1073741824,oop,e_op_dyn_j,Ring/Simple,RING/SIMPLE[0-3],13645.833333333334,3.3045548000263767,False
all_gather,2gpu_nvlink,2,1073741824,oop,e_op_dyn_j,Ring/auto,RING/SIMPLE[0-3],13638.266666666668,3.2263547512062414,True
all_gather,2gpu_nvlink,2,1073741824,oop,e_op_dyn_j,auto/LL,RING/LL[0-3],32018.766666666663,6.861803525899751,False
all_gather,2gpu_nvlink,2,1073741824,oop,e_op_dyn_j,auto/LL128,RING/LL128[0-3],15294.799999999997,3.7447668573452777,False
all_gather,2gpu_nvlink,2,1073741824,oop,e_op_dyn_j,auto/Simple,RING/SIMPLE[0-3],13654.700000000003,3.2304696155747705,False
all_gather,2gpu_nvlink,2,1073741824,oop,e_op_dyn_j,auto/auto,RING/SIMPLE[0-3],13646.499999999998,3.22055364882085,True
all_gather,4gpu,4,1024,ip,e_op_j,Ring/LL,RING/LL[0-0],8.493333333333334,0.0033391670176944493,False
all_gather,4gpu,4,1024,ip,e_op_j,Ring/LL128,RING/LL128[0-0],17.48333333333333,0.006925376977029063,False
all_gather,4gpu,4,1024,ip,e_op_j,Ring/Simple,RING/SIMPLE[0-0],25.95,0.010089606831971493,False
all_gather,4gpu,4,1024,ip,e_op_j,Ring/auto,RING/LL[0-0],8.49,0.003347487667152741,True
all_gather,4gpu,4,1024,ip,e_op_j,auto/LL,RING/LL[0-0],8.496666666666666,0.0033283717539015233,False
all_gather,4gpu,4,1024,ip,e_op_j,auto/LL128,RING/LL128[0-0],17.506666666666664,0.0068489554461364545,False
all_gather,4gpu,4,1024,ip,e_op_j,auto/Simple,RING/SIMPLE[0-0],25.746666666666666,0.010048510855082687,False
all_gather,4gpu,4,1024,ip,e_op_j,auto/auto,RING/LL[0-0],8.493333333333334,0.003314109627081598,True
all_gather,4gpu,4,1024,ip,e_op_dyn_j,Ring/LL,RING/LL[0-0],8.493333333333334,0.0024697979852894587,False
all_gather,4gpu,4,1024,ip,e_op_dyn_j,Ring/LL128,RING/LL128[0-0],17.48333333333333,0.005136617754360861,False
all_gather,4gpu,4,1024,ip,e_op_dyn_j,Ring/Simple,RING/SIMPLE[0-0],25.95,0.00743628182650298,False
all_gather,4gpu,4,1024,ip,e_op_dyn_j,Ring/auto,RING/LL[0-0],8.49,0.0024787893474288725,True
all_gather,4gpu,4,1024,ip,e_op_dyn_j,auto/LL,RING/LL[0-0],8.496666666666666,0.002458810301438187,False
all_gather,4gpu,4,1024,ip,e_op_dyn_j,auto/LL128,RING/LL128[0-0],17.506666666666664,0.005056918980616045,False
all_gather,4gpu,4,1024,ip,e_op_dyn_j,auto/Simple,RING/SIMPLE[0-0],25.746666666666666,0.007415418931406005,False
all_gather,4gpu,4,1024,ip,e_op_dyn_j,auto/auto,RING/LL[0-0],8.493333333333334,0.0024448945733000983,True
all_gather,4gpu,4,1024,oop,e_op_j,Ring/LL,RING/LL[0-0],8.51,0.0032701178658570505,True
all_gather,4gpu,4,1024,oop,e_op_j,Ring/LL128,RING/LL128[0-0],17.86,0.006997436230988541,False
all_gather,4gpu,4,1024,oop,e_op_j,Ring/Simple,RING/SIMPLE[0-0],26.543333333333333,0.010249950942300296,False
all_gather,4gpu,4,1024,oop,e_op_j,Ring/auto,RING/LL[0-0],8.516666666666666,0.003286027685561519,False
all_gather,4gpu,4,1024,oop,e_op_j,auto/LL,RING/LL[0-0],8.523333333333333,0.0032912051544579236,False
all_gather,4gpu,4,1024,oop,e_op_j,auto/LL128,RING/LL128[0-0],17.893333333333334,0.006968445995152226,False
all_gather,4gpu,4,1024,oop,e_op_j,auto/Simple,RING/SIMPLE[0-0],26.426666666666666,0.010249639470177914,False
all_gather,4gpu,4,1024,oop,e_op_j,auto/auto,RING/LL[0-0],8.520000000000001,0.003295610233021213,False
all_gather,4gpu,4,1024,oop,e_op_dyn_j,Ring/LL,RING/LL[0-0],8.51,0.002389737439890212,True
all_gather,4gpu,4,1024,oop,e_op_dyn_j,Ring/LL128,RING/LL128[0-0],17.86,0.005151083625068553,False
all_gather,4gpu,4,1024,oop,e_op_dyn_j,Ring/Simple,RING/SIMPLE[0-0],26.543333333333333,0.00751292475044935,False
all_gather,4gpu,4,1024,oop,e_op_dyn_j,Ring/auto,RING/LL[0-0],8.516666666666666,0.002406001303905886,False
all_gather,4gpu,4,1024,oop,e_op_dyn_j,auto/LL,RING/LL[0-0],8.523333333333333,0.0024095599249808496,False
all_gather,4gpu,4,1024,oop,e_op_dyn_j,auto/LL128,RING/LL128[0-0],17.893333333333334,0.00511958627699324,False
all_gather,4gpu,4,1024,oop,e_op_dyn_j,auto/Simple,RING/SIMPLE[0-0],26.426666666666666,0.007522967569044864,False
all_gather,4gpu,4,1024,oop,e_op_dyn_j,auto/auto,RING/LL[0-0],8.520000000000001,0.00241559612766505,False
all_gather,4gpu,4,2048,ip,e_op_j,Ring/LL,RING/LL[0-0],8.496666666666668,0.0033144355147646716,False
all_gather,4gpu,4,2048,ip,e_op_j,Ring/LL128,RING/LL128[0-0],17.51,0.006959215039811106,False
all_gather,4gpu,4,2048,ip,e_op_j,Ring/Simple,RING/SIMPLE[0-0],25.433333333333334,0.009927551719413619,False
all_gather,4gpu,4,2048,ip,e_op_j,Ring/auto,RING/LL[0-0],8.476666666666667,0.0033353552564766974,False
all_gather,4gpu,4,2048,ip,e_op_j,auto/LL,RING/LL[0-0],8.483333333333334,0.003326822829184237,False
all_gather,4gpu,4,2048,ip,e_op_j,auto/LL128,RING/LL128[0-0],17.5,0.006836337868018096,False
all_gather,4gpu,4,2048,ip,e_op_j,auto/Simple,RING/SIMPLE[0-0],25.399999999999995,0.00987102783902652,False
all_gather,4gpu,4,2048,ip,e_op_j,auto/auto,RING/LL[0-0],8.47,0.0033023473849194446,True
all_gather,4gpu,4,2048,ip,e_op_dyn_j,Ring/LL,RING/LL[0-0],8.496666666666668,0.002445163972376069,False
all_gather,4gpu,4,2048,ip,e_op_dyn_j,Ring/LL128,RING/LL128[0-0],17.51,0.005167561310524131,False
all_gather,4gpu,4,2048,ip,e_op_dyn_j,Ring/Simple,RING/SIMPLE[0-0],25.433333333333334,0.007324314287832275,False
all_gather,4gpu,4,2048,ip,e_op_dyn_j,Ring/auto,RING/LL[0-0],8.476666666666667,0.0024676783524221267,False
all_gather,4gpu,4,2048,ip,e_op_dyn_j,auto/LL,RING/LL[0-0],8.483333333333334,0.0024586246642679,False
all_gather,4gpu,4,2048,ip,e_op_dyn_j,auto/LL128,RING/LL128[0-0],17.5,0.005044993040031635,False
all_gather,4gpu,4,2048,ip,e_op_dyn_j,auto/Simple,RING/SIMPLE[0-0],25.399999999999995,0.007270827284094859,False
all_gather,4gpu,4,2048,ip,e_op_dyn_j,auto/auto,RING/LL[0-0],8.47,0.0024353150040182137,True
all_gather,4gpu,4,2048,oop,e_op_j,Ring/LL,RING/LL[0-0],8.526666666666666,0.0033349831217039266,False
all_gather,4gpu,4,2048,oop,e_op_j,Ring/LL128,RING/LL128[0-0],17.856666666666666,0.0069482224416570785,False
all_gather,4gpu,4,2048,oop,e_op_j,Ring/Simple,RING/SIMPLE[0-0],25.826666666666664,0.010124745072710549,False
all_gather,4gpu,4,2048,oop,e_op_j,Ring/auto,RING/LL[0-0],8.5,0.003309704969350524,False
all_gather,4gpu,4,2048,oop,e_op_j,auto/LL,RING/LL[0-0],8.5,0.003300635900516546,False
all_gather,4gpu,4,2048,oop,e_op_j,auto/LL128,RING/LL128[0-0],17.843333333333334,0.007025140705800424,False
all_gather,4gpu,4,2048,oop,e_op_j,auto/Simple,RING/SIMPLE[0-0],25.80333333333333,0.009993569864833528,False
all_gather,4gpu,4,2048,oop,e_op_j,auto/auto,RING/LL[0-0],8.493333333333334,0.0032800019737927078,True
all_gather,4gpu,4,2048,oop,e_op_dyn_j,Ring/LL,RING/LL[0-0],8.526666666666666,0.002453015245980452,False
all_gather,4gpu,4,2048,oop,e_op_dyn_j,Ring/LL128,RING/LL128[0-0],17.856666666666666,0.0050993884217821915,False
all_gather,4gpu,4,2048,oop,e_op_dyn_j,Ring/Simple,RING/SIMPLE[0-0],25.826666666666664,0.007455897166226488,False
all_gather,4gpu,4,2048,oop,e_op_dyn_j,Ring/auto,RING/LL[0-0],8.5,0.0024301079810301394,False
all_gather,4gpu,4,2048,oop,e_op_dyn_j,auto/LL,RING/LL[0-0],8.5,0.0024218321766897367,False
all_gather,4gpu,4,2048,oop,e_op_dyn_j,auto/LL128,RING/LL128[0-0],17.843333333333334,0.005181752840904737,False
all_gather,4gpu,4,2048,oop,e_op_dyn_j,auto/Simple,RING/SIMPLE[0-0],25.80333333333333,0.0073263116034674785,False
all_gather,4gpu,4,2048,oop,e_op_dyn_j,auto/auto,RING/LL[0-0],8.493333333333334,0.0024019742161880226,True
all_gather,4gpu,4,4096,ip,e_op_j,Ring/LL,RING/LL[0-0],8.543333333333333,0.003344220466131176,True
all_gather,4gpu,4,4096,ip,e_op_j,Ring/LL128,RING/LL128[0-0],17.516666666666666,0.006900492063232577,False
all_gather,4gpu,4,4096,ip,e_op_j,Ring/Simple,RING/SIMPLE[0-0],25.849999999999998,0.010186800023956397,False
all_gather,4gpu,4,4096,ip,e_op_j,Ring/auto,RING/LL[0-0],8.53,0.003350776570636397,True
all_gather,4gpu,4,4096,ip,e_op_j,auto/LL,RING/LL[0-0],8.54,0.003402425927179704,False
all_gather,4gpu,4,4096,ip,e_op_j,auto/LL128,RING/LL128[0-0],17.47333333333333,0.006879743562381488,False
all_gather,4gpu,4,4096,ip,e_op_j,auto/Simple,RING/SIMPLE[0-0],25.906666666666666,0.010209963428131467,False
all_gather,4gpu,4,4096,ip,e_op_j,auto/auto,RING/LL[0-0],8.543333333333331,0.0033658461801648865,False
all_gather,4gpu,4,4096,ip,e_op_dyn_j,Ring/LL,RING/LL[0-0],8.543333333333333,0.002470130374972599,True
all_gather,4gpu,4,4096,ip,e_op_dyn_j,Ring/LL128,RING/LL128[0-0],17.516666666666666,0.005107327795010312,False
all_gather,4gpu,4,4096,ip,e_op_dyn_j,Ring/Simple,RING/SIMPLE[0-0],25.849999999999998,0.007541320613970281,False
all_gather,4gpu,4,4096,ip,e_op_dyn_j,Ring/auto,RING/LL[0-0],8.53,0.0024776541360884033,True
all_gather,4gpu,4,4096,ip,e_op_dyn_j,auto/LL,RING/LL[0-0],8.54,0.0025282747409528217,False
all_gather,4gpu,4,4096,ip,e_op_dyn_j,auto/LL128,RING/LL128[0-0],17.47333333333333,0.005091435749121479,False
all_gather,4gpu,4,4096,ip,e_op_dyn_j,auto/Simple,RING/SIMPLE[0-0],25.906666666666666,0.007558861187122952,False
all_gather,4gpu,4,4096,ip,e_op_dyn_j,auto/auto,RING/LL[0-0],8.543333333333331,0.0024916944717195567,False
all_gather,4gpu,4,4096,oop,e_op_j,Ring/LL,RING/LL[0-0],8.556666666666665,0.0033510724698888137,False
all_gather,4gpu,4,4096,oop,e_op_j,Ring/LL128,RING/LL128[0-0],17.92,0.006984802166604001,False
all_gather,4gpu,4,4096,oop,e_op_j,Ring/Simple,RING/SIMPLE[0-0],26.3,0.010188001836657285,False
all_gather,4gpu,4,4096,oop,e_op_j,Ring/auto,RING/LL[0-0],8.553333333333333,0.0033090836280230645,True
all_gather,4gpu,4,4096,oop,e_op_j,auto/LL,RING/LL[0-0],8.569999999999999,0.0032948217061673033,True
all_gather,4gpu,4,4096,oop,e_op_j,auto/LL128,RING/LL128[0-0],17.856666666666666,0.007021487458580619,False
all_gather,4gpu,4,4096,oop,e_op_j,auto/Simple,RING/SIMPLE[0-0],26.356666666666666,0.010217430184623774,False
all_gather,4gpu,4,4096,oop,e_op_j,auto/auto,RING/LL[0-0],8.573333333333332,0.0033222781495298817,False
all_gather,4gpu,4,4096,oop,e_op_dyn_j,Ring/LL,RING/LL[0-0],8.556666666666665,0.0024670717000755964,False
all_gather,4gpu,4,4096,oop,e_op_dyn_j,Ring/LL128,RING/LL128[0-0],17.92,0.005132287809467353,False
all_gather,4gpu,4,4096,oop,e_op_dyn_j,Ring/Simple,RING/SIMPLE[0-0],26.3,0.007466798575242195,False
all_gather,4gpu,4,4096,oop,e_op_dyn_j,Ring/auto,RING/LL[0-0],8.553333333333333,0.0024255337780690715,True
all_gather,4gpu,4,4096,oop,e_op_dyn_j,auto/LL,RING/LL[0-0],8.569999999999999,0.002409605657966935,True
all_gather,4gpu,4,4096,oop,e_op_dyn_j,auto/LL128,RING/LL128[0-0],17.856666666666666,0.005176748444817197,False
all_gather,4gpu,4,4096,oop,e_op_dyn_j,auto/Simple,RING/SIMPLE[0-0],26.356666666666666,0.00749300547279536,False
all_gather,4gpu,4,4096,oop,e_op_dyn_j,auto/auto,RING/LL[0-0],8.573333333333332,0.0024351398891829024,False
all_gather,4gpu,4,8192,ip,e_op_j,Ring/LL,RING/LL[0-0],8.936666666666666,0.003530453866270541,False
all_gather,4gpu,4,8192,ip,e_op_j,Ring/LL128,RING/LL128[0-0],22.216666666666665,0.00880552350260755,False
all_gather,4gpu,4,8192,ip,e_op_j,Ring/Simple,RING/SIMPLE[0-0],27.819999999999997,0.010984019414217299,False
all_gather,4gpu,4,8192,ip,e_op_j,Ring/auto,RING/LL[0-0],8.926666666666668,0.0035075182324303803,True
all_gather,4gpu,4,8192,ip,e_op_j,auto/LL,RING/LL[0-0],8.936666666666666,0.0035289655705825155,False
all_gather,4gpu,4,8192,ip,e_op_j,auto/LL128,RING/LL128[0-0],22.183333333333326,0.00870526169216577,False
all_gather,4gpu,4,8192,ip,e_op_j,auto/Simple,RING/SIMPLE[0-0],27.756666666666664,0.010858963318632953,False
all_gather,4gpu,4,8192,ip,e_op_j,auto/auto,RING/LL[0-0],8.933333333333334,0.0035077976124234223,False
all_gather,4gpu,4,8192,ip,e_op_dyn_j,Ring/LL,RING/LL[0-0],8.936666666666666,0.002615903649437657,False
all_gather,4gpu,4,8192,ip,e_op_dyn_j,Ring/LL128,RING/LL128[0-0],22.216666666666665,0.006531370225237906,False
all_gather,4gpu,4,8192,ip,e_op_dyn_j,Ring/Simple,RING/SIMPLE[0-0],27.819999999999997,0.008136660332233125,False
all_gather,4gpu,4,8192,ip,e_op_dyn_j,Ring/auto,RING/LL[0-0],8.926666666666668,0.002593761334541107,True
all_gather,4gpu,4,8192,ip,e_op_dyn_j,auto/LL,RING/LL[0-0],8.936666666666666,0.0026142835113284134,False
all_gather,4gpu,4,8192,ip,e_op_dyn_j,auto/LL128,RING/LL128[0-0],22.183333333333326,0.00643512766411488,False
all_gather,4gpu,4,8192,ip,e_op_dyn_j,auto/Simple,RING/SIMPLE[0-0],27.756666666666664,0.008018241901930833,False
all_gather,4gpu,4,8192,ip,e_op_dyn_j,auto/auto,RING/LL[0-0],8.933333333333334,0.0025938115345677556,False
all_gather,4gpu,4,8192,oop,e_op_j,Ring/LL,RING/LL[0-0],9.029999999999996,0.0035013749981190044,True
all_gather,4gpu,4,8192,oop,e_op_j,Ring/LL128,RING/LL128[0-0],22.683333333333337,0.008886057833913752,False
all_gather,4gpu,4,8192,oop,e_op_j,Ring/Simple,RING/SIMPLE[0-0],28.236666666666665,0.0109831674605326,False
all_gather,4gpu,4,8192,oop,e_op_j,Ring/auto,RING/LL[0-0],9.019999999999998,0.00352600595779305,True
all_gather,4gpu,4,8192,oop,e_op_j,auto/LL,RING/LL[0-0],9.026666666666664,0.0035144441129673822,True
all_gather,4gpu,4,8192,oop,e_op_j,auto/LL128,RING/LL128[0-0],22.709999999999997,0.008908060501627417,False
all_gather,4gpu,4,8192,oop,e_op_j,auto/Simple,RING/SIMPLE[0-0],28.286666666666665,0.010922327183528613,False
all_gather,4gpu,4,8192,oop,e_op_j,auto/auto,RING/LL[0-0],9.03,0.0035232238466389415,False
all_gather,4gpu,4,8192,oop,e_op_dyn_j,Ring/LL,RING/LL[0-0],9.029999999999996,0.0025689832872821707,True
all_gather,4gpu,4,8192,oop,e_op_dyn_j,Ring/LL128,RING/LL128[0-0],22.683333333333337,0.0065436684291675555,False
all_gather,4gpu,4,8192,oop,e_op_dyn_j,Ring/Simple,RING/SIMPLE[0-0],28.236666666666665,0.008064272235505687,False
all_gather,4gpu,4,8192,oop,e_op_dyn_j,Ring/auto,RING/LL[0-0],9.019999999999998,0.0025947737636150816,True
all_gather,4gpu,4,8192,oop,e_op_dyn_j,auto/LL,RING/LL[0-0],9.026666666666664,0.0025813756019995335,True
all_gather,4gpu,4,8192,oop,e_op_dyn_j,auto/LL128,RING/LL128[0-0],22.709999999999997,0.006560490378312242,False
all_gather,4gpu,4,8192,oop,e_op_dyn_j,auto/Simple,RING/SIMPLE[0-0],28.286666666666665,0.007998500233081006,False
all_gather,4gpu,4,8192,oop,e_op_dyn_j,auto/auto,RING/LL[0-0],9.03,0.0025900379215391426,False
all_gather,4gpu,4,16384,ip,e_op_j,Ring/LL,RING/LL[0-0],10.016666666666666,0.003940998741214398,True
all_gather,4gpu,4,16384,ip,e_op_j,Ring/LL128,RING/LL128[0-0],22.55333333333333,0.008882678296202887,False
all_gather,4gpu,4,16384,ip,e_op_j,Ring/Simple,RING/SIMPLE[0-0],32.68666666666666,0.01278960484877896,False
all_gather,4gpu,4,16384,ip,e_op_j,Ring/auto,RING/LL[0-0],10.026666666666666,0.003959861079213907,False
all_gather,4gpu,4,16384,ip,e_op_j,auto/LL,RING/LL[0-0],10.056666666666667,0.004027280545019975,False
all_gather,4gpu,4,16384,ip,e_op_j,auto/LL128,RING/LL128[0-0],22.586666666666662,0.008908922174387476,False
all_gather,4gpu,4,16384,ip,e_op_j,auto/Simple,RING/SIMPLE[0-0],32.71,0.012860693023965808,False
all_gather,4gpu,4,16384,ip,e_op_j,auto/auto,RING/LL[0-0],10.033333333333333,0.003941415763540629,False
all_gather,4gpu,4,16384,ip,e_op_dyn_j,Ring/LL,RING/LL[0-0],10.016666666666666,0.0029158715178334307,True
all_gather,4gpu,4,16384,ip,e_op_dyn_j,Ring/LL128,RING/LL128[0-0],22.55333333333333,0.0065743381084688675,False
all_gather,4gpu,4,16384,ip,e_op_dyn_j,Ring/Simple,RING/SIMPLE[0-0],32.68666666666666,0.009444222927160425,False
all_gather,4gpu,4,16384,ip,e_op_dyn_j,Ring/auto,RING/LL[0-0],10.026666666666666,0.0029333310171450193,False
all_gather,4gpu,4,16384,ip,e_op_dyn_j,auto/LL,RING/LL[0-0],10.056666666666667,0.00299779023604538,False
all_gather,4gpu,4,16384,ip,e_op_dyn_j,auto/LL128,RING/LL128[0-0],22.586666666666662,0.006597245152657871,False
all_gather,4gpu,4,16384,ip,e_op_dyn_j,auto/Simple,RING/SIMPLE[0-0],32.71,0.009512918792333508,False
all_gather,4gpu,4,16384,ip,e_op_dyn_j,auto/auto,RING/LL[0-0],10.033333333333333,0.0029144725722598705,True
all_gather,4gpu,4,16384,oop,e_op_j,Ring/LL,RING/LL[0-0],10.283333333333331,0.00402869309174695,True
all_gather,4gpu,4,16384,oop,e_op_j,Ring/LL128,RING/LL128[0-0],23.0,0.009108182709822053,False
all_gather,4gpu,4,16384,oop,e_op_j,Ring/Simple,RING/SIMPLE[0-0],33.19,0.012946169050110451,False
all_gather,4gpu,4,16384,oop,e_op_j,Ring/auto,RING/LL[0-0],10.266666666666666,0.0040515437986367265,True
all_gather,4gpu,4,16384,oop,e_op_j,auto/LL,RING/LL[0-0],10.309999999999999,0.004014060918205017,True
all_gather,4gpu,4,16384,oop,e_op_j,auto/LL128,RING/LL128[0-0],23.013333333333335,0.00906196997287805,False
all_gather,4gpu,4,16384,oop,e_op_j,auto/Simple,RING/SIMPLE[0-0],33.20666666666666,0.012930254922912533,False
all_gather,4gpu,4,16384,oop,e_op_j,auto/auto,RING/LL[0-0],10.346666666666668,0.004038890767140612,False
all_gather,4gpu,4,16384,oop,e_op_dyn_j,Ring/LL,RING/LL[0-0],10.283333333333331,0.0029660184203062177,True
all_gather,4gpu,4,16384,oop,e_op_dyn_j,Ring/LL128,RING/LL128[0-0],23.0,0.006732392830879573,False
all_gather,4gpu,4,16384,oop,e_op_dyn_j,Ring/Simple,RING/SIMPLE[0-0],33.19,0.009512267299168382,False
all_gather,4gpu,4,16384,oop,e_op_dyn_j,Ring/auto,RING/LL[0-0],10.266666666666666,0.0029904819132987918,True
all_gather,4gpu,4,16384,oop,e_op_dyn_j,auto/LL,RING/LL[0-0],10.309999999999999,0.0029472141907595523,True
all_gather,4gpu,4,16384,oop,e_op_dyn_j,auto/LL128,RING/LL128[0-0],23.013333333333335,0.006682137546375741,False
all_gather,4gpu,4,16384,oop,e_op_dyn_j,auto/Simple,RING/SIMPLE[0-0],33.20666666666666,0.009497458364826362,False
all_gather,4gpu,4,16384,oop,e_op_dyn_j,auto/auto,RING/LL[0-0],10.346666666666668,0.0029696184239961076,False
all_gather,4gpu,4,32768,ip,e_op_j,Ring/LL,RING/LL[0-1],11.503333333333332,0.004600876714038345,False
all_gather,4gpu,4,32768,ip,e_op_j,Ring/LL128,RING/LL128[0-1],23.179999999999996,0.009295085333823323,False
all_gather,4gpu,4,32768,ip,e_op_j,Ring/Simple,RING/SIMPLE[0-0],38.0,0.014999855292180562,False
all_gather,4gpu,4,32768,ip,e_op_j,Ring/auto,RING/LL[0-1],11.469999999999999,0.004552848520027226,True
all_gather,4gpu,4,32768,ip,e_op_j,auto/LL,RING/LL[0-1],11.573333333333332,0.004672571580466318,False
all_gather,4gpu,4,32768,ip,e_op_j,auto/LL128,RING/LL128[0-1],23.19333333333333,0.009249684101389955,False
all_gather,4gpu,4,32768,ip,e_op_j,auto/Simple,RING/SIMPLE[0-0],37.96,0.014942175024724412,False
all_gather,4gpu,4,32768,ip,e_op_j,auto/auto,RING/LL[0-1],11.626666666666665,0.004650237017884076,False
all_gather,4gpu,4,32768,ip,e_op_dyn_j,Ring/LL,RING/LL[0-1],11.503333333333332,0.0034236759085874073,False
all_gather,4gpu,4,32768,ip,e_op_dyn_j,Ring/LL128,RING/LL128[0-1],23.179999999999996,0.006922745672997916,False
all_gather,4gpu,4,32768,ip,e_op_dyn_j,Ring/Simple,RING/SIMPLE[0-0],38.0,0.0111113446644717,False
all_gather,4gpu,4,32768,ip,e_op_dyn_j,Ring/auto,RING/LL[0-1],11.469999999999999,0.0033789525679238162,True
all_gather,4gpu,4,32768,ip,e_op_dyn_j,auto/LL,RING/LL[0-1],11.573333333333332,0.0034877518697273104,False
all_gather,4gpu,4,32768,ip,e_op_dyn_j,auto/LL128,RING/LL128[0-1],23.19333333333333,0.006874691493652025,False
all_gather,4gpu,4,32768,ip,e_op_dyn_j,auto/Simple,RING/SIMPLE[0-0],37.96,0.011056693127944868,False
all_gather,4gpu,4,32768,ip,e_op_dyn_j,auto/auto,RING/LL[0-1],11.626666666666665,0.003460422060219881,False
all_gather,4gpu,4,32768,oop,e_op_j,Ring/LL,RING/LL[0-1],11.57,0.0045953820847351575,False
all_gather,4gpu,4,32768,oop,e_op_j,Ring/LL128,RING/LL128[0-1],23.676666666666666,0.009421290041324843,False
all_gather,4gpu,4,32768,oop,e_op_j,Ring/Simple,RING/SIMPLE[0-0],38.55,0.014992545584740327,False
all_gather,4gpu,4,32768,oop,e_op_j,Ring/auto,RING/LL[0-1],11.54,0.004601841198765854,True
all_gather,4gpu,4,32768,oop,e_op_j,auto/LL,RING/LL[0-1],11.566666666666665,0.004554613116814074,True
all_gather,4gpu,4,32768,oop,e_op_j,auto/LL128,RING/LL128[0-1],23.669999999999998,0.0094555527955677,False
all_gather,4gpu,4,32768,oop,e_op_j,auto/Simple,RING/SIMPLE[0-0],38.553333333333335,0.015051957449887835,False
all_gather,4gpu,4,32768,oop,e_op_j,auto/auto,RING/LL[0-1],11.633333333333333,0.004588016347978397,False
all_gather,4gpu,4,32768,oop,e_op_dyn_j,Ring/LL,RING/LL[0-1],11.57,0.0033991121386869375,False
all_gather,4gpu,4,32768,oop,e_op_dyn_j,Ring/LL128,RING/LL128[0-1],23.676666666666666,0.006977456307603645,False
all_gather,4gpu,4,32768,oop,e_op_dyn_j,Ring/Simple,RING/SIMPLE[0-0],38.55,0.011006930727954325,False
all_gather,4gpu,4,32768,oop,e_op_dyn_j,Ring/auto,RING/LL[0-1],11.54,0.0034095105605181195,True
all_gather,4gpu,4,32768,oop,e_op_dyn_j,auto/LL,RING/LL[0-1],11.566666666666665,0.0033588503530679,True
all_gather,4gpu,4,32768,oop,e_op_dyn_j,auto/LL128,RING/LL128[0-1],23.669999999999998,0.007008490984447044,False
all_gather,4gpu,4,32768,oop,e_op_dyn_j,auto/Simple,RING/SIMPLE[0-0],38.553333333333335,0.011069307684929905,False
all_gather,4gpu,4,32768,oop,e_op_dyn_j,auto/auto,RING/LL[0-1],11.633333333333333,0.0033864607826859724,False
all_gather,4gpu,4,65536,ip,e_op_j,Ring/LL,RING/LL[0-3],16.413333333333338,0.006622582751271912,True
all_gather,4gpu,4,65536,ip,e_op_j,Ring/LL128,RING/LL128[0-3],25.56,0.010498950641574654,False
all_gather,4gpu,4,65536,ip,e_op_j,Ring/Simple,RING/SIMPLE[0-1],38.596666666666664,0.0156452642632967,False
all_gather,4gpu,4,65536,ip,e_op_j,Ring/auto,RING/LL[0-3],16.753333333333334,0.0068015250139482975,False
all_gather,4gpu,4,65536,ip,e_op_j,auto/LL,RING/LL[0-3],16.89,0.006918910180468349,False
all_gather,4gpu,4,65536,ip,e_op_j,auto/LL128,RING/LL128[0-3],25.496666666666666,0.010609116868403101,False
all_gather,4gpu,4,65536,ip,e_op_j,auto/Simple,RING/SIMPLE[0-1],38.60333333333333,0.01535813673194191,False
all_gather,4gpu,4,65536,ip,e_op_j,auto/auto,RING/LL[0-3],16.87,0.0067806714638982335,False
all_gather,4gpu,4,65536,ip,e_op_dyn_j,Ring/LL,RING/LL[0-3],16.413333333333338,0.004941679048168107,True
all_gather,4gpu,4,65536,ip,e_op_dyn_j,Ring/LL128,RING/LL128[0-3],25.56,0.007882559002446117,False
all_gather,4gpu,4,65536,ip,e_op_dyn_j,Ring/Simple,RING/SIMPLE[0-1],38.596666666666664,0.011694347391746443,False
all_gather,4gpu,4,65536,ip,e_op_dyn_j,Ring/auto,RING/LL[0-3],16.753333333333334,0.005086005668509236,False
all_gather,4gpu,4,65536,ip,e_op_dyn_j,auto/LL,RING/LL[0-3],16.89,0.005190758803642966,False
all_gather,4gpu,4,65536,ip,e_op_dyn_j,auto/LL128,RING/LL128[0-3],25.496666666666666,0.00799999407553513,False
all_gather,4gpu,4,65536,ip,e_op_dyn_j,auto/Simple,RING/SIMPLE[0-1],38.60333333333333,0.011407818088600469,False
all_gather,4gpu,4,65536,ip,e_op_dyn_j,auto/auto,RING/LL[0-3],16.87,0.0050521686683009616,False
all_gather,4gpu,4,65536,oop,e_op_j,Ring/LL,RING/LL[0-3],16.220000000000002,0.0065212560207940674,True
all_gather,4gpu,4,65536,oop,e_op_j,Ring/LL128,RING/LL128[0-3],25.61333333333333,0.01055618697098061,False
all_gather,4gpu,4,65536,oop,e_op_j,Ring/Simple,RING/SIMPLE[0-1],39.14333333333334,0.015497702836549361,False
all_gather,4gpu,4,65536,oop,e_op_j,Ring/auto,RING/LL[0-3],16.45,0.00660043394705846,False
all_gather,4gpu,4,65536,oop,e_op_j,auto/LL,RING/LL[0-3],16.560000000000002,0.006633171918808987,False
all_gather,4gpu,4,65536,oop,e_op_j,auto/LL128,RING/LL128[0-3],25.61,0.010534595775673708,False
all_gather,4gpu,4,65536,oop,e_op_j,auto/Simple,RING/SIMPLE[0-1],39.153333333333336,0.015601665891001086,False
all_gather,4gpu,4,65536,oop,e_op_j,auto/auto,RING/LL[0-3],16.646666666666665,0.006816153154959491,False
all_gather,4gpu,4,65536,oop,e_op_dyn_j,Ring/LL,RING/LL[0-3],16.220000000000002,0.0048478560196226796,True
all_gather,4gpu,4,65536,oop,e_op_dyn_j,Ring/LL128,RING/LL128[0-3],25.61333333333333,0.007910477921797174,False
all_gather,4gpu,4,65536,oop,e_op_dyn_j,Ring/Simple,RING/SIMPLE[0-1],39.14333333333334,0.011451653218556459,False
all_gather,4gpu,4,65536,oop,e_op_dyn_j,Ring/auto,RING/LL[0-3],16.45,0.004903890453468041,False
all_gather,4gpu,4,65536,oop,e_op_dyn_j,auto/LL,RING/LL[0-3],16.560000000000002,0.004921674522544133,False
all_gather,4gpu,4,65536,oop,e_op_dyn_j,auto/LL128,RING/LL128[0-3],25.61,0.007890068326802512,False
all_gather,4gpu,4,65536,oop,e_op_dyn_j,auto/Simple,RING/SIMPLE[0-1],39.153333333333336,0.011544859259980944,False
all_gather,4gpu,4,65536,oop,e_op_dyn_j,auto/auto,RING/LL[0-3],16.646666666666665,0.005096691950889348,False
all_gather,4gpu,4,131072,ip,e_op_j,Ring/LL,RING/LL[0-7],26.496666666666666,0.011077078237971117,False
all_gather,4gpu,4,131072,ip,e_op_j,Ring/LL128,RING/LL128[0-7],33.36333333333333,0.01469580971666098,False
all_gather,4gpu,4,131072,ip,e_op_j,Ring/Simple,RING/SIMPLE[0-3],39.75,0.01633442295468991,False
all_gather,4gpu,4,131072,ip,e_op_j,Ring/auto,RING/LL[0-7],26.39666666666666,0.011114746586014114,False
all_gather,4gpu,4,131072,ip,e_op_j,auto/LL,RING/LL[0-7],26.473333333333333,0.010997808371639184,False
all_gather,4gpu,4,131072,ip,e_op_j,auto/LL128,RING/LL128[0-7],32.89666666666667,0.014621839901099,False
all_gather,4gpu,4,131072,ip,e_op_j,auto/Simple,RING/SIMPLE[0-3],39.79333333333333,0.0162207403094428,False
all_gather,4gpu,4,131072,ip,e_op_j,auto/auto,RING/LL[0-7],25.89,0.01091927768847889,True
all_gather,4gpu,4,131072,ip,e_op_dyn_j,Ring/LL,RING/LL[0-7],26.496666666666666,0.008364951967780922,False
all_gather,4gpu,4,131072,ip,e_op_dyn_j,Ring/LL128,RING/LL128[0-7],33.36333333333333,0.011282144823347037,False
all_gather,4gpu,4,131072,ip,e_op_dyn_j,Ring/Simple,RING/SIMPLE[0-3],39.75,0.012266516839138425,False
all_gather,4gpu,4,131072,ip,e_op_dyn_j,Ring/auto,RING/LL[0-7],26.39666666666666,0.008414508276273646,False
all_gather,4gpu,4,131072,ip,e_op_dyn_j,auto/LL,RING/LL[0-7],26.473333333333333,0.008289412569883501,False
all_gather,4gpu,4,131072,ip,e_op_dyn_j,auto/LL128,RING/LL128[0-7],32.89666666666667,0.011254135392710488,False
all_gather,4gpu,4,131072,ip,e_op_dyn_j,auto/Simple,RING/SIMPLE[0-3],39.79333333333333,0.012148332613914318,False
all_gather,4gpu,4,131072,ip,e_op_dyn_j,auto/auto,RING/LL[0-7],25.89,0.008269971234129076,True
all_gather,4gpu,4,131072,oop,e_op_j,Ring/LL,RING/LL[0-7],25.633333333333336,0.010643686343855138,False
all_gather,4gpu,4,131072,oop,e_op_j,Ring/LL128,RING/LL128[0-7],33.52,0.014612186529792641,False
all_gather,4gpu,4,131072,oop,e_op_j,Ring/Simple,RING/SIMPLE[0-3],40.26,0.0163878022942583,False
all_gather,4gpu,4,131072,oop,e_op_j,Ring/auto,RING/LL[0-7],25.709999999999997,0.010588847646106375,False
all_gather,4gpu,4,131072,oop,e_op_j,auto/LL,RING/LL[0-7],25.843333333333334,0.010752776697844963,False
all_gather,4gpu,4,131072,oop,e_op_j,auto/LL128,RING/LL128[0-7],32.84,0.014316309817882636,False
all_gather,4gpu,4,131072,oop,e_op_j,auto/Simple,RING/SIMPLE[0-3],40.31333333333333,0.01662404095173978,False
all_gather,4gpu,4,131072,oop,e_op_j,auto/auto,RING/LL[0-7],25.616666666666664,0.010584088491314711,True
all_gather,4gpu,4,131072,oop,e_op_dyn_j,Ring/LL,RING/LL[0-7],25.633333333333336,0.007999826322933555,False
all_gather,4gpu,4,131072,oop,e_op_dyn_j,Ring/LL128,RING/LL128[0-7],33.52,0.01115089611440657,False
all_gather,4gpu,4,131072,oop,e_op_dyn_j,Ring/Simple,RING/SIMPLE[0-3],40.26,0.012223918507677782,False
all_gather,4gpu,4,131072,oop,e_op_dyn_j,Ring/auto,RING/LL[0-7],25.709999999999997,0.007933513341107848,True
all_gather,4gpu,4,131072,oop,e_op_dyn_j,auto/LL,RING/LL[0-7],25.843333333333334,0.008083423926706761,False
all_gather,4gpu,4,131072,oop,e_op_dyn_j,auto/LL128,RING/LL128[0-7],32.84,0.010925743945114122,False
all_gather,4gpu,4,131072,oop,e_op_dyn_j,auto/Simple,RING/SIMPLE[0-3],40.31333333333333,0.012455440657749423,False
all_gather,4gpu,4,131072,oop,e_op_dyn_j,auto/auto,RING/LL[0-7],25.616666666666664,0.007936720470669137,True
all_gather,4gpu,4,262144,ip,e_op_j,Ring/LL,RING/LL[0-7],43.88333333333333,0.01861985815602837,True
all_gather,4gpu,4,262144,ip,e_op_j,Ring/LL128,RING/LL128[0-7],45.01333333333333,0.019966944356398755,False
all_gather,4gpu,4,262144,ip,e_op_j,Ring/Simple,RING/SIMPLE[0-7],45.85999999999999,0.020125750963777615,False
all_gather,4gpu,4,262144,ip,e_op_j,Ring/auto,RING/LL[0-7],44.333333333333336,0.018803196172248803,False
all_gather,4gpu,4,262144,ip,e_op_j,auto/LL,RING/LL[0-7],43.71666666666666,0.018659372456247457,True
all_gather,4gpu,4,262144,ip,e_op_j,auto/LL128,RING/LL128[0-7],46.57999999999999,0.020684915637691825,False
all_gather,4gpu,4,262144,ip,e_op_j,auto/Simple,RING/SIMPLE[0-7],45.636666666666656,0.020350251710847162,False
all_gather,4gpu,4,262144,ip,e_op_j,auto/auto,RING/LL[0-7],45.77333333333333,0.019371737424369,False
all_gather,4gpu,4,262144,ip,e_op_dyn_j,Ring/LL,RING/LL[0-7],43.88333333333333,0.014125851151661817,True
all_gather,4gpu,4,262144,ip,e_op_dyn_j,Ring/LL128,RING/LL128[0-7],45.01333333333333,0.015360688121728758,False
all_gather,4gpu,4,262144,ip,e_op_dyn_j,Ring/Simple,RING/SIMPLE[0-7],45.85999999999999,0.015432286081938881,False
all_gather,4gpu,4,262144,ip,e_op_dyn_j,Ring/auto,RING/LL[0-7],44.333333333333336,0.014267206661459307,False
all_gather,4gpu,4,262144,ip,e_op_dyn_j,auto/LL,RING/LL[0-7],43.71666666666666,0.01417871864509971,True
all_gather,4gpu,4,262144,ip,e_op_dyn_j,auto/LL128,RING/LL128[0-7],46.57999999999999,0.01591190422676471,False
all_gather,4gpu,4,262144,ip,e_op_dyn_j,auto/Simple,RING/SIMPLE[0-7],45.636666666666656,0.015678852869111068,False
all_gather,4gpu,4,262144,ip,e_op_dyn_j,auto/auto,RING/LL[0-7],45.77333333333333,0.01468459822865234,False
all_gather,4gpu,4,262144,oop,e_op_j,Ring/LL,RING/LL[0-7],43.28,0.018089221766370893,True
all_gather,4gpu,4,262144,oop,e_op_j,Ring/LL128,RING/LL128[0-7],45.09,0.0197144988357562,False
all_gather,4gpu,4,262144,oop,e_op_j,Ring/Simple,RING/SIMPLE[0-7],46.276666666666664,0.02038504138862253,False
all_gather,4gpu,4,262144,oop,e_op_j,Ring/auto,RING/LL[0-7],43.79666666666666,0.018391655502392343,False
all_gather,4gpu,4,262144,oop,e_op_j,auto/LL,RING/LL[0-7],43.07333333333332,0.018232797873422874,True
all_gather,4gpu,4,262144,oop,e_op_j,auto/LL128,RING/LL128[0-7],46.85999999999999,0.020584648513097284,False
all_gather,4gpu,4,262144,oop,e_op_j,auto/Simple,RING/SIMPLE[0-7],46.21333333333333,0.02021019822229214,False
all_gather,4gpu,4,262144,oop,e_op_j,auto/auto,RING/LL[0-7],45.303333333333335,0.018985430748588644,False
all_gather,4gpu,4,262144,oop,e_op_dyn_j,Ring/LL,RING/LL[0-7],43.28,0.013622571761187356,True
all_gather,4gpu,4,262144,oop,e_op_dyn_j,Ring/LL128,RING/LL128[0-7],45.09,0.015061372211273039,False
all_gather,4gpu,4,262144,oop,e_op_dyn_j,Ring/Simple,RING/SIMPLE[0-7],46.276666666666664,0.015605441628941995,False
all_gather,4gpu,4,262144,oop,e_op_dyn_j,Ring/auto,RING/LL[0-7],43.79666666666666,0.013868427998792697,False
all_gather,4gpu,4,262144,oop,e_op_dyn_j,auto/LL,RING/LL[0-7],43.07333333333332,0.013791224693522118,True
all_gather,4gpu,4,262144,oop,e_op_dyn_j,auto/LL128,RING/LL128[0-7],46.85999999999999,0.015754174421441867,False
all_gather,4gpu,4,262144,oop,e_op_dyn_j,auto/Simple,RING/SIMPLE[0-7],46.21333333333333,0.015434425404787492,False
all_gather,4gpu,4,262144,oop,e_op_dyn_j,auto/auto,RING/LL[0-7],45.303333333333335,0.014310533677183712,False
all_gather,4gpu,4,524288,ip,e_op_j,Ring/LL,RING/LL[0-7],80.0,0.034095700752975466,False
all_gather,4gpu,4,524288,ip,e_op_j,Ring/LL128,RING/LL128[0-7],72.45666666666666,0.03256112621441066,False
all_gather,4gpu,4,524288,ip,e_op_j,Ring/Simple,RING/SIMPLE[0-7],63.49666666666667,0.027370487064864186,True
all_gather,4gpu,4,524288,ip,e_op_j,Ring/auto,RING/LL[0-7],81.38333333333333,0.03463531173756553,False
all_gather,4gpu,4,524288,ip,e_op_j,auto/LL,RING/LL[0-7],82.32666666666667,0.03512518037518037,False
all_gather,4gpu,4,524288,ip,e_op_j,auto/LL128,RING/LL128[0-7],70.78999999999999,0.031565076044615496,False
all_gather,4gpu,4,524288,ip,e_op_j,auto/Simple,RING/SIMPLE[0-7],64.42,0.02820398393659743,False
all_gather,4gpu,4,524288,ip,e_op_j,auto/auto,RING/LL[0-7],81.91666666666666,0.03493725001483591,False
all_gather,4gpu,4,524288,ip,e_op_dyn_j,Ring/LL,RING/LL[0-7],80.0,0.025895877547849253,False
all_gather,4gpu,4,524288,ip,e_op_dyn_j,Ring/LL128,RING/LL128[0-7],72.45666666666666,0.025141034312749194,False
all_gather,4gpu,4,524288,ip,e_op_dyn_j,Ring/Simple,RING/SIMPLE[0-7],63.49666666666667,0.020873503610295167,True
all_gather,4gpu,4,524288,ip,e_op_dyn_j,Ring/auto,RING/LL[0-7],81.38333333333333,0.026298723826920962,False
all_gather,4gpu,4,524288,ip,e_op_dyn_j,auto/LL,RING/LL[0-7],82.32666666666667,0.0267038044944191,False
all_gather,4gpu,4,524288,ip,e_op_dyn_j,auto/LL128,RING/LL128[0-7],70.78999999999999,0.024323905951341013,False
all_gather,4gpu,4,524288,ip,e_op_dyn_j,auto/Simple,RING/SIMPLE[0-7],64.42,0.021605623639043486,False
all_gather,4gpu,4,524288,ip,e_op_dyn_j,auto/auto,RING/LL[0-7],81.91666666666666,0.02655107954235822,False
all_gather,4gpu,4,524288,oop,e_op_j,Ring/LL,RING/LL[0-7],79.81333333333335,0.03361860809419712,False
all_gather,4gpu,4,524288,oop,e_op_j,Ring/LL128,RING/LL128[0-7],72.78666666666668,0.03219051231797012,False
all_gather,4gpu,4,524288,oop,e_op_j,Ring/Simple,RING/SIMPLE[0-7],63.76333333333332,0.02782664584118777,True
all_gather,4gpu,4,524288,oop,e_op_j,Ring/auto,RING/LL[0-7],81.09999999999998,0.034211295504505156,False
all_gather,4gpu,4,524288,oop,e_op_j,auto/LL,RING/LL[0-7],81.96,0.034666678303775074,False
all_gather,4gpu,4,524288,oop,e_op_j,auto/LL128,RING/LL128[0-7],70.80333333333333,0.03132336652759874,False
all_gather,4gpu,4,524288,oop,e_op_j,auto/Simple,RING/SIMPLE[0-7],64.81666666666666,0.027947855996737676,False
all_gather,4gpu,4,524288,oop,e_op_j,auto/auto,RING/LL[0-7],81.25,0.03420189899709216,False
all_gather,4gpu,4,524288,oop,e_op_dyn_j,Ring/LL,RING/LL[0-7],79.81333333333335,0.025396810511327028,False
all_gather,4gpu,4,524288,oop,e_op_dyn_j,Ring/LL128,RING/LL128[0-7],72.78666666666668,0.024680404586909344,False
all_gather,4gpu,4,524288,oop,e_op_dyn_j,Ring/Simple,RING/SIMPLE[0-7],63.76333333333332,0.021237633524780208,True
all_gather,4gpu,4,524288,oop,e_op_dyn_j,Ring/auto,RING/LL[0-7],81.09999999999998,0.025845378487690487,False
all_gather,4gpu,4,524288,oop,e_op_dyn_j,auto/LL,RING/LL[0-7],81.96,0.026223782827945092,False
all_gather,4gpu,4,524288,oop,e_op_dyn_j,auto/LL128,RING/LL128[0-7],70.80333333333333,0.02401342551497135,False
all_gather,4gpu,4,524288,oop,e_op_dyn_j,auto/Simple,RING/SIMPLE[0-7],64.81666666666666,0.021261633620591882,False
all_gather,4gpu,4,524288,oop,e_op_dyn_j,auto/auto,RING/LL[0-7],81.25,0.025815262127004076,False
all_gather,4gpu,4,1048576,ip,e_op_j,Ring/LL,RING/LL[0-7],161.58666666666667,0.06940394702796791,False
all_gather,4gpu,4,1048576,ip,e_op_j,Ring/LL128,RING/LL128[0-7],132.54666666666665,0.059232101806308564,False
all_gather,4gpu,4,1048576,ip,e_op_j,Ring/Simple,RING/SIMPLE[0-7],103.49,0.044693120028760164,False
all_gather,4gpu,4,1048576,ip,e_op_j,Ring/auto,RING/SIMPLE[0-7],100.80666666666666,0.0439951801335175,False
all_gather,4gpu,4,1048576,ip,e_op_j,auto/LL,RING/LL[0-7],161.33,0.07009811990067401,False
all_gather,4gpu,4,1048576,ip,e_op_j,auto/LL128,RING/LL128[0-7],129.35999999999999,0.05843984292804754,False
all_gather,4gpu,4,1048576,ip,e_op_j,auto/Simple,RING/SIMPLE[0-7],99.58333333333333,0.043480840403585325,True
all_gather,4gpu,4,1048576,ip,e_op_j,auto/auto,RING/SIMPLE[0-7],100.37333333333333,0.04386114224943233,False
all_gather,4gpu,4,1048576,ip,e_op_dyn_j,Ring/LL,RING/LL[0-7],161.58666666666667,0.052881241682661416,False
all_gather,4gpu,4,1048576,ip,e_op_dyn_j,Ring/LL128,RING/LL128[0-7],132.54666666666665,0.0456739800039353,False
all_gather,4gpu,4,1048576,ip,e_op_dyn_j,Ring/Simple,RING/SIMPLE[0-7],103.49,0.03409474496133109,False
all_gather,4gpu,4,1048576,ip,e_op_dyn_j,Ring/auto,RING/SIMPLE[0-7],100.80666666666666,0.03367948946981774,False
all_gather,4gpu,4,1048576,ip,e_op_dyn_j,auto/LL,RING/LL[0-7],161.33,0.05356239338024277,False
all_gather,4gpu,4,1048576,ip,e_op_dyn_j,auto/LL128,RING/LL128[0-7],129.35999999999999,0.045206865872912595,False
all_gather,4gpu,4,1048576,ip,e_op_dyn_j,auto/Simple,RING/SIMPLE[0-7],99.58333333333333,0.033290040802634945,True
all_gather,4gpu,4,1048576,ip,e_op_dyn_j,auto/auto,RING/SIMPLE[0-7],100.37333333333333,0.03358582336127188,False
all_gather,4gpu,4,1048576,oop,e_op_j,Ring/LL,RING/LL[0-7],162.22,0.07001002046432857,False
all_gather,4gpu,4,1048576,oop,e_op_j,Ring/LL128,RING/LL128[0-7],132.16666666666666,0.05873487356343037,False
all_gather,4gpu,4,1048576,oop,e_op_j,Ring/Simple,RING/SIMPLE[0-7],103.64666666666669,0.044681615961892775,False
all_gather,4gpu,4,1048576,oop,e_op_j,Ring/auto,RING/SIMPLE[0-7],101.03666666666665,0.04383718922651934,False
all_gather,4gpu,4,1048576,oop,e_op_j,auto/LL,RING/LL[0-7],160.17666666666665,0.06874156320208112,False
all_gather,4gpu,4,1048576,oop,e_op_j,auto/LL128,RING/LL128[0-7],129.13,0.05755412730749304,False
all_gather,4gpu,4,1048576,oop,e_op_j,auto/Simple,RING/SIMPLE[0-7],99.62,0.043217749594188094,True
all_gather,4gpu,4,1048576,oop,e_op_j,auto/auto,RING/SIMPLE[0-7],100.74999999999999,0.04326752608433215,False
all_gather,4gpu,4,1048576,oop,e_op_dyn_j,Ring/LL,RING/LL[0-7],162.22,0.053282954940591244,False
all_gather,4gpu,4,1048576,oop,e_op_dyn_j,Ring/LL128,RING/LL128[0-7],132.16666666666666,0.045100088654426156,False
all_gather,4gpu,4,1048576,oop,e_op_dyn_j,Ring/Simple,RING/SIMPLE[0-7],103.64666666666669,0.033980832833306475,False
all_gather,4gpu,4,1048576,oop,e_op_dyn_j,Ring/auto,RING/SIMPLE[0-7],101.03666666666665,0.03341554367778044,False
all_gather,4gpu,4,1048576,oop,e_op_dyn_j,auto/LL,RING/LL[0-7],160.17666666666665,0.0522201534970333,False
all_gather,4gpu,4,1048576,oop,e_op_dyn_j,auto/LL128,RING/LL128[0-7],129.13,0.04420264943390836,False
all_gather,4gpu,4,1048576,oop,e_op_dyn_j,auto/Simple,RING/SIMPLE[0-7],99.62,0.03293128242750261,True
all_gather,4gpu,4,1048576,oop,e_op_dyn_j,auto/auto,RING/SIMPLE[0-7],100.74999999999999,0.03287188703878182,True
all_gather,4gpu,4,2097152,ip,e_op_j,Ring/LL,RING/LL[0-7],329.19666666666666,0.14407023742227246,False
all_gather,4gpu,4,2097152,ip,e_op_j,Ring/LL128,RING/LL128[0-7],254.97666666666666,0.11663541205956067,False
all_gather,4gpu,4,2097152,ip,e_op_j,Ring/Simple,RING/SIMPLE[0-7],164.64,0.07189028895298821,False
all_gather,4gpu,4,2097152,ip,e_op_j,Ring/auto,RING/SIMPLE[0-7],163.50333333333333,0.07174594472814659,False
all_gather,4gpu,4,2097152,ip,e_op_j,auto/LL,RING/LL[0-7],328.4866666666666,0.14624640119648533,False
all_gather,4gpu,4,2097152,ip,e_op_j,auto/LL128,RING/LL128[0-7],258.46,0.11656363369317764,False
all_gather,4gpu,4,2097152,ip,e_op_j,auto/Simple,RING/SIMPLE[0-7],163.40333333333334,0.07159424603174604,True
all_gather,4gpu,4,2097152,ip,e_op_j,auto/auto,RING/SIMPLE[0-7],164.57333333333335,0.07277215628091,False
all_gather,4gpu,4,2097152,ip,e_op_dyn_j,Ring/LL,RING/LL[0-7],329.19666666666666,0.11033534276888851,False
all_gather,4gpu,4,2097152,ip,e_op_dyn_j,Ring/LL128,RING/LL128[0-7],254.97666666666666,0.09053700147664671,False
all_gather,4gpu,4,2097152,ip,e_op_dyn_j,Ring/Simple,RING/SIMPLE[0-7],164.64,0.055048785357221214,False
all_gather,4gpu,4,2097152,ip,e_op_dyn_j,Ring/auto,RING/SIMPLE[0-7],163.50333333333333,0.055020954574080926,False
all_gather,4gpu,4,2097152,ip,e_op_dyn_j,auto/LL,RING/LL[0-7],328.4866666666666,0.11258410890628061,False
all_gather,4gpu,4,2097152,ip,e_op_dyn_j,auto/LL128,RING/LL128[0-7],258.46,0.09011428355022665,False
all_gather,4gpu,4,2097152,ip,e_op_dyn_j,auto/Simple,RING/SIMPLE[0-7],163.40333333333334,0.0548741961929434,True
all_gather,4gpu,4,2097152,ip,e_op_dyn_j,auto/auto,RING/SIMPLE[0-7],164.57333333333335,0.055933946483916946,False
all_gather,4gpu,4,2097152,oop,e_op_j,Ring/LL,RING/LL[0-7],327.25666666666666,0.1435782928208027,False
all_gather,4gpu,4,2097152,oop,e_op_j,Ring/LL128,RING/LL128[0-7],254.4766666666667,0.11434372696446998,False
all_gather,4gpu,4,2097152,oop,e_op_j,Ring/Simple,RING/SIMPLE[0-7],165.23666666666668,0.07226486513840392,False
all_gather,4gpu,4,2097152,oop,e_op_j,Ring/auto,RING/SIMPLE[0-7],164.48666666666668,0.07091306198057475,True
all_gather,4gpu,4,2097152,oop,e_op_j,auto/LL,RING/LL[0-7],326.40999999999997,0.14183090297251824,False
all_gather,4gpu,4,2097152,oop,e_op_j,auto/LL128,RING/LL128[0-7],258.55333333333334,0.11645769993390614,False
all_gather,4gpu,4,2097152,oop,e_op_j,auto/Simple,RING/SIMPLE[0-7],164.42333333333332,0.07213799603174605,True
all_gather,4gpu,4,2097152,oop,e_op_j,auto/auto,RING/SIMPLE[0-7],165.40333333333334,0.07249530168150346,False
all_gather,4gpu,4,2097152,oop,e_op_dyn_j,Ring/LL,RING/LL[0-7],327.25666666666666,0.10974020902961196,False
all_gather,4gpu,4,2097152,oop,e_op_dyn_j,Ring/LL128,RING/LL128[0-7],254.4766666666667,0.08813922544196762,False
all_gather,4gpu,4,2097152,oop,e_op_dyn_j,Ring/Simple,RING/SIMPLE[0-7],165.23666666666668,0.055213030091154934,False
all_gather,4gpu,4,2097152,oop,e_op_dyn_j,Ring/auto,RING/SIMPLE[0-7],164.48666666666668,0.05391407686120792,True
all_gather,4gpu,4,2097152,oop,e_op_dyn_j,auto/LL,RING/LL[0-7],326.40999999999997,0.10816228055233178,False
all_gather,4gpu,4,2097152,oop,e_op_dyn_j,auto/LL128,RING/LL128[0-7],258.55333333333334,0.08970927770808186,False
all_gather,4gpu,4,2097152,oop,e_op_dyn_j,auto/Simple,RING/SIMPLE[0-7],164.42333333333332,0.055165094593328114,True
all_gather,4gpu,4,2097152,oop,e_op_dyn_j,auto/auto,RING/SIMPLE[0-7],165.40333333333334,0.05542668660358153,False
all_gather,4gpu,4,4194304,ip,e_op_j,Ring/LL,RING/LL[0-7],695.9699999999999,0.30707913953029403,False
all_gather,4gpu,4,4194304,ip,e_op_j,Ring/LL128,RING/LL128[0-7],484.78000000000003,0.22075508227873317,False
all_gather,4gpu,4,4194304,ip,e_op_j,Ring/Simple,RING/SIMPLE[0-7],313.4166666666667,0.14027834803142017,True
all_gather,4gpu,4,4194304,ip,e_op_j,Ring/auto,RING/SIMPLE[0-7],321.27,0.14251104761904762,False
all_gather,4gpu,4,4194304,ip,e_op_j,auto/LL,RING/LL[0-7],733.5033333333332,0.32502920143027414,False
all_gather,4gpu,4,4194304,ip,e_op_j,auto/LL128,RING/LL128[0-7],506.54333333333335,0.2308187134502924,False
all_gather,4gpu,4,4194304,ip,e_op_j,auto/Simple,RING/SIMPLE[0-7],321.3633333333333,0.1433583439310442,False
all_gather,4gpu,4,4194304,ip,e_op_j,auto/auto,RING/SIMPLE[0-7],322.25666666666666,0.1439496453900709,False
all_gather,4gpu,4,4194304,ip,e_op_dyn_j,Ring/LL,RING/LL[0-7],695.9699999999999,0.23581199626204943,False
all_gather,4gpu,4,4194304,ip,e_op_dyn_j,Ring/LL128,RING/LL128[0-7],484.78000000000003,0.17118508029256985,False
all_gather,4gpu,4,4194304,ip,e_op_dyn_j,Ring/Simple,RING/SIMPLE[0-7],313.4166666666667,0.10815492812253909,True
all_gather,4gpu,4,4194304,ip,e_op_dyn_j,Ring/auto,RING/SIMPLE[0-7],321.27,0.10965113324800076,False
all_gather,4gpu,4,4194304,ip,e_op_dyn_j,auto/LL,RING/LL[0-7],733.5033333333332,0.24996693579257845,False
all_gather,4gpu,4,4194304,ip,e_op_dyn_j,auto/LL128,RING/LL128[0-7],506.54333333333335,0.17892052919223564,False
all_gather,4gpu,4,4194304,ip,e_op_dyn_j,auto/Simple,RING/SIMPLE[0-7],321.3633333333333,0.11045068429765385,False
all_gather,4gpu,4,4194304,ip,e_op_dyn_j,auto/auto,RING/SIMPLE[0-7],322.25666666666666,0.1109589925232079,False
all_gather,4gpu,4,4194304,oop,e_op_j,Ring/LL,RING/LL[0-7],689.5333333333334,0.30110578251430825,False
all_gather,4gpu,4,4194304,oop,e_op_j,Ring/LL128,RING/LL128[0-7],485.4066666666666,0.21971372526990549,False
all_gather,4gpu,4,4194304,oop,e_op_j,Ring/Simple,RING/SIMPLE[0-7],315.1166666666667,0.1386795817069057,True
all_gather,4gpu,4,4194304,oop,e_op_j,Ring/auto,RING/SIMPLE[0-7],323.04333333333335,0.14194885714285715,False
all_gather,4gpu,4,4194304,oop,e_op_j,auto/LL,RING/LL[0-7],724.5133333333333,0.318251291219706,False
all_gather,4gpu,4,4194304,oop,e_op_j,auto/LL128,RING/LL128[0-7],504.8166666666666,0.2261338688085676,False
all_gather,4gpu,4,4194304,oop,e_op_j,auto/Simple,RING/SIMPLE[0-7],323.63,0.14441364043144458,False
all_gather,4gpu,4,4194304,oop,e_op_j,auto/auto,RING/SIMPLE[0-7],323.0566666666667,0.14263096926713947,False
all_gather,4gpu,4,4194304,oop,e_op_dyn_j,Ring/LL,RING/LL[0-7],689.5333333333334,0.2300740100294635,False
all_gather,4gpu,4,4194304,oop,e_op_dyn_j,Ring/LL128,RING/LL128[0-7],485.4066666666666,0.16968405064370864,False
all_gather,4gpu,4,4194304,oop,e_op_dyn_j,Ring/Simple,RING/SIMPLE[0-7],315.1166666666667,0.10610185381592213,True
all_gather,4gpu,4,4194304,oop,e_op_dyn_j,Ring/auto,RING/SIMPLE[0-7],323.04333333333335,0.10857703636487866,False
all_gather,4gpu,4,4194304,oop,e_op_dyn_j,auto/LL,RING/LL[0-7],724.5133333333333,0.24363894932645258,False
all_gather,4gpu,4,4194304,oop,e_op_dyn_j,auto/LL128,RING/LL128[0-7],504.8166666666666,0.17416246709006633,False
all_gather,4gpu,4,4194304,oop,e_op_dyn_j,auto/Simple,RING/SIMPLE[0-7],323.63,0.11105066251494149,False
all_gather,4gpu,4,4194304,oop,e_op_dyn_j,auto/auto,RING/SIMPLE[0-7],323.0566666666667,0.10930433929872163,False
all_gather,4gpu,4,8388608,ip,e_op_j,Ring/LL,RING/LL[0-7],1589.263333333333,0.6918846625766871,False
all_gather,4gpu,4,8388608,ip,e_op_j,Ring/LL128,RING/LL128[0-7],966.9966666666666,0.44321906682835194,False
all_gather,4gpu,4,8388608,ip,e_op_j,Ring/Simple,RING/SIMPLE[0-7],632.5799999999999,0.28548024316109427,False
all_gather,4gpu,4,8388608,ip,e_op_j,Ring/auto,RING/SIMPLE[0-7],633.6266666666667,0.2827210565065341,False
all_gather,4gpu,4,8388608,ip,e_op_j,auto/LL,RING/LL[0-7],1558.0633333333335,0.6828265765765766,False
all_gather,4gpu,4,8388608,ip,e_op_j,auto/LL128,RING/LL128[0-7],1021.6099999999998,0.46006195944987943,False
all_gather,4gpu,4,8388608,ip,e_op_j,auto/Simple,RING/SIMPLE[0-7],624.6999999999999,0.280348385331144,False
all_gather,4gpu,4,8388608,ip,e_op_j,auto/auto,RING/SIMPLE[0-7],607.9433333333333,0.2757937283817218,True
all_gather,4gpu,4,8388608,ip,e_op_dyn_j,Ring/LL,RING/LL[0-7],1589.263333333333,0.5293729678319102,False
all_gather,4gpu,4,8388608,ip,e_op_dyn_j,Ring/LL128,RING/LL128[0-7],966.9966666666666,0.34429356397769223,False
all_gather,4gpu,4,8388608,ip,e_op_dyn_j,Ring/Simple,RING/SIMPLE[0-7],632.5799999999999,0.22068571711237317,False
all_gather,4gpu,4,8388608,ip,e_op_dyn_j,Ring/auto,RING/SIMPLE[0-7],633.6266666666667,0.21781811148837948,False
all_gather,4gpu,4,8388608,ip,e_op_dyn_j,auto/LL,RING/LL[0-7],1558.0633333333335,0.5233338571978405,False
all_gather,4gpu,4,8388608,ip,e_op_dyn_j,auto/LL128,RING/LL128[0-7],1021.6099999999998,0.355592883226525,False
all_gather,4gpu,4,8388608,ip,e_op_dyn_j,auto/Simple,RING/SIMPLE[0-7],624.6999999999999,0.21644034518878472,False
all_gather,4gpu,4,8388608,ip,e_op_dyn_j,auto/auto,RING/SIMPLE[0-7],607.9433333333333,0.21349225854611853,True
all_gather,4gpu,4,8388608,oop,e_op_j,Ring/LL,RING/LL[0-7],1572.6666666666667,0.6830484662576687,False
all_gather,4gpu,4,8388608,oop,e_op_j,Ring/LL128,RING/LL128[0-7],972.1,0.4355064712658181,False
all_gather,4gpu,4,8388608,oop,e_op_j,Ring/Simple,RING/SIMPLE[0-7],633.5166666666667,0.2790179607626416,False
all_gather,4gpu,4,8388608,oop,e_op_j,Ring/auto,RING/SIMPLE[0-7],632.3633333333332,0.28011356524940184,False
all_gather,4gpu,4,8388608,oop,e_op_j,auto/LL,RING/LL[0-7],1547.0533333333333,0.6675622440622441,False
all_gather,4gpu,4,8388608,oop,e_op_j,auto/LL128,RING/LL128[0-7],1022.4599999999999,0.4628712604565433,False
all_gather,4gpu,4,8388608,oop,e_op_j,auto/Simple,RING/SIMPLE[0-7],623.6,0.27721337347199415,False
all_gather,4gpu,4,8388608,oop,e_op_j,auto/auto,RING/SIMPLE[0-7],606.9366666666666,0.2678211704440967,True
all_gather,4gpu,4,8388608,oop,e_op_dyn_j,Ring/LL,RING/LL[0-7],1572.6666666666667,0.5210740438572098,False
all_gather,4gpu,4,8388608,oop,e_op_dyn_j,Ring/LL128,RING/LL128[0-7],972.1,0.33533404780592585,False
all_gather,4gpu,4,8388608,oop,e_op_dyn_j,Ring/Simple,RING/SIMPLE[0-7],633.5166666666667,0.21358394899295507,False
all_gather,4gpu,4,8388608,oop,e_op_dyn_j,Ring/auto,RING/SIMPLE[0-7],632.3633333333332,0.2148616810035997,False
all_gather,4gpu,4,8388608,oop,e_op_dyn_j,auto/LL,RING/LL[0-7],1547.0533333333333,0.508238201459302,False
all_gather,4gpu,4,8388608,oop,e_op_dyn_j,auto/LL128,RING/LL128[0-7],1022.4599999999999,0.3575859527545431,False
all_gather,4gpu,4,8388608,oop,e_op_dyn_j,auto/Simple,RING/SIMPLE[0-7],623.6,0.21289076032227358,False
all_gather,4gpu,4,8388608,oop,e_op_dyn_j,auto/auto,RING/SIMPLE[0-7],606.9366666666666,0.2052559053980518,True
all_gather,4gpu,4,16777216,ip,e_op_j,Ring/LL,RING/LL[0-7],3021.6299999999997,1.3243932059447983,False
all_gather,4gpu,4,16777216,ip,e_op_j,Ring/LL128,RING/LL128[0-7],2065.4266666666667,0.9295717552887366,False
all_gather,4gpu,4,16777216,ip,e_op_j,Ring/Simple,RING/SIMPLE[0-7],1270.0533333333333,0.568611080884258,False
all_gather,4gpu,4,16777216,ip,e_op_j,Ring/auto,RING/SIMPLE[0-7],1275.3266666666666,0.572139684287812,False
all_gather,4gpu,4,16777216,ip,e_op_j,auto/LL,RING/LL[0-7],2956.346666666667,1.3053749452474814,False
all_gather,4gpu,4,16777216,ip,e_op_j,auto/LL128,RING/LL128[0-7],2057.9833333333336,0.9295691823899371,False
all_gather,4gpu,4,16777216,ip,e_op_j,auto/Simple,RING/SIMPLE[0-7],1273.5766666666666,0.5707897435897435,False
all_gather,4gpu,4,16777216,ip,e_op_j,auto/auto,RING/SIMPLE[0-7],1268.2166666666665,0.5679320282762371,True
all_gather,4gpu,4,16777216,ip,e_op_dyn_j,Ring/LL,RING/LL[0-7],3021.6299999999997,1.0153426312092726,False
all_gather,4gpu,4,16777216,ip,e_op_dyn_j,Ring/LL128,RING/LL128[0-7],2065.4266666666667,0.7183184509455853,False
all_gather,4gpu,4,16777216,ip,e_op_dyn_j,Ring/Simple,RING/SIMPLE[0-7],1270.0533333333333,0.43864529113505607,False
all_gather,4gpu,4,16777216,ip,e_op_dyn_j,Ring/auto,RING/SIMPLE[0-7],1275.3266666666666,0.4417011134745017,False
all_gather,4gpu,4,16777216,ip,e_op_dyn_j,auto/LL,RING/LL[0-7],2956.346666666667,1.002389601706747,False
all_gather,4gpu,4,16777216,ip,e_op_dyn_j,auto/LL128,RING/LL128[0-7],2057.9833333333336,0.7182692381828852,False
all_gather,4gpu,4,16777216,ip,e_op_dyn_j,auto/Simple,RING/SIMPLE[0-7],1273.5766666666666,0.4404527994040932,False
all_gather,4gpu,4,16777216,ip,e_op_dyn_j,auto/auto,RING/SIMPLE[0-7],1268.2166666666665,0.43796200716980654,True
all_gather,4gpu,4,16777216,oop,e_op_j,Ring/LL,RING/LL[0-7],3005.08,1.3063808917197453,False
all_gather,4gpu,4,16777216,oop,e_op_j,Ring/LL128,RING/LL128[0-7],2067.103333333333,0.9219525443110349,False
all_gather,4gpu,4,16777216,oop,e_op_j,Ring/Simple,RING/SIMPLE[0-7],1268.9499999999998,0.5717470887689151,False
all_gather,4gpu,4,16777216,oop,e_op_j,Ring/auto,RING/SIMPLE[0-7],1273.7066666666667,0.5731938325991189,False
all_gather,4gpu,4,16777216,oop,e_op_j,auto/LL,RING/LL[0-7],2936.03,1.2699469995619799,False
all_gather,4gpu,4,16777216,oop,e_op_j,auto/LL128,RING/LL128[0-7],2056.0133333333333,0.9169002287021155,False
all_gather,4gpu,4,16777216,oop,e_op_j,auto/Simple,RING/SIMPLE[0-7],1268.9133333333334,0.5692311355311355,True
all_gather,4gpu,4,16777216,oop,e_op_j,auto/auto,RING/SIMPLE[0-7],1269.023333333333,0.5665802066340403,True
all_gather,4gpu,4,16777216,oop,e_op_dyn_j,Ring/LL,RING/LL[0-7],3005.08,0.9961032198796058,False
all_gather,4gpu,4,16777216,oop,e_op_dyn_j,Ring/LL128,RING/LL128[0-7],2067.103333333333,0.7087882221172096,False
all_gather,4gpu,4,16777216,oop,e_op_dyn_j,Ring/Simple,RING/SIMPLE[0-7],1268.9499999999998,0.44073939330235895,False
all_gather,4gpu,4,16777216,oop,e_op_dyn_j,Ring/auto,RING/SIMPLE[0-7],1273.7066666666667,0.441677478952708,False
all_gather,4gpu,4,16777216,oop,e_op_dyn_j,auto/LL,RING/LL[0-7],2936.03,0.9674169673687558,False
all_gather,4gpu,4,16777216,oop,e_op_dyn_j,auto/LL128,RING/LL128[0-7],2056.0133333333333,0.7049152773897612,False
all_gather,4gpu,4,16777216,oop,e_op_dyn_j,auto/Simple,RING/SIMPLE[0-7],1268.9133333333334,0.43818449031831613,True
all_gather,4gpu,4,16777216,oop,e_op_dyn_j,auto/auto,RING/SIMPLE[0-7],1269.023333333333,0.4358008684942501,True
all_gather,4gpu,4,33554432,ip,e_op_j,Ring/LL,RING/LL[0-7],6088.466666666666,2.6606941580756014,False
all_gather,4gpu,4,33554432,ip,e_op_j,Ring/LL128,RING/LL128[0-7],4113.96,1.8734502014968335,False
all_gather,4gpu,4,33554432,ip,e_op_j,Ring/Simple,RING/SIMPLE[0-7],2616.61,1.1794709821428573,False
all_gather,4gpu,4,33554432,ip,e_op_j,Ring/auto,RING/SIMPLE[0-7],2607.0966666666664,1.1892613768961493,False
all_gather,4gpu,4,33554432,ip,e_op_j,auto/LL,RING/LL[0-7],6770.073333333334,2.943377260981912,False
all_gather,4gpu,4,33554432,ip,e_op_j,auto/LL128,RING/LL128[0-7],4007.7333333333336,1.8126182033096925,False
all_gather,4gpu,4,33554432,ip,e_op_j,auto/Simple,RING/SIMPLE[0-7],2416.483333333333,1.0916573049150429,True
all_gather,4gpu,4,33554432,ip,e_op_j,auto/auto,RING/SIMPLE[0-7],2623.3866666666668,1.1872918586789554,False
all_gather,4gpu,4,33554432,ip,e_op_dyn_j,Ring/LL,RING/LL[0-7],6088.466666666666,2.0364294698881116,False
all_gather,4gpu,4,33554432,ip,e_op_dyn_j,Ring/LL128,RING/LL128[0-7],4113.96,1.4526001174250063,False
all_gather,4gpu,4,33554432,ip,e_op_dyn_j,Ring/Simple,RING/SIMPLE[0-7],2616.61,0.9118260174960571,False
all_gather,4gpu,4,33554432,ip,e_op_dyn_j,Ring/auto,RING/SIMPLE[0-7],2607.0966666666664,0.922363735314003,False
all_gather,4gpu,4,33554432,ip,e_op_dyn_j,auto/LL,RING/LL[0-7],6770.073333333334,2.2496386964635042,False
all_gather,4gpu,4,33554432,ip,e_op_dyn_j,auto/LL128,RING/LL128[0-7],4007.7333333333336,1.4026505742518214,False
all_gather,4gpu,4,33554432,ip,e_op_dyn_j,auto/Simple,RING/SIMPLE[0-7],2416.483333333333,0.8442591922903842,True
all_gather,4gpu,4,33554432,ip,e_op_dyn_j,auto/auto,RING/SIMPLE[0-7],2623.3866666666668,0.9184787198365784,False
all_gather,4gpu,4,33554432,oop,e_op_j,Ring/LL,RING/LL[0-7],6036.63,2.622914089347079,False
all_gather,4gpu,4,33554432,oop,e_op_j,Ring/LL128,RING/LL128[0-7],4123.066666666666,1.8526850892343119,False
all_gather,4gpu,4,33554432,oop,e_op_j,Ring/Simple,RING/SIMPLE[0-7],2616.486666666666,1.1880465029761904,False
all_gather,4gpu,4,33554432,oop,e_op_j,Ring/auto,RING/SIMPLE[0-7],2603.0099999999998,1.1648848697005056,False
all_gather,4gpu,4,33554432,oop,e_op_j,auto/LL,RING/LL[0-7],6742.69,2.9471360895779504,False
all_gather,4gpu,4,33554432,oop,e_op_j,auto/LL128,RING/LL128[0-7],4018.5033333333336,1.839085697399527,False
all_gather,4gpu,4,33554432,oop,e_op_j,auto/Simple,RING/SIMPLE[0-7],2418.506666666666,1.0986191529326288,True
all_gather,4gpu,4,33554432,oop,e_op_j,auto/auto,RING/SIMPLE[0-7],2610.25,1.1747488479262673,False
all_gather,4gpu,4,33554432,oop,e_op_dyn_j,Ring/LL,RING/LL[0-7],6036.63,2.0013132412669923,False
all_gather,4gpu,4,33554432,oop,e_op_dyn_j,Ring/LL128,RING/LL128[0-7],4123.066666666666,1.426725195193236,False
all_gather,4gpu,4,33554432,oop,e_op_dyn_j,Ring/Simple,RING/SIMPLE[0-7],2616.486666666666,0.9185463033407771,False
all_gather,4gpu,4,33554432,oop,e_op_dyn_j,Ring/auto,RING/SIMPLE[0-7],2603.0099999999998,0.8965102394434384,False
all_gather,4gpu,4,33554432,oop,e_op_dyn_j,auto/LL,RING/LL[0-7],6742.69,2.253232880320068,False
all_gather,4gpu,4,33554432,oop,e_op_dyn_j,auto/LL128,RING/LL128[0-7],4018.5033333333336,1.4243824078903542,False
all_gather,4gpu,4,33554432,oop,e_op_dyn_j,auto/Simple,RING/SIMPLE[0-7],2418.506666666666,0.8491612222790712,True
all_gather,4gpu,4,33554432,oop,e_op_dyn_j,auto/auto,RING/SIMPLE[0-7],2610.25,0.905712857998275,False
all_gather,4gpu,4,67108864,ip,e_op_j,Ring/LL,RING/LL[0-7],12243.233333333332,5.379649214659686,False
all_gather,4gpu,4,67108864,ip,e_op_j,Ring/LL128,RING/LL128[0-7],8284.286666666665,3.810763698630137,False
all_gather,4gpu,4,67108864,ip,e_op_j,Ring/Simple,RING/SIMPLE[0-7],5390.639999999999,2.42475094055681,False
all_gather,4gpu,4,67108864,ip,e_op_j,Ring/auto,RING/SIMPLE[0-7],5318.643333333333,2.406139077853364,True
all_gather,4gpu,4,67108864,ip,e_op_j,auto/LL,RING/LL[0-7],13760.566666666666,6.042765625,False
all_gather,4gpu,4,67108864,ip,e_op_j,auto/LL128,RING/LL128[0-7],8073.719999999998,3.68446803652968,False
all_gather,4gpu,4,67108864,ip,e_op_j,auto/Simple,RING/SIMPLE[0-7],5377.806666666666,2.43384009009009,False
all_gather,4gpu,4,67108864,ip,e_op_j,auto/auto,RING/SIMPLE[0-7],5356.7699999999995,2.4078971471471475,False
all_gather,4gpu,4,67108864,ip,e_op_dyn_j,Ring/LL,RING/LL[0-7],12243.233333333332,4.126539683749688,False
all_gather,4gpu,4,67108864,ip,e_op_dyn_j,Ring/LL128,RING/LL128[0-7],8284.286666666665,2.9625636900293912,False
all_gather,4gpu,4,67108864,ip,e_op_dyn_j,Ring/Simple,RING/SIMPLE[0-7],5390.639999999999,1.8733732880934226,False
all_gather,4gpu,4,67108864,ip,e_op_dyn_j,Ring/auto,RING/SIMPLE[0-7],5318.643333333333,1.8615553239512759,True
all_gather,4gpu,4,67108864,ip,e_op_dyn_j,auto/LL,RING/LL[0-7],13760.566666666666,4.6348940479462035,False
all_gather,4gpu,4,67108864,ip,e_op_dyn_j,auto/LL128,RING/LL128[0-7],8073.719999999998,2.8572510416016663,False
all_gather,4gpu,4,67108864,ip,e_op_dyn_j,auto/Simple,RING/SIMPLE[0-7],5377.806666666666,1.8833512963105108,False
all_gather,4gpu,4,67108864,ip,e_op_dyn_j,auto/auto,RING/SIMPLE[0-7],5356.7699999999995,1.8598507808677993,True
all_gather,4gpu,4,67108864,oop,e_op_j,Ring/LL,RING/LL[0-7],12107.633333333333,5.241052356020943,False
all_gather,4gpu,4,67108864,oop,e_op_j,Ring/LL128,RING/LL128[0-7],8244.476666666666,3.744392694063927,False
all_gather,4gpu,4,67108864,oop,e_op_j,Ring/Simple,RING/SIMPLE[0-7],5399.813333333333,2.419741911211437,False
all_gather,4gpu,4,67108864,oop,e_op_j,Ring/auto,RING/SIMPLE[0-7],5313.693333333334,2.3707838246409674,True
all_gather,4gpu,4,67108864,oop,e_op_j,auto/LL,RING/LL[0-7],13673.533333333333,5.886201388888889,False
all_gather,4gpu,4,67108864,oop,e_op_j,auto/LL128,RING/LL128[0-7],8078.813333333333,3.693102739726027,False
all_gather,4gpu,4,67108864,oop,e_op_j,auto/Simple,RING/SIMPLE[0-7],5378.313333333333,2.3893663663663665,False
all_gather,4gpu,4,67108864,oop,e_op_j,auto/auto,RING/SIMPLE[0-7],5327.083333333333,2.375918918918919,False
all_gather,4gpu,4,67108864,oop,e_op_dyn_j,Ring/LL,RING/LL[0-7],12107.633333333333,3.993385688416833,False
all_gather,4gpu,4,67108864,oop,e_op_dyn_j,Ring/LL128,RING/LL128[0-7],8244.476666666666,2.8927511707003077,False
all_gather,4gpu,4,67108864,oop,e_op_dyn_j,Ring/Simple,RING/SIMPLE[0-7],5399.813333333333,1.8633709691454843,False
all_gather,4gpu,4,67108864,oop,e_op_dyn_j,Ring/auto,RING/SIMPLE[0-7],5313.693333333334,1.8222935392522626,True
all_gather,4gpu,4,67108864,oop,e_op_dyn_j,auto/LL,RING/LL[0-7],13673.533333333333,4.475923575766774,False
all_gather,4gpu,4,67108864,oop,e_op_dyn_j,auto/LL128,RING/LL128[0-7],8078.813333333333,2.8596888229710955,False
all_gather,4gpu,4,67108864,oop,e_op_dyn_j,auto/Simple,RING/SIMPLE[0-7],5378.313333333333,1.8353727731614091,False
all_gather,4gpu,4,67108864,oop,e_op_dyn_j,auto/auto,RING/SIMPLE[0-7],5327.083333333333,1.8269311735022395,False
all_gather,4gpu,4,134217728,ip,e_op_j,Ring/LL,RING/LL[0-7],24355.93333333333,10.465728260869566,False
all_gather,4gpu,4,134217728,ip,e_op_j,Ring/LL128,RING/LL128[0-7],15942.9,7.316987922705313,False
all_gather,4gpu,4,134217728,ip,e_op_j,Ring/Simple,RING/SIMPLE[0-7],10722.246666666668,4.850007473841555,False
all_gather,4gpu,4,134217728,ip,e_op_j,Ring/auto,RING/SIMPLE[0-7],10223.743333333332,4.562318250377074,False
all_gather,4gpu,4,134217728,ip,e_op_j,auto/LL,RING/LL[0-7],25364.833333333332,11.045838827838828,False
all_gather,4gpu,4,134217728,ip,e_op_j,auto/LL128,RING/LL128[0-7],16181.566666666664,7.422228544468035,False
all_gather,4gpu,4,134217728,ip,e_op_j,auto/Simple,RING/SIMPLE[0-7],10536.366666666667,4.772186846038864,False
all_gather,4gpu,4,134217728,ip,e_op_j,auto/auto,RING/SIMPLE[0-7],10066.98,4.529522273425499,True
all_gather,4gpu,4,134217728,ip,e_op_dyn_j,Ring/LL,RING/LL[0-7],24355.93333333333,7.9741427399629545,False
all_gather,4gpu,4,134217728,ip,e_op_dyn_j,Ring/LL128,RING/LL128[0-7],15942.9,5.685573830242568,False
all_gather,4gpu,4,134217728,ip,e_op_dyn_j,Ring/Simple,RING/SIMPLE[0-7],10722.246666666668,3.7515442335937332,False
all_gather,4gpu,4,134217728,ip,e_op_dyn_j,Ring/auto,RING/SIMPLE[0-7],10223.743333333332,3.515890296361741,False
all_gather,4gpu,4,134217728,ip,e_op_dyn_j,auto/LL,RING/LL[0-7],25364.833333333332,8.45228085375797,False
all_gather,4gpu,4,134217728,ip,e_op_dyn_j,auto/LL128,RING/LL128[0-7],16181.566666666664,5.7658442680807624,False
all_gather,4gpu,4,134217728,ip,e_op_dyn_j,auto/Simple,RING/SIMPLE[0-7],10536.366666666667,3.6922273231859197,False
all_gather,4gpu,4,134217728,ip,e_op_dyn_j,auto/auto,RING/SIMPLE[0-7],10066.98,3.498407921172303,True
all_gather,4gpu,4,134217728,oop,e_op_j,Ring/LL,RING/LL[0-7],24213.066666666666,10.570934782608695,False
all_gather,4gpu,4,134217728,oop,e_op_j,Ring/LL128,RING/LL128[0-7],15924.0,7.2067294685990335,False
all_gather,4gpu,4,134217728,oop,e_op_j,Ring/Simple,RING/SIMPLE[0-7],10671.513333333334,4.707080717488789,False
all_gather,4gpu,4,134217728,oop,e_op_j,Ring/auto,RING/SIMPLE[0-7],10187.566666666666,4.5382398190045246,False
all_gather,4gpu,4,134217728,oop,e_op_j,auto/LL,RING/LL[0-7],25239.966666666664,10.781183150183148,False
all_gather,4gpu,4,134217728,oop,e_op_j,auto/LL128,RING/LL128[0-7],16173.833333333334,7.271163733584966,False
all_gather,4gpu,4,134217728,oop,e_op_j,auto/Simple,RING/SIMPLE[0-7],10499.466666666667,4.641614349775785,False
all_gather,4gpu,4,134217728,oop,e_op_j,auto/auto,RING/SIMPLE[0-7],10063.17,4.45979416282642,True
all_gather,4gpu,4,134217728,oop,e_op_dyn_j,Ring/LL,RING/LL[0-7],24213.066666666666,8.078883034373332,False
all_gather,4gpu,4,134217728,oop,e_op_dyn_j,Ring/LL128,RING/LL128[0-7],15924.0,5.565217978094563,False
all_gather,4gpu,4,134217728,oop,e_op_dyn_j,Ring/Simple,RING/SIMPLE[0-7],10671.513333333334,3.6043626723995152,False
all_gather,4gpu,4,134217728,oop,e_op_dyn_j,Ring/auto,RING/SIMPLE[0-7],10187.566666666666,3.4867717063665515,False
all_gather,4gpu,4,134217728,oop,e_op_dyn_j,auto/LL,RING/LL[0-7],25239.966666666664,8.177205959077682,False
all_gather,4gpu,4,134217728,oop,e_op_dyn_j,auto/LL128,RING/LL128[0-7],16173.833333333334,5.602630190101066,False
all_gather,4gpu,4,134217728,oop,e_op_dyn_j,auto/Simple,RING/SIMPLE[0-7],10499.466666666667,3.5586229784615315,False
all_gather,4gpu,4,134217728,oop,e_op_dyn_j,auto/auto,RING/SIMPLE[0-7],10063.17,3.4209588011885383,True
all_gather,4gpu,4,268435456,ip,e_op_j,Ring/LL,RING/LL[0-7],49898.86666666666,21.698819444444442,False
all_gather,4gpu,4,268435456,ip,e_op_j,Ring/LL128,RING/LL128[0-7],31913.766666666663,14.708986486486486,False
all_gather,4gpu,4,268435456,ip,e_op_j,Ring/Simple,RING/SIMPLE[0-7],20724.133333333335,9.195081818181817,False
all_gather,4gpu,4,268435456,ip,e_op_j,Ring/auto,RING/SIMPLE[0-7],20400.433333333334,9.162108024691358,True
all_gather,4gpu,4,268435456,ip,e_op_j,auto/LL,RING/LL[0-7],48856.36666666667,21.06620138888889,False
all_gather,4gpu,4,268435456,ip,e_op_j,auto/LL128,RING/LL128[0-7],32851.700000000004,14.915511111111114,False
all_gather,4gpu,4,268435456,ip,e_op_j,auto/Simple,RING/SIMPLE[0-7],22262.166666666668,9.893981481481482,False
all_gather,4gpu,4,268435456,ip,e_op_j,auto/auto,RING/SIMPLE[0-7],20771.733333333334,9.19297507788162,False
all_gather,4gpu,4,268435456,ip,e_op_dyn_j,Ring/LL,RING/LL[0-7],49898.86666666666,16.5834178531428,False
all_gather,4gpu,4,268435456,ip,e_op_dyn_j,Ring/LL128,RING/LL128[0-7],31913.766666666663,11.446120072673665,False
all_gather,4gpu,4,268435456,ip,e_op_dyn_j,Ring/Simple,RING/SIMPLE[0-7],20724.133333333335,7.075297654165542,False
all_gather,4gpu,4,268435456,ip,e_op_dyn_j,Ring/auto,RING/SIMPLE[0-7],20400.433333333334,7.070667635829675,True
all_gather,4gpu,4,268435456,ip,e_op_dyn_j,auto/LL,RING/LL[0-7],48856.36666666667,16.06138113683939,False
all_gather,4gpu,4,268435456,ip,e_op_dyn_j,auto/LL128,RING/LL128[0-7],32851.700000000004,11.556309118569084,False
all_gather,4gpu,4,268435456,ip,e_op_dyn_j,auto/Simple,RING/SIMPLE[0-7],22262.166666666668,7.61201028595734,False
all_gather,4gpu,4,268435456,ip,e_op_dyn_j,auto/auto,RING/SIMPLE[0-7],20771.733333333334,7.06846901145056,True
all_gather,4gpu,4,268435456,oop,e_op_j,Ring/LL,RING/LL[0-7],49561.76666666666,21.580076388888887,False
all_gather,4gpu,4,268435456,oop,e_op_j,Ring/LL128,RING/LL128[0-7],31778.233333333337,14.432833333333333,False
all_gather,4gpu,4,268435456,oop,e_op_j,Ring/Simple,RING/SIMPLE[0-7],20699.866666666665,9.190742424242424,False
all_gather,4gpu,4,268435456,oop,e_op_j,Ring/auto,RING/SIMPLE[0-7],20355.866666666665,9.000496913580248,True
all_gather,4gpu,4,268435456,oop,e_op_j,auto/LL,RING/LL[0-7],48592.06666666666,21.179756944444446,False
all_gather,4gpu,4,268435456,oop,e_op_j,auto/LL128,RING/LL128[0-7],32821.53333333333,14.738422222222225,False
all_gather,4gpu,4,268435456,oop,e_op_j,auto/Simple,RING/SIMPLE[0-7],22308.233333333334,9.805882716049382,False
all_gather,4gpu,4,268435456,oop,e_op_j,auto/auto,RING/SIMPLE[0-7],20767.666666666668,9.196679127725858,False
all_gather,4gpu,4,268435456,oop,e_op_dyn_j,Ring/LL,RING/LL[0-7],49561.76666666666,16.479267370829252,False
all_gather,4gpu,4,268435456,oop,e_op_dyn_j,Ring/LL128,RING/LL128[0-7],31778.233333333337,11.157982453585126,False
all_gather,4gpu,4,268435456,oop,e_op_dyn_j,Ring/Simple,RING/SIMPLE[0-7],20699.866666666665,7.059964842172547,False
all_gather,4gpu,4,268435456,oop,e_op_dyn_j,Ring/auto,RING/SIMPLE[0-7],20355.866666666665,6.896630724705854,True
all_gather,4gpu,4,268435456,oop,e_op_dyn_j,auto/LL,RING/LL[0-7],48592.06666666666,16.171879080371824,False
all_gather,4gpu,4,268435456,oop,e_op_dyn_j,auto/LL128,RING/LL128[0-7],32821.53333333333,11.360923016419077,False
all_gather,4gpu,4,268435456,oop,e_op_dyn_j,auto/Simple,RING/SIMPLE[0-7],22308.233333333334,7.506480749581997,False
all_gather,4gpu,4,268435456,oop,e_op_dyn_j,auto/auto,RING/SIMPLE[0-7],20767.666666666668,7.056831206469745,False
all_gather,4gpu,4,536870912,ip,e_op_j,Ring/LL,RING/LL[0-7],109159.3,47.59188,False
all_gather,4gpu,4,536870912,ip,e_op_j,Ring/LL128,RING/LL128[0-7],63453.0,28.790981981981982,False
all_gather,4gpu,4,536870912,ip,e_op_j,Ring/Simple,RING/SIMPLE[0-7],40846.86666666666,18.292928571428572,False
all_gather,4gpu,4,536870912,ip,e_op_j,Ring/auto,RING/SIMPLE[0-7],40446.06666666666,18.000327485380115,True
all_gather,4gpu,4,536870912,ip,e_op_j,auto/LL,RING/LL[0-7],104670.36666666665,45.85966666666667,False
all_gather,4gpu,4,536870912,ip,e_op_j,auto/LL128,RING/LL128[0-7],63562.53333333333,29.131694444444445,False
all_gather,4gpu,4,536870912,ip,e_op_j,auto/Simple,RING/SIMPLE[0-7],41180.066666666666,18.123187134502924,False
all_gather,4gpu,4,536870912,ip,e_op_j,auto/auto,RING/SIMPLE[0-7],40361.63333333333,18.030502923976606,True
all_gather,4gpu,4,536870912,ip,e_op_dyn_j,Ring/LL,RING/LL[0-7],109159.3,36.412913622996804,False
all_gather,4gpu,4,536870912,ip,e_op_dyn_j,Ring/LL128,RING/LL128[0-7],63453.0,22.303805252233314,False
all_gather,4gpu,4,536870912,ip,e_op_dyn_j,Ring/Simple,RING/SIMPLE[0-7],40846.86666666666,14.108898831963828,False
all_gather,4gpu,4,536870912,ip,e_op_dyn_j,Ring/auto,RING/SIMPLE[0-7],40446.06666666666,13.860109306835943,True
all_gather,4gpu,4,536870912,ip,e_op_dyn_j,auto/LL,RING/LL[0-7],104670.36666666665,35.13784210126712,False
all_gather,4gpu,4,536870912,ip,e_op_dyn_j,auto/LL128,RING/LL128[0-7],63562.53333333333,22.625810614465703,False
all_gather,4gpu,4,536870912,ip,e_op_dyn_j,auto/Simple,RING/SIMPLE[0-7],41180.066666666666,13.9075478217757,False
all_gather,4gpu,4,536870912,ip,e_op_dyn_j,auto/auto,RING/SIMPLE[0-7],40361.63333333333,13.89763096584331,True
all_gather,4gpu,4,536870912,oop,e_op_j,Ring/LL,RING/LL[0-7],108534.2,47.17436,False
all_gather,4gpu,4,536870912,oop,e_op_j,Ring/LL128,RING/LL128[0-7],63311.86666666666,28.986846846846845,False
all_gather,4gpu,4,536870912,oop,e_op_j,Ring/Simple,RING/SIMPLE[0-7],40845.299999999996,17.944363095238092,False
all_gather,4gpu,4,536870912,oop,e_op_j,Ring/auto,RING/SIMPLE[0-7],40388.69999999999,17.874327485380118,True
all_gather,4gpu,4,536870912,oop,e_op_j,auto/LL,RING/LL[0-7],104474.56666666665,45.04925333333333,False
all_gather,4gpu,4,536870912,oop,e_op_j,auto/LL128,RING/LL128[0-7],63633.299999999996,28.970907407407406,False
all_gather,4gpu,4,536870912,oop,e_op_j,auto/Simple,RING/SIMPLE[0-7],41169.1,18.344637426900587,False
all_gather,4gpu,4,536870912,oop,e_op_j,auto/auto,RING/SIMPLE[0-7],40284.93333333333,17.88529239766082,True
all_gather,4gpu,4,536870912,oop,e_op_dyn_j,Ring/LL,RING/LL[0-7],108534.2,35.9789343804409,False
all_gather,4gpu,4,536870912,oop,e_op_dyn_j,Ring/LL128,RING/LL128[0-7],63311.86666666666,22.45652040221103,False
all_gather,4gpu,4,536870912,oop,e_op_dyn_j,Ring/Simple,RING/SIMPLE[0-7],40845.299999999996,13.738290157389846,False
all_gather,4gpu,4,536870912,oop,e_op_dyn_j,Ring/auto,RING/SIMPLE[0-7],40388.69999999999,13.711457652882205,True
all_gather,4gpu,4,536870912,oop,e_op_dyn_j,auto/LL,RING/LL[0-7],104474.56666666665,34.299922727080904,False
all_gather,4gpu,4,536870912,oop,e_op_dyn_j,auto/LL128,RING/LL128[0-7],63633.299999999996,22.422560170336965,False
all_gather,4gpu,4,536870912,oop,e_op_dyn_j,auto/Simple,RING/SIMPLE[0-7],41169.1,14.097277209636964,False
all_gather,4gpu,4,536870912,oop,e_op_dyn_j,auto/auto,RING/SIMPLE[0-7],40284.93333333333,13.733056890461013,True
all_gather,4gpu,4,1073741824,ip,e_op_j,Ring/LL,RING/LL[0-7],223811.33333333334,97.74235897435896,False
all_gather,4gpu,4,1073741824,ip,e_op_j,Ring/LL128,RING/LL128[0-7],132724.33333333334,61.00921052631579,False
all_gather,4gpu,4,1073741824,ip,e_op_j,Ring/Simple,RING/SIMPLE[0-7],82063.59999999999,36.497345238095235,True
all_gather,4gpu,4,1073741824,ip,e_op_j,Ring/auto,RING/SIMPLE[0-7],82557.66666666667,36.79381609195402,False
all_gather,4gpu,4,1073741824,ip,e_op_j,auto/LL,RING/LL[0-7],203232.66666666666,88.87269230769232,False
all_gather,4gpu,4,1073741824,ip,e_op_j,auto/LL128,RING/LL128[0-7],128255.0,58.948491228070175,False
all_gather,4gpu,4,1073741824,ip,e_op_j,auto/Simple,RING/SIMPLE[0-7],82543.23333333332,36.63725287356322,False
all_gather,4gpu,4,1073741824,ip,e_op_j,auto/auto,RING/SIMPLE[0-7],87361.63333333332,38.20462068965517,False
all_gather,4gpu,4,1073741824,ip,e_op_dyn_j,Ring/LL,RING/LL[0-7],223811.33333333334,74.83862733263523,False
all_gather,4gpu,4,1073741824,ip,e_op_dyn_j,Ring/LL128,RING/LL128[0-7],132724.33333333334,47.43500697029625,False
all_gather,4gpu,4,1073741824,ip,e_op_dyn_j,Ring/Simple,RING/SIMPLE[0-7],82063.59999999999,28.089466418757393,True
all_gather,4gpu,4,1073741824,ip,e_op_dyn_j,Ring/auto,RING/SIMPLE[0-7],82557.66666666667,28.34721197378276,False
all_gather,4gpu,4,1073741824,ip,e_op_dyn_j,auto/LL,RING/LL[0-7],203232.66666666666,68.10069441227428,False
all_gather,4gpu,4,1073741824,ip,e_op_dyn_j,auto/LL128,RING/LL128[0-7],128255.0,45.82977723196472,False
all_gather,4gpu,4,1073741824,ip,e_op_dyn_j,auto/Simple,RING/SIMPLE[0-7],82543.23333333332,28.192542081297677,False
all_gather,4gpu,4,1073741824,ip,e_op_dyn_j,auto/auto,RING/SIMPLE[0-7],87361.63333333332,29.25000774331194,False
all_gather,4gpu,4,1073741824,oop,e_op_j,Ring/LL,RING/LL[0-7],222702.66666666666,96.45407692307693,False
all_gather,4gpu,4,1073741824,oop,e_op_j,Ring/LL128,RING/LL128[0-7],132395.66666666666,59.67129824561405,False
all_gather,4gpu,4,1073741824,oop,e_op_j,Ring/Simple,RING/SIMPLE[0-7],82305.43333333333,36.61729761904762,True
all_gather,4gpu,4,1073741824,oop,e_op_j,Ring/auto,RING/SIMPLE[0-7],82655.93333333333,36.576402298850574,False
all_gather,4gpu,4,1073741824,oop,e_op_j,auto/LL,RING/LL[0-7],202666.0,87.12361538461538,False
all_gather,4gpu,4,1073741824,oop,e_op_j,auto/LL128,RING/LL128[0-7],127594.33333333333,57.9620350877193,False
all_gather,4gpu,4,1073741824,oop,e_op_j,auto/Simple,RING/SIMPLE[0-7],82416.6,36.230333333333334,True
all_gather,4gpu,4,1073741824,oop,e_op_j,auto/auto,RING/SIMPLE[0-7],87307.29999999999,38.08925287356322,False
all_gather,4gpu,4,1073741824,oop,e_op_dyn_j,Ring/LL,RING/LL[0-7],222702.66666666666,73.54849961851848,False
all_gather,4gpu,4,1073741824,oop,e_op_dyn_j,Ring/LL128,RING/LL128[0-7],132395.66666666666,46.012549244829216,False
all_gather,4gpu,4,1073741824,oop,e_op_dyn_j,Ring/Simple,RING/SIMPLE[0-7],82305.43333333333,28.119785008081106,True
all_gather,4gpu,4,1073741824,oop,e_op_dyn_j,Ring/auto,RING/SIMPLE[0-7],82655.93333333333,28.0483387841972,False
all_gather,4gpu,4,1073741824,oop,e_op_dyn_j,auto/LL,RING/LL[0-7],202666.0,66.2653875770777,False
all_gather,4gpu,4,1073741824,oop,e_op_dyn_j,auto/LL128,RING/LL128[0-7],127594.33333333333,44.820220202162226,False
all_gather,4gpu,4,1073741824,oop,e_op_dyn_j,auto/Simple,RING/SIMPLE[0-7],82416.6,27.74004823157426,True
all_gather,4gpu,4,1073741824,oop,e_op_dyn_j,auto/auto,RING/SIMPLE[0-7],87307.29999999999,29.085905335975905,False
all_reduce,2gpu_nvlink,2,1024,ip,e_op_j,Ring/LL,RING/LL[0-0],6.086666666666666,0.001207455779802907,True
all_reduce,2gpu_nvlink,2,1024,ip,e_op_j,Ring/LL128,RING/LL128[0-0],14.566666666666665,0.002929987024341651,False
all_reduce,2gpu_nvlink,2,1024,ip,e_op_j,Ring/Simple,RING/SIMPLE[0-0],17.316666666666666,0.0034146273496478696,False
all_reduce,2gpu_nvlink,2,1024,ip,e_op_j,Ring/auto,RING/LL[0-0],6.099999999999999,0.001206073127396323,True
all_reduce,2gpu_nvlink,2,1024,ip,e_op_j,Tree/LL,TREE/LL[0-0],7.419999999999999,0.0014741748326750667,False
all_reduce,2gpu_nvlink,2,1024,ip,e_op_j,Tree/LL128,TREE/LL128[0-0],14.979999999999999,0.0029990055054697202,False
all_reduce,2gpu_nvlink,2,1024,ip,e_op_j,Tree/Simple,TREE/SIMPLE[0-0],19.8,0.00397897443436501,False
all_reduce,2gpu_nvlink,2,1024,ip,e_op_j,Tree/auto,TREE/LL[0-0],7.3933333333333335,0.0014790208320901808,False
all_reduce,2gpu_nvlink,2,1024,ip,e_op_j,auto/LL,RING/LL[0-0],6.103333333333333,0.0011964719892363278,True
all_reduce,2gpu_nvlink,2,1024,ip,e_op_j,auto/LL128,TREE/LL128[0-0],15.003333333333332,0.003045516367512774,False
all_reduce,2gpu_nvlink,2,1024,ip,e_op_j,auto/Simple,RING/SIMPLE[0-0],17.313333333333333,0.0034153733064649,False
all_reduce,2gpu_nvlink,2,1024,ip,e_op_j,auto/auto,RING/LL[0-0],6.123333333333332,0.0012156254597987782,False
all_reduce,2gpu_nvlink,2,1024,ip,e_op_dyn_j,Ring/LL,RING/LL[0-0],6.086666666666666,0.000903594652128345,True
all_reduce,2gpu_nvlink,2,1024,ip,e_op_dyn_j,Ring/LL128,RING/LL128[0-0],14.566666666666665,0.0022032598134728637,False
all_reduce,2gpu_nvlink,2,1024,ip,e_op_dyn_j,Ring/Simple,RING/SIMPLE[0-0],17.316666666666666,0.0025505153586309875,False
all_reduce,2gpu_nvlink,2,1024,ip,e_op_dyn_j,Ring/auto,RING/LL[0-0],6.099999999999999,0.0009014950372341086,True
all_reduce,2gpu_nvlink,2,1024,ip,e_op_dyn_j,Tree/LL,TREE/LL[0-0],7.419999999999999,0.001103901871024933,False
all_reduce,2gpu_nvlink,2,1024,ip,e_op_dyn_j,Tree/LL128,TREE/LL128[0-0],14.979999999999999,0.002251498021429705,False
all_reduce,2gpu_nvlink,2,1024,ip,e_op_dyn_j,Tree/Simple,TREE/SIMPLE[0-0],19.8,0.0029906465834083954,False
all_reduce,2gpu_nvlink,2,1024,ip,e_op_dyn_j,Tree/auto,TREE/LL[0-0],7.3933333333333335,0.0011102431047593803,False
all_reduce,2gpu_nvlink,2,1024,ip,e_op_dyn_j,auto/LL,RING/LL[0-0],6.103333333333333,0.0008919996448758972,True
all_reduce,2gpu_nvlink,2,1024,ip,e_op_dyn_j,auto/LL128,TREE/LL128[0-0],15.003333333333332,0.002296906818018201,False
all_reduce,2gpu_nvlink,2,1024,ip,e_op_dyn_j,auto/Simple,RING/SIMPLE[0-0],17.313333333333333,0.0025513855840429834,False
all_reduce,2gpu_nvlink,2,1024,ip,e_op_dyn_j,auto/auto,RING/LL[0-0],6.123333333333332,0.0009100931355254142,False
all_reduce,2gpu_nvlink,2,1024,oop,e_op_j,Ring/LL,RING/LL[0-0],6.099999999999999,0.0012134380202808352,True
all_reduce,2gpu_nvlink,2,1024,oop,e_op_j,Ring/LL128,RING/LL128[0-0],14.593333333333332,0.0029344483421298462,False
all_reduce,2gpu_nvlink,2,1024,oop,e_op_j,Ring/Simple,RING/SIMPLE[0-0],17.290000000000003,0.003393256320616102,False
all_reduce,2gpu_nvlink,2,1024,oop,e_op_j,Ring/auto,RING/LL[0-0],6.123333333333334,0.0012089767103522745,False
all_reduce,2gpu_nvlink,2,1024,oop,e_op_j,Tree/LL,TREE/LL[0-0],7.423333333333333,0.0014900920512567536,False
all_reduce,2gpu_nvlink,2,1024,oop,e_op_j,Tree/LL128,TREE/LL128[0-0],14.976666666666668,0.0029985960077219577,False
all_reduce,2gpu_nvlink,2,1024,oop,e_op_j,Tree/Simple,TREE/SIMPLE[0-0],19.756666666666664,0.003953711470665387,False
all_reduce,2gpu_nvlink,2,1024,oop,e_op_j,Tree/auto,TREE/LL[0-0],7.390000000000001,0.001475866840739205,False
all_reduce,2gpu_nvlink,2,1024,oop,e_op_j,auto/LL,RING/LL[0-0],6.12,0.001206816010778397,True
all_reduce,2gpu_nvlink,2,1024,oop,e_op_j,auto/LL128,TREE/LL128[0-0],15.0,0.0029785262211035938,False
all_reduce,2gpu_nvlink,2,1024,oop,e_op_j,auto/Simple,RING/SIMPLE[0-0],17.310000000000002,0.003419540448398667,False
all_reduce,2gpu_nvlink,2,1024,oop,e_op_j,auto/auto,RING/LL[0-0],6.146666666666666,0.001208137337098822,False
all_reduce,2gpu_nvlink,2,1024,oop,e_op_dyn_j,Ring/LL,RING/LL[0-0],6.099999999999999,0.0009071612718187086,True
all_reduce,2gpu_nvlink,2,1024,oop,e_op_dyn_j,Ring/LL128,RING/LL128[0-0],14.593333333333332,0.002202164508100393,False
all_reduce,2gpu_nvlink,2,1024,oop,e_op_dyn_j,Ring/Simple,RING/SIMPLE[0-0],17.290000000000003,0.002525331071411376,False
all_reduce,2gpu_nvlink,2,1024,oop,e_op_dyn_j,Ring/auto,RING/LL[0-0],6.123333333333334,0.0009010425881850341,False
all_reduce,2gpu_nvlink,2,1024,oop,e_op_dyn_j,Tree/LL,TREE/LL[0-0],7.423333333333333,0.0011169371731501434,False
all_reduce,2gpu_nvlink,2,1024,oop,e_op_dyn_j,Tree/LL128,TREE/LL128[0-0],14.976666666666668,0.0022475308481058795,False
all_reduce,2gpu_nvlink,2,1024,oop,e_op_dyn_j,Tree/Simple,TREE/SIMPLE[0-0],19.756666666666664,0.0029627850130379304,False
all_reduce,2gpu_nvlink,2,1024,oop,e_op_dyn_j,Tree/auto,TREE/LL[0-0],7.390000000000001,0.001104853179744092,False
all_reduce,2gpu_nvlink,2,1024,oop,e_op_dyn_j,auto/LL,RING/LL[0-0],6.12,0.0008997746805965997,True
all_reduce,2gpu_nvlink,2,1024,oop,e_op_dyn_j,auto/LL128,TREE/LL128[0-0],15.0,0.0022261224471160144,False
all_reduce,2gpu_nvlink,2,1024,oop,e_op_dyn_j,auto/Simple,RING/SIMPLE[0-0],17.310000000000002,0.002550325381942276,False
all_reduce,2gpu_nvlink,2,1024,oop,e_op_dyn_j,auto/auto,RING/LL[0-0],6.146666666666666,0.0008998493864078467,False
all_reduce,2gpu_nvlink,2,2048,ip,e_op_j,Ring/LL,RING/LL[0-0],6.166666666666667,0.0012233387790067055,False
all_reduce,2gpu_nvlink,2,2048,ip,e_op_j,Ring/LL128,RING/LL128[0-0],14.593333333333334,0.0029467352196035856,False
all_reduce,2gpu_nvlink,2,2048,ip,e_op_j,Ring/Simple,RING/SIMPLE[0-0],17.703333333333333,0.003506003248908207,False
all_reduce,2gpu_nvlink,2,2048,ip,e_op_j,Ring/auto,RING/LL[0-0],6.159999999999999,0.0012056600744136357,True
all_reduce,2gpu_nvlink,2,2048,ip,e_op_j,Tree/LL,TREE/LL[0-0],7.556666666666666,0.0015099042181042762,False
all_reduce,2gpu_nvlink,2,2048,ip,e_op_j,Tree/LL128,TREE/LL128[0-0],15.019999999999998,0.003061043511886529,False
all_reduce,2gpu_nvlink,2,2048,ip,e_op_j,Tree/Simple,TREE/SIMPLE[0-0],19.793333333333333,0.003953733300197955,False
all_reduce,2gpu_nvlink,2,2048,ip,e_op_j,Tree/auto,TREE/LL[0-0],7.57,0.0015050933775891384,False
all_reduce,2gpu_nvlink,2,2048,ip,e_op_j,auto/LL,RING/LL[0-0],6.156666666666666,0.001217650685820605,True
all_reduce,2gpu_nvlink,2,2048,ip,e_op_j,auto/LL128,TREE/LL128[0-0],14.999999999999998,0.0030116583253815246,False
all_reduce,2gpu_nvlink,2,2048,ip,e_op_j,auto/Simple,RING/SIMPLE[0-0],17.703333333333333,0.0035064030872624715,False
all_reduce,2gpu_nvlink,2,2048,ip,e_op_j,auto/auto,RING/LL[0-0],6.166666666666667,0.0012166050389732948,False
all_reduce,2gpu_nvlink,2,2048,ip,e_op_dyn_j,Ring/LL,RING/LL[0-0],6.166666666666667,0.0009156813507855732,False
all_reduce,2gpu_nvlink,2,2048,ip,e_op_dyn_j,Ring/LL128,RING/LL128[0-0],14.593333333333334,0.002218515571990446,False
all_reduce,2gpu_nvlink,2,2048,ip,e_op_dyn_j,Ring/Simple,RING/SIMPLE[0-0],17.703333333333333,0.00262255110481361,False
all_reduce,2gpu_nvlink,2,2048,ip,e_op_dyn_j,Ring/auto,RING/LL[0-0],6.159999999999999,0.0008982188039021551,True
all_reduce,2gpu_nvlink,2,2048,ip,e_op_dyn_j,Tree/LL,TREE/LL[0-0],7.556666666666666,0.0011330096442777077,False
all_reduce,2gpu_nvlink,2,2048,ip,e_op_dyn_j,Tree/LL128,TREE/LL128[0-0],15.019999999999998,0.0023114975535668022,False
all_reduce,2gpu_nvlink,2,2048,ip,e_op_dyn_j,Tree/Simple,TREE/SIMPLE[0-0],19.793333333333333,0.0029659669658233974,False
all_reduce,2gpu_nvlink,2,2048,ip,e_op_dyn_j,Tree/auto,TREE/LL[0-0],7.57,0.0011273915436120264,False
all_reduce,2gpu_nvlink,2,2048,ip,e_op_dyn_j,auto/LL,RING/LL[0-0],6.156666666666666,0.0009103366304616554,True
all_reduce,2gpu_nvlink,2,2048,ip,e_op_dyn_j,auto/LL128,TREE/LL128[0-0],14.999999999999998,0.0022633155319663006,False
all_reduce,2gpu_nvlink,2,2048,ip,e_op_dyn_j,auto/Simple,RING/SIMPLE[0-0],17.703333333333333,0.0026230077311281946,False
all_reduce,2gpu_nvlink,2,2048,ip,e_op_dyn_j,auto/auto,RING/LL[0-0],6.166666666666667,0.0009088327743130641,False
all_reduce,2gpu_nvlink,2,2048,oop,e_op_j,Ring/LL,RING/LL[0-0],6.1866666666666665,0.0012225626140662906,False
all_reduce,2gpu_nvlink,2,2048,oop,e_op_j,Ring/LL128,RING/LL128[0-0],14.62,0.0029231802601605242,False
all_reduce,2gpu_nvlink,2,2048,oop,e_op_j,Ring/Simple,RING/SIMPLE[0-0],17.726666666666663,0.0035038106232583607,False
all_reduce,2gpu_nvlink,2,2048,oop,e_op_j,Ring/auto,RING/LL[0-0],6.163333333333333,0.0012261512635405284,True
all_reduce,2gpu_nvlink,2,2048,oop,e_op_j,Tree/LL,TREE/LL[0-0],7.563333333333333,0.0015140654876770025,False
all_reduce,2gpu_nvlink,2,2048,oop,e_op_j,Tree/LL128,TREE/LL128[0-0],15.043333333333331,0.003014703102902168,False
all_reduce,2gpu_nvlink,2,2048,oop,e_op_j,Tree/Simple,TREE/SIMPLE[0-0],19.776666666666667,0.003961328728658388,False
all_reduce,2gpu_nvlink,2,2048,oop,e_op_j,Tree/auto,TREE/LL[0-0],7.583333333333333,0.0015004289981124083,False
all_reduce,2gpu_nvlink,2,2048,oop,e_op_j,auto/LL,RING/LL[0-0],6.166666666666665,0.0012113648983889346,True
all_reduce,2gpu_nvlink,2,2048,oop,e_op_j,auto/LL128,TREE/LL128[0-0],15.009999999999998,0.003002860487408013,False
all_reduce,2gpu_nvlink,2,2048,oop,e_op_j,auto/Simple,RING/SIMPLE[0-0],17.703333333333333,0.0034840044941162555,False
all_reduce,2gpu_nvlink,2,2048,oop,e_op_j,auto/auto,RING/LL[0-0],6.1866666666666665,0.001226984854142427,False
all_reduce,2gpu_nvlink,2,2048,oop,e_op_dyn_j,Ring/LL,RING/LL[0-0],6.1866666666666665,0.0009116625817447054,False
all_reduce,2gpu_nvlink,2,2048,oop,e_op_dyn_j,Ring/LL128,RING/LL128[0-0],14.62,0.0021894085782001318,False
all_reduce,2gpu_nvlink,2,2048,oop,e_op_dyn_j,Ring/Simple,RING/SIMPLE[0-0],17.726666666666663,0.0026137094732997627,False
all_reduce,2gpu_nvlink,2,2048,oop,e_op_dyn_j,Ring/auto,RING/LL[0-0],6.163333333333333,0.0009155004705538273,True
all_reduce,2gpu_nvlink,2,2048,oop,e_op_dyn_j,Tree/LL,TREE/LL[0-0],7.563333333333333,0.0011341023718131938,False
all_reduce,2gpu_nvlink,2,2048,oop,e_op_dyn_j,Tree/LL128,TREE/LL128[0-0],15.043333333333331,0.002259262453727878,False
all_reduce,2gpu_nvlink,2,2048,oop,e_op_dyn_j,Tree/Simple,TREE/SIMPLE[0-0],19.776666666666667,0.002967957241517388,False
all_reduce,2gpu_nvlink,2,2048,oop,e_op_dyn_j,Tree/auto,TREE/LL[0-0],7.583333333333333,0.0011187934386518454,False
all_reduce,2gpu_nvlink,2,2048,oop,e_op_dyn_j,auto/LL,RING/LL[0-0],6.166666666666665,0.0009018934773504092,True
all_reduce,2gpu_nvlink,2,2048,oop,e_op_dyn_j,auto/LL128,TREE/LL128[0-0],15.009999999999998,0.0022500001464520127,False
all_reduce,2gpu_nvlink,2,2048,oop,e_op_dyn_j,auto/Simple,RING/SIMPLE[0-0],17.703333333333333,0.00259610029595081,False
all_reduce,2gpu_nvlink,2,2048,oop,e_op_dyn_j,auto/auto,RING/LL[0-0],6.1866666666666665,0.000916453363723982,False
all_reduce,2gpu_nvlink,2,4096,ip,e_op_j,Ring/LL,RING/LL[0-0],6.43,0.0012569196681491976,True
all_reduce,2gpu_nvlink,2,4096,ip,e_op_j,Ring/LL128,RING/LL128[0-0],14.783333333333333,0.002942218570538242,False
all_reduce,2gpu_nvlink,2,4096,ip,e_op_j,Ring/Simple,RING/SIMPLE[0-0],18.563333333333333,0.0036913691126376513,False
all_reduce,2gpu_nvlink,2,4096,ip,e_op_j,Ring/auto,RING/LL[0-0],6.423333333333333,0.0012905520243120508,False
all_reduce,2gpu_nvlink,2,4096,ip,e_op_j,Tree/LL,TREE/LL[0-0],7.926666666666667,0.0015811471330867,False
all_reduce,2gpu_nvlink,2,4096,ip,e_op_j,Tree/LL128,TREE/LL128[0-0],15.116666666666665,0.0030636692831527124,False
all_reduce,2gpu_nvlink,2,4096,ip,e_op_j,Tree/Simple,TREE/SIMPLE[0-0],20.263333333333332,0.0040641865906266,False
all_reduce,2gpu_nvlink,2,4096,ip,e_op_j,Tree/auto,TREE/LL[0-0],7.91,0.0015861352604438306,False
all_reduce,2gpu_nvlink,2,4096,ip,e_op_j,auto/LL,RING/LL[0-0],6.3999999999999995,0.001262291291004518,True
all_reduce,2gpu_nvlink,2,4096,ip,e_op_j,auto/LL128,TREE/LL128[0-0],15.13,0.0030431594220025077,False
all_reduce,2gpu_nvlink,2,4096,ip,e_op_j,auto/Simple,RING/SIMPLE[0-0],18.45,0.0037073945176979346,False
all_reduce,2gpu_nvlink,2,4096,ip,e_op_j,auto/auto,RING/LL[0-0],6.41,0.0012741668582156843,False
all_reduce,2gpu_nvlink,2,4096,ip,e_op_dyn_j,Ring/LL,RING/LL[0-0],6.43,0.0009361647015161297,True
all_reduce,2gpu_nvlink,2,4096,ip,e_op_dyn_j,Ring/LL128,RING/LL128[0-0],14.783333333333333,0.002204741099860443,False
all_reduce,2gpu_nvlink,2,4096,ip,e_op_dyn_j,Ring/Simple,RING/SIMPLE[0-0],18.563333333333333,0.002765101333659674,False
all_reduce,2gpu_nvlink,2,4096,ip,e_op_dyn_j,Ring/auto,RING/LL[0-0],6.423333333333333,0.0009699646104882224,False
all_reduce,2gpu_nvlink,2,4096,ip,e_op_dyn_j,Tree/LL,TREE/LL[0-0],7.926666666666667,0.0011855129720352647,False
all_reduce,2gpu_nvlink,2,4096,ip,e_op_dyn_j,Tree/LL128,TREE/LL128[0-0],15.116666666666665,0.002309258286303173,False
all_reduce,2gpu_nvlink,2,4096,ip,e_op_dyn_j,Tree/Simple,TREE/SIMPLE[0-0],20.263333333333332,0.0030531804834154773,False
all_reduce,2gpu_nvlink,2,4096,ip,e_op_dyn_j,Tree/auto,TREE/LL[0-0],7.91,0.0011912533731931747,False
all_reduce,2gpu_nvlink,2,4096,ip,e_op_dyn_j,auto/LL,RING/LL[0-0],6.3999999999999995,0.0009430160837854679,True
all_reduce,2gpu_nvlink,2,4096,ip,e_op_dyn_j,auto/LL128,TREE/LL128[0-0],15.13,0.002288124274926894,False
all_reduce,2gpu_nvlink,2,4096,ip,e_op_dyn_j,auto/Simple,RING/SIMPLE[0-0],18.45,0.0027866903712350645,False
all_reduce,2gpu_nvlink,2,4096,ip,e_op_dyn_j,auto/auto,RING/LL[0-0],6.41,0.0009542761842636409,False
all_reduce,2gpu_nvlink,2,4096,oop,e_op_j,Ring/LL,RING/LL[0-0],6.44,0.0012880623405707886,False
all_reduce,2gpu_nvlink,2,4096,oop,e_op_j,Ring/LL128,RING/LL128[0-0],14.783333333333333,0.0029781438087782743,False
all_reduce,2gpu_nvlink,2,4096,oop,e_op_j,Ring/Simple,RING/SIMPLE[0-0],18.53333333333333,0.0036654395007187685,False
all_reduce,2gpu_nvlink,2,4096,oop,e_op_j,Ring/auto,RING/LL[0-0],6.43,0.0012818061426580767,False
all_reduce,2gpu_nvlink,2,4096,oop,e_op_j,Tree/LL,TREE/LL[0-0],7.946666666666666,0.0015796209015569171,False
all_reduce,2gpu_nvlink,2,4096,oop,e_op_j,Tree/LL128,TREE/LL128[0-0],15.13,0.0030122350207265887,False
all_reduce,2gpu_nvlink,2,4096,oop,e_op_j,Tree/Simple,TREE/SIMPLE[0-0],20.23,0.004014839511588798,False
all_reduce,2gpu_nvlink,2,4096,oop,e_op_j,Tree/auto,TREE/LL[0-0],7.919999999999999,0.0015750626298404455,False
all_reduce,2gpu_nvlink,2,4096,oop,e_op_j,auto/LL,RING/LL[0-0],6.416666666666667,0.0012737966172150165,True
all_reduce,2gpu_nvlink,2,4096,oop,e_op_j,auto/LL128,TREE/LL128[0-0],15.160000000000002,0.0030601194423107644,False
all_reduce,2gpu_nvlink,2,4096,oop,e_op_j,auto/Simple,RING/SIMPLE[0-0],18.44333333333333,0.003555234220544745,False
all_reduce,2gpu_nvlink,2,4096,oop,e_op_j,auto/auto,RING/LL[0-0],6.4433333333333325,0.001271278544623151,True
all_reduce,2gpu_nvlink,2,4096,oop,e_op_dyn_j,Ring/LL,RING/LL[0-0],6.44,0.0009643251729037476,False
all_reduce,2gpu_nvlink,2,4096,oop,e_op_dyn_j,Ring/LL128,RING/LL128[0-0],14.783333333333333,0.0022360694964671042,False
all_reduce,2gpu_nvlink,2,4096,oop,e_op_dyn_j,Ring/Simple,RING/SIMPLE[0-0],18.53333333333333,0.0027353521634539816,False
all_reduce,2gpu_nvlink,2,4096,oop,e_op_dyn_j,Ring/auto,RING/LL[0-0],6.43,0.0009590491692813996,False
all_reduce,2gpu_nvlink,2,4096,oop,e_op_dyn_j,Tree/LL,TREE/LL[0-0],7.946666666666666,0.0011807588117452258,False
all_reduce,2gpu_nvlink,2,4096,oop,e_op_dyn_j,Tree/LL128,TREE/LL128[0-0],15.13,0.002252899224846149,False
all_reduce,2gpu_nvlink,2,4096,oop,e_op_dyn_j,Tree/Simple,TREE/SIMPLE[0-0],20.23,0.0029997235334585687,False
all_reduce,2gpu_nvlink,2,4096,oop,e_op_dyn_j,Tree/auto,TREE/LL[0-0],7.919999999999999,0.0011774650054402816,False
all_reduce,2gpu_nvlink,2,4096,oop,e_op_dyn_j,auto/LL,RING/LL[0-0],6.416666666666667,0.0009522188235136422,True
all_reduce,2gpu_nvlink,2,4096,oop,e_op_dyn_j,auto/LL128,TREE/LL128[0-0],15.160000000000002,0.002299308486134717,False
all_reduce,2gpu_nvlink,2,4096,oop,e_op_dyn_j,auto/Simple,RING/SIMPLE[0-0],18.44333333333333,0.002630016382662403,False
all_reduce,2gpu_nvlink,2,4096,oop,e_op_dyn_j,auto/auto,RING/LL[0-0],6.4433333333333325,0.0009477875387953671,True
all_reduce,2gpu_nvlink,2,8192,ip,e_op_j,Ring/LL,RING/LL[0-0],7.046666666666666,0.0014098041623181285,False
all_reduce,2gpu_nvlink,2,8192,ip,e_op_j,Ring/LL128,RING/LL128[0-0],19.17666666666667,0.003882581053192198,False
all_reduce,2gpu_nvlink,2,8192,ip,e_op_j,Ring/Simple,RING/SIMPLE[0-0],19.696666666666665,0.003914058610497088,False
all_reduce,2gpu_nvlink,2,8192,ip,e_op_j,Ring/auto,RING/LL[0-0],7.0233333333333325,0.001384780953330814,True
all_reduce,2gpu_nvlink,2,8192,ip,e_op_j,Tree/LL,TREE/LL[0-1],8.5,0.0017171567551071297,False
all_reduce,2gpu_nvlink,2,8192,ip,e_op_j,Tree/LL128,TREE/LL128[0-0],15.6,0.0031375213973955673,False
all_reduce,2gpu_nvlink,2,8192,ip,e_op_j,Tree/Simple,TREE/SIMPLE[0-0],20.720000000000002,0.004141571576840609,False
all_reduce,2gpu_nvlink,2,8192,ip,e_op_j,Tree/auto,TREE/LL[0-1],8.48,0.0017223245541871162,False
all_reduce,2gpu_nvlink,2,8192,ip,e_op_j,auto/LL,RING/LL[0-0],7.043333333333334,0.0013985261755986916,False
all_reduce,2gpu_nvlink,2,8192,ip,e_op_j,auto/LL128,TREE/LL128[0-0],15.526666666666666,0.003151519440026597,False
all_reduce,2gpu_nvlink,2,8192,ip,e_op_j,auto/Simple,RING/SIMPLE[0-0],19.75333333333333,0.003918822928176007,False
all_reduce,2gpu_nvlink,2,8192,ip,e_op_j,auto/auto,RING/LL[0-0],7.043333333333333,0.0014092129844664968,False
all_reduce,2gpu_nvlink,2,8192,ip,e_op_dyn_j,Ring/LL,RING/LL[0-0],7.046666666666666,0.0010581243565815875,False
all_reduce,2gpu_nvlink,2,8192,ip,e_op_dyn_j,Ring/LL128,RING/LL128[0-0],19.17666666666667,0.0029254827118046487,False
all_reduce,2gpu_nvlink,2,8192,ip,e_op_dyn_j,Ring/Simple,RING/SIMPLE[0-0],19.696666666666665,0.002931081129774639,False
all_reduce,2gpu_nvlink,2,8192,ip,e_op_dyn_j,Ring/auto,RING/LL[0-0],7.0233333333333325,0.0010343382711660916,True
all_reduce,2gpu_nvlink,2,8192,ip,e_op_dyn_j,Tree/LL,TREE/LL[0-1],8.5,0.001292881504948178,False
all_reduce,2gpu_nvlink,2,8192,ip,e_op_dyn_j,Tree/LL128,TREE/LL128[0-0],15.6,0.0023590944495840253,False
all_reduce,2gpu_nvlink,2,8192,ip,e_op_dyn_j,Tree/Simple,TREE/SIMPLE[0-0],20.720000000000002,0.0031074787042299043,False
all_reduce,2gpu_nvlink,2,8192,ip,e_op_dyn_j,Tree/auto,TREE/LL[0-1],8.48,0.0012992275821935699,False
all_reduce,2gpu_nvlink,2,8192,ip,e_op_dyn_j,auto/LL,RING/LL[0-0],7.043333333333334,0.0010469508351469323,False
all_reduce,2gpu_nvlink,2,8192,ip,e_op_dyn_j,auto/LL128,TREE/LL128[0-0],15.526666666666666,0.002376877248724133,False
all_reduce,2gpu_nvlink,2,8192,ip,e_op_dyn_j,auto/Simple,RING/SIMPLE[0-0],19.75333333333333,0.0029331853049751736,False
all_reduce,2gpu_nvlink,2,8192,ip,e_op_dyn_j,auto/auto,RING/LL[0-0],7.043333333333333,0.0010577018083384895,False
all_reduce,2gpu_nvlink,2,8192,oop,e_op_j,Ring/LL,RING/LL[0-0],7.06,0.001401106063396566,False
all_reduce,2gpu_nvlink,2,8192,oop,e_op_j,Ring/LL128,RING/LL128[0-0],19.169999999999998,0.0038605202716197324,False
all_reduce,2gpu_nvlink,2,8192,oop,e_op_j,Ring/Simple,RING/SIMPLE[0-0],19.666666666666664,0.003851183617964934,False
all_reduce,2gpu_nvlink,2,8192,oop,e_op_j,Ring/auto,RING/LL[0-0],7.033333333333332,0.0014173969419250688,True
all_reduce,2gpu_nvlink,2,8192,oop,e_op_j,Tree/LL,TREE/LL[0-1],8.506666666666666,0.0017333747684780277,False
all_reduce,2gpu_nvlink,2,8192,oop,e_op_j,Tree/LL128,TREE/LL128[0-0],15.596666666666666,0.003173847677430341,False
all_reduce,2gpu_nvlink,2,8192,oop,e_op_j,Tree/Simple,TREE/SIMPLE[0-0],20.69,0.004173710302413899,False
all_reduce,2gpu_nvlink,2,8192,oop,e_op_j,Tree/auto,TREE/LL[0-1],8.483333333333333,0.0017249544188012581,False
all_reduce,2gpu_nvlink,2,8192,oop,e_op_j,auto/LL,RING/LL[0-0],7.07,0.0014026236823302832,False
all_reduce,2gpu_nvlink,2,8192,oop,e_op_j,auto/LL128,TREE/LL128[0-0],15.54,0.003151065674672705,False
all_reduce,2gpu_nvlink,2,8192,oop,e_op_j,auto/Simple,RING/SIMPLE[0-0],19.743333333333336,0.003859435446341137,False
all_reduce,2gpu_nvlink,2,8192,oop,e_op_j,auto/auto,RING/LL[0-0],7.06,0.001399614587819333,True
all_reduce,2gpu_nvlink,2,8192,oop,e_op_dyn_j,Ring/LL,RING/LL[0-0],7.06,0.0010464329567851404,False
all_reduce,2gpu_nvlink,2,8192,oop,e_op_dyn_j,Ring/LL128,RING/LL128[0-0],19.169999999999998,0.00289523413243389,False
all_reduce,2gpu_nvlink,2,8192,oop,e_op_dyn_j,Ring/Simple,RING/SIMPLE[0-0],19.666666666666664,0.002864305949139219,False
all_reduce,2gpu_nvlink,2,8192,oop,e_op_dyn_j,Ring/auto,RING/LL[0-0],7.033333333333332,0.0010649318994740346,True
all_reduce,2gpu_nvlink,2,8192,oop,e_op_dyn_j,Tree/LL,TREE/LL[0-1],8.506666666666666,0.0013065200596870006,False
all_reduce,2gpu_nvlink,2,8192,oop,e_op_dyn_j,Tree/LL128,TREE/LL128[0-0],15.596666666666666,0.002390195753815294,False
all_reduce,2gpu_nvlink,2,8192,oop,e_op_dyn_j,Tree/Simple,TREE/SIMPLE[0-0],20.69,0.0031347314133982583,False
all_reduce,2gpu_nvlink,2,8192,oop,e_op_dyn_j,Tree/auto,TREE/LL[0-1],8.483333333333333,0.0012989958977265659,False
all_reduce,2gpu_nvlink,2,8192,oop,e_op_dyn_j,auto/LL,RING/LL[0-0],7.07,0.0010471203970900784,False
all_reduce,2gpu_nvlink,2,8192,oop,e_op_dyn_j,auto/LL128,TREE/LL128[0-0],15.54,0.0023715760843633295,False
all_reduce,2gpu_nvlink,2,8192,oop,e_op_dyn_j,auto/Simple,RING/SIMPLE[0-0],19.743333333333336,0.002868494295052174,False
all_reduce,2gpu_nvlink,2,8192,oop,e_op_dyn_j,auto/auto,RING/LL[0-0],7.06,0.001045473514385108,True
all_reduce,2gpu_nvlink,2,16384,ip,e_op_j,Ring/LL,RING/LL[0-1],7.446666666666665,0.0015066890419075855,True
all_reduce,2gpu_nvlink,2,16384,ip,e_op_j,Ring/LL128,RING/LL128[0-1],19.49,0.004020817050101381,False
all_reduce,2gpu_nvlink,2,16384,ip,e_op_j,Ring/Simple,RING/SIMPLE[0-0],22.683333333333334,0.004503898447718217,False
all_reduce,2gpu_nvlink,2,16384,ip,e_op_j,Ring/auto,RING/LL[0-1],7.439999999999999,0.0015092993637195607,True
all_reduce,2gpu_nvlink,2,16384,ip,e_op_j,Tree/LL,TREE/LL[0-3],8.676666666666668,0.0017899377016005475,False
all_reduce,2gpu_nvlink,2,16384,ip,e_op_j,Tree/LL128,TREE/LL128[0-1],15.993333333333332,0.0032739290333568074,False
all_reduce,2gpu_nvlink,2,16384,ip,e_op_j,Tree/Simple,TREE/SIMPLE[0-0],21.596666666666664,0.004364948415383617,False
all_reduce,2gpu_nvlink,2,16384,ip,e_op_j,Tree/auto,TREE/LL[0-3],8.673333333333334,0.0017984948525643378,False
all_reduce,2gpu_nvlink,2,16384,ip,e_op_j,auto/LL,RING/LL[0-1],7.453333333333333,0.0015074330499291759,False
all_reduce,2gpu_nvlink,2,16384,ip,e_op_j,auto/LL128,TREE/LL128[0-1],16.023333333333333,0.0033273927620891086,False
all_reduce,2gpu_nvlink,2,16384,ip,e_op_j,auto/Simple,RING/SIMPLE[0-0],22.529999999999998,0.0045493685790440695,False
all_reduce,2gpu_nvlink,2,16384,ip,e_op_j,auto/auto,RING/LL[0-1],7.463333333333334,0.0015207581796068648,False
all_reduce,2gpu_nvlink,2,16384,ip,e_op_dyn_j,Ring/LL,RING/LL[0-1],7.446666666666665,0.001134985140600467,True
all_reduce,2gpu_nvlink,2,16384,ip,e_op_dyn_j,Ring/LL128,RING/LL128[0-1],19.49,0.00304832568549292,False
all_reduce,2gpu_nvlink,2,16384,ip,e_op_dyn_j,Ring/Simple,RING/SIMPLE[0-0],22.683333333333334,0.0033718509779999428,False
all_reduce,2gpu_nvlink,2,16384,ip,e_op_dyn_j,Ring/auto,RING/LL[0-1],7.439999999999999,0.0011382624413426824,True
all_reduce,2gpu_nvlink,2,16384,ip,e_op_dyn_j,Tree/LL,TREE/LL[0-3],8.676666666666668,0.0013569194865713067,False
all_reduce,2gpu_nvlink,2,16384,ip,e_op_dyn_j,Tree/LL128,TREE/LL128[0-1],15.993333333333332,0.002475778257062662,False
all_reduce,2gpu_nvlink,2,16384,ip,e_op_dyn_j,Tree/Simple,TREE/SIMPLE[0-0],21.596666666666664,0.0032870489166020645,False
all_reduce,2gpu_nvlink,2,16384,ip,e_op_dyn_j,Tree/auto,TREE/LL[0-3],8.673333333333334,0.0013655458577914927,False
all_reduce,2gpu_nvlink,2,16384,ip,e_op_dyn_j,auto/LL,RING/LL[0-1],7.453333333333333,0.0011356100910115607,False
all_reduce,2gpu_nvlink,2,16384,ip,e_op_dyn_j,auto/LL128,TREE/LL128[0-1],16.023333333333333,0.002527836954449626,False
all_reduce,2gpu_nvlink,2,16384,ip,e_op_dyn_j,auto/Simple,RING/SIMPLE[0-0],22.529999999999998,0.003424998687309682,False
all_reduce,2gpu_nvlink,2,16384,ip,e_op_dyn_j,auto/auto,RING/LL[0-1],7.463333333333334,0.001148230298107215,False
all_reduce,2gpu_nvlink,2,16384,oop,e_op_j,Ring/LL,RING/LL[0-1],7.46,0.0015384625257497096,False
all_reduce,2gpu_nvlink,2,16384,oop,e_op_j,Ring/LL128,RING/LL128[0-1],19.48,0.003993781221327353,False
all_reduce,2gpu_nvlink,2,16384,oop,e_op_j,Ring/Simple,RING/SIMPLE[0-0],22.683333333333334,0.004527627100886487,False
all_reduce,2gpu_nvlink,2,16384,oop,e_op_j,Ring/auto,RING/LL[0-1],7.446666666666666,0.0015004186240723794,True
all_reduce,2gpu_nvlink,2,16384,oop,e_op_j,Tree/LL,TREE/LL[0-3],8.69,0.001800722666436534,False
all_reduce,2gpu_nvlink,2,16384,oop,e_op_j,Tree/LL128,TREE/LL128[0-1],16.016666666666666,0.003308425044992796,False
all_reduce,2gpu_nvlink,2,16384,oop,e_op_j,Tree/Simple,TREE/SIMPLE[0-0],21.573333333333334,0.004345859480971317,False
all_reduce,2gpu_nvlink,2,16384,oop,e_op_j,Tree/auto,TREE/LL[0-3],8.673333333333334,0.0017866162594530517,False
all_reduce,2gpu_nvlink,2,16384,oop,e_op_j,auto/LL,RING/LL[0-1],7.466666666666668,0.0015068832093507263,False
all_reduce,2gpu_nvlink,2,16384,oop,e_op_j,auto/LL128,TREE/LL128[0-1],16.049999999999997,0.0032768656458470155,False
all_reduce,2gpu_nvlink,2,16384,oop,e_op_j,auto/Simple,RING/SIMPLE[0-0],22.55,0.004449874492146055,False
all_reduce,2gpu_nvlink,2,16384,oop,e_op_j,auto/auto,RING/LL[0-1],7.47,0.0015120059613055225,False
all_reduce,2gpu_nvlink,2,16384,oop,e_op_dyn_j,Ring/LL,RING/LL[0-1],7.46,0.0011641383882727075,False
all_reduce,2gpu_nvlink,2,16384,oop,e_op_dyn_j,Ring/LL128,RING/LL128[0-1],19.48,0.003016840875084395,False
all_reduce,2gpu_nvlink,2,16384,oop,e_op_dyn_j,Ring/Simple,RING/SIMPLE[0-0],22.683333333333334,0.003388570606872638,False
all_reduce,2gpu_nvlink,2,16384,oop,e_op_dyn_j,Ring/auto,RING/LL[0-1],7.446666666666666,0.0011271989850625845,True
all_reduce,2gpu_nvlink,2,16384,oop,e_op_dyn_j,Tree/LL,TREE/LL[0-3],8.69,0.001364128411426255,False
all_reduce,2gpu_nvlink,2,16384,oop,e_op_dyn_j,Tree/LL128,TREE/LL128[0-1],16.016666666666666,0.002503494400161095,False
all_reduce,2gpu_nvlink,2,16384,oop,e_op_dyn_j,Tree/Simple,TREE/SIMPLE[0-0],21.573333333333334,0.003264019495975819,False
all_reduce,2gpu_nvlink,2,16384,oop,e_op_dyn_j,Tree/auto,TREE/LL[0-3],8.673333333333334,0.0013512523904811214,False
all_reduce,2gpu_nvlink,2,16384,oop,e_op_dyn_j,auto/LL,RING/LL[0-1],7.466666666666668,0.0011325977806003948,False
all_reduce,2gpu_nvlink,2,16384,oop,e_op_dyn_j,auto/LL128,TREE/LL128[0-1],16.049999999999997,0.0024709937750714566,False
all_reduce,2gpu_nvlink,2,16384,oop,e_op_dyn_j,auto/Simple,RING/SIMPLE[0-0],22.55,0.003317219845706034,False
all_reduce,2gpu_nvlink,2,16384,oop,e_op_dyn_j,auto/auto,RING/LL[0-1],7.47,0.001137253348243275,False
all_reduce,2gpu_nvlink,2,32768,ip,e_op_j,Ring/LL,RING/LL[0-3],7.849999999999999,0.0016164415198490982,False
all_reduce,2gpu_nvlink,2,32768,ip,e_op_j,Ring/LL128,RING/LL128[0-3],19.599999999999998,0.004223944371480489,False
all_reduce,2gpu_nvlink,2,32768,ip,e_op_j,Ring/Simple,RING/SIMPLE[0-0],27.47333333333333,0.00544128523004717,False
all_reduce,2gpu_nvlink,2,32768,ip,e_op_j,Ring/auto,RING/LL[0-3],7.846666666666667,0.0016104018187536543,True
all_reduce,2gpu_nvlink,2,32768,ip,e_op_j,Tree/LL,TREE/LL[0-3],9.473333333333334,0.001963479437496234,False
all_reduce,2gpu_nvlink,2,32768,ip,e_op_j,Tree/LL128,TREE/LL128[0-3],16.20333333333333,0.0034502437966519063,False
all_reduce,2gpu_nvlink,2,32768,ip,e_op_j,Tree/Simple,TREE/SIMPLE[0-0],23.456666666666663,0.004662406987486353,False
all_reduce,2gpu_nvlink,2,32768,ip,e_op_j,Tree/auto,TREE/LL[0-3],9.456666666666665,0.0019735490149483427,False
all_reduce,2gpu_nvlink,2,32768,ip,e_op_j,auto/LL,RING/LL[0-3],7.843333333333334,0.0016209952237159694,False
all_reduce,2gpu_nvlink,2,32768,ip,e_op_j,auto/LL128,RING/LL128[0-3],19.646666666666665,0.004220635885866036,False
all_reduce,2gpu_nvlink,2,32768,ip,e_op_j,auto/Simple,RING/SIMPLE[0-0],27.416666666666668,0.005488021894696934,False
all_reduce,2gpu_nvlink,2,32768,ip,e_op_j,auto/auto,RING/LL[0-3],7.833333333333332,0.001613358873741435,True
all_reduce,2gpu_nvlink,2,32768,ip,e_op_dyn_j,Ring/LL,RING/LL[0-3],7.849999999999999,0.0012248868716229055,False
all_reduce,2gpu_nvlink,2,32768,ip,e_op_dyn_j,Ring/LL128,RING/LL128[0-3],19.599999999999998,0.0032457379572082955,False
all_reduce,2gpu_nvlink,2,32768,ip,e_op_dyn_j,Ring/Simple,RING/SIMPLE[0-0],27.47333333333333,0.004070155312024773,False
all_reduce,2gpu_nvlink,2,32768,ip,e_op_dyn_j,Ring/auto,RING/LL[0-3],7.846666666666667,0.0012189207188547098,True
all_reduce,2gpu_nvlink,2,32768,ip,e_op_dyn_j,Tree/LL,TREE/LL[0-3],9.473333333333334,0.0014905652129719585,False
all_reduce,2gpu_nvlink,2,32768,ip,e_op_dyn_j,Tree/LL128,TREE/LL128[0-3],16.20333333333333,0.0026416953157757123,False
all_reduce,2gpu_nvlink,2,32768,ip,e_op_dyn_j,Tree/Simple,TREE/SIMPLE[0-0],23.456666666666663,0.003491831966034467,False
all_reduce,2gpu_nvlink,2,32768,ip,e_op_dyn_j,Tree/auto,TREE/LL[0-3],9.456666666666665,0.001501707051280536,False
all_reduce,2gpu_nvlink,2,32768,ip,e_op_dyn_j,auto/LL,RING/LL[0-3],7.843333333333334,0.0012296081967490145,False
all_reduce,2gpu_nvlink,2,32768,ip,e_op_dyn_j,auto/LL128,RING/LL128[0-3],19.646666666666665,0.003240136838795,False
all_reduce,2gpu_nvlink,2,32768,ip,e_op_dyn_j,auto/Simple,RING/SIMPLE[0-0],27.416666666666668,0.004119918440153417,False
all_reduce,2gpu_nvlink,2,32768,ip,e_op_dyn_j,auto/auto,RING/LL[0-3],7.833333333333332,0.001222273659060188,True
all_reduce,2gpu_nvlink,2,32768,oop,e_op_j,Ring/LL,RING/LL[0-3],7.849999999999999,0.0016125506551897533,False
all_reduce,2gpu_nvlink,2,32768,oop,e_op_j,Ring/LL128,RING/LL128[0-3],19.586666666666666,0.004129991784058675,False
all_reduce,2gpu_nvlink,2,32768,oop,e_op_j,Ring/Simple,RING/SIMPLE[0-0],27.49333333333333,0.005399076334731867,False
all_reduce,2gpu_nvlink,2,32768,oop,e_op_j,Ring/auto,RING/LL[0-3],7.849999999999999,0.0016212116219654971,False
all_reduce,2gpu_nvlink,2,32768,oop,e_op_j,Tree/LL,TREE/LL[0-3],9.483333333333334,0.001961341561621773,False
all_reduce,2gpu_nvlink,2,32768,oop,e_op_j,Tree/LL128,TREE/LL128[0-3],16.22,0.0035252179712294295,False
all_reduce,2gpu_nvlink,2,32768,oop,e_op_j,Tree/Simple,TREE/SIMPLE[0-0],23.41666666666666,0.004733017552700092,False
all_reduce,2gpu_nvlink,2,32768,oop,e_op_j,Tree/auto,TREE/LL[0-3],9.469999999999999,0.0019800146541286167,False
all_reduce,2gpu_nvlink,2,32768,oop,e_op_j,auto/LL,RING/LL[0-3],7.853333333333333,0.0015962434282121901,True
all_reduce,2gpu_nvlink,2,32768,oop,e_op_j,auto/LL128,RING/LL128[0-3],19.63333333333333,0.0042078335639396365,False
all_reduce,2gpu_nvlink,2,32768,oop,e_op_j,auto/Simple,RING/SIMPLE[0-0],27.400000000000002,0.005579893527952862,False
all_reduce,2gpu_nvlink,2,32768,oop,e_op_j,auto/auto,RING/LL[0-3],7.84,0.0016108753022850359,True
all_reduce,2gpu_nvlink,2,32768,oop,e_op_dyn_j,Ring/LL,RING/LL[0-3],7.849999999999999,0.0012179442849022456,False
all_reduce,2gpu_nvlink,2,32768,oop,e_op_dyn_j,Ring/LL128,RING/LL128[0-3],19.586666666666666,0.0031458363055200133,False
all_reduce,2gpu_nvlink,2,32768,oop,e_op_dyn_j,Ring/Simple,RING/SIMPLE[0-0],27.49333333333333,0.004017467269173112,False
all_reduce,2gpu_nvlink,2,32768,oop,e_op_dyn_j,Ring/auto,RING/LL[0-3],7.849999999999999,0.0012271560684156632,False
all_reduce,2gpu_nvlink,2,32768,oop,e_op_dyn_j,Tree/LL,TREE/LL[0-3],9.483333333333334,0.0014848710569846353,False
all_reduce,2gpu_nvlink,2,32768,oop,e_op_dyn_j,Tree/LL128,TREE/LL128[0-3],16.22,0.0027122051937000704,False
all_reduce,2gpu_nvlink,2,32768,oop,e_op_dyn_j,Tree/Simple,TREE/SIMPLE[0-0],23.41666666666666,0.003558491291054032,False
all_reduce,2gpu_nvlink,2,32768,oop,e_op_dyn_j,Tree/auto,TREE/LL[0-3],9.469999999999999,0.0015046897354480833,False
all_reduce,2gpu_nvlink,2,32768,oop,e_op_dyn_j,auto/LL,RING/LL[0-3],7.853333333333333,0.001201928654223506,True
all_reduce,2gpu_nvlink,2,32768,oop,e_op_dyn_j,auto/LL128,RING/LL128[0-3],19.63333333333333,0.003222635915113289,False
all_reduce,2gpu_nvlink,2,32768,oop,e_op_dyn_j,auto/Simple,RING/SIMPLE[0-0],27.400000000000002,0.004203480048478207,False
all_reduce,2gpu_nvlink,2,32768,oop,e_op_dyn_j,auto/auto,RING/LL[0-3],7.84,0.0012171179463902279,True
all_reduce,2gpu_nvlink,2,65536,ip,e_op_j,Ring/LL,RING/LL[0-3],9.246666666666668,0.0019332418783244902,False
all_reduce,2gpu_nvlink,2,65536,ip,e_op_j,Ring/LL128,RING/LL128[0-3],20.09,0.00433960837483378,False
all_reduce,2gpu_nvlink,2,65536,ip,e_op_j,Ring/Simple,RING/SIMPLE[0-1],28.403333333333332,0.00580928918991613,False
all_reduce,2gpu_nvlink,2,65536,ip,e_op_j,Ring/auto,RING/LL[0-3],9.24,0.0019011586028397367,True
all_reduce,2gpu_nvlink,2,65536,ip,e_op_j,Tree/LL,TREE/LL[0-3],11.016666666666666,0.002319044173897489,False
all_reduce,2gpu_nvlink,2,65536,ip,e_op_j,Tree/LL128,TREE/LL128[0-3],17.256666666666668,0.003702762249994417,False
all_reduce,2gpu_nvlink,2,65536,ip,e_op_j,Tree/Simple,TREE/SIMPLE[0-1],23.75666666666666,0.004930048014622635,False
all_reduce,2gpu_nvlink,2,65536,ip,e_op_j,Tree/auto,TREE/SIMPLE[0-1],23.73666666666666,0.004806136223058338,False
all_reduce,2gpu_nvlink,2,65536,ip,e_op_j,auto/LL,RING/LL[0-3],9.233333333333334,0.001930263106851961,True
all_reduce,2gpu_nvlink,2,65536,ip,e_op_j,auto/LL128,RING/LL128[0-3],20.12333333333333,0.004331977158554145,False
all_reduce,2gpu_nvlink,2,65536,ip,e_op_j,auto/Simple,RING/SIMPLE[0-1],28.403333333333332,0.005824514991181658,False
all_reduce,2gpu_nvlink,2,65536,ip,e_op_j,auto/auto,RING/LL[0-3],9.24,0.0019313665804221853,False
all_reduce,2gpu_nvlink,2,65536,ip,e_op_dyn_j,Ring/LL,RING/LL[0-3],9.246666666666668,0.0014717190961226272,False
all_reduce,2gpu_nvlink,2,65536,ip,e_op_dyn_j,Ring/LL128,RING/LL128[0-3],20.09,0.003336975188112165,False
all_reduce,2gpu_nvlink,2,65536,ip,e_op_dyn_j,Ring/Simple,RING/SIMPLE[0-1],28.403333333333332,0.004391793964491778,False
all_reduce,2gpu_nvlink,2,65536,ip,e_op_dyn_j,Ring/auto,RING/LL[0-3],9.24,0.0014400709695901214,True
all_reduce,2gpu_nvlink,2,65536,ip,e_op_dyn_j,Tree/LL,TREE/LL[0-3],11.016666666666666,0.0017693755969003684,False
all_reduce,2gpu_nvlink,2,65536,ip,e_op_dyn_j,Tree/LL128,TREE/LL128[0-3],17.256666666666668,0.0028415361860227185,False
all_reduce,2gpu_nvlink,2,65536,ip,e_op_dyn_j,Tree/Simple,TREE/SIMPLE[0-1],23.75666666666666,0.0037444209474781615,False
all_reduce,2gpu_nvlink,2,65536,ip,e_op_dyn_j,Tree/auto,TREE/SIMPLE[0-1],23.73666666666666,0.003621597097020819,False
all_reduce,2gpu_nvlink,2,65536,ip,e_op_dyn_j,auto/LL,RING/LL[0-3],9.233333333333334,0.001469677431257808,True
all_reduce,2gpu_nvlink,2,65536,ip,e_op_dyn_j,auto/LL128,RING/LL128[0-3],20.12333333333333,0.003327893191617253,False
all_reduce,2gpu_nvlink,2,65536,ip,e_op_dyn_j,auto/Simple,RING/SIMPLE[0-1],28.403333333333332,0.004406896387203406,False
all_reduce,2gpu_nvlink,2,65536,ip,e_op_dyn_j,auto/auto,RING/LL[0-3],9.24,0.001470161672820303,False
all_reduce,2gpu_nvlink,2,65536,oop,e_op_j,Ring/LL,RING/LL[0-3],9.253333333333332,0.0019151216822341922,False
all_reduce,2gpu_nvlink,2,65536,oop,e_op_j,Ring/LL128,RING/LL128[0-3],20.153333333333332,0.004213360102208433,False
all_reduce,2gpu_nvlink,2,65536,oop,e_op_j,Ring/Simple,RING/SIMPLE[0-1],28.399999999999995,0.0057037883789357,False
all_reduce,2gpu_nvlink,2,65536,oop,e_op_j,Ring/auto,RING/LL[0-3],9.25,0.0019089816476550534,True
all_reduce,2gpu_nvlink,2,65536,oop,e_op_j,Tree/LL,TREE/LL[0-3],11.030000000000001,0.0023151632464995793,False
all_reduce,2gpu_nvlink,2,65536,oop,e_op_j,Tree/LL128,TREE/LL128[0-3],17.236666666666665,0.0036625703092241237,False
all_reduce,2gpu_nvlink,2,65536,oop,e_op_j,Tree/Simple,TREE/SIMPLE[0-1],23.726666666666663,0.00478742617069744,False
all_reduce,2gpu_nvlink,2,65536,oop,e_op_j,Tree/auto,TREE/SIMPLE[0-1],23.72333333333333,0.004835255601917826,False
all_reduce,2gpu_nvlink,2,65536,oop,e_op_j,auto/LL,RING/LL[0-3],9.233333333333334,0.0019122700707762648,True
all_reduce,2gpu_nvlink,2,65536,oop,e_op_j,auto/LL128,RING/LL128[0-3],20.12,0.0042250817311715325,False
all_reduce,2gpu_nvlink,2,65536,oop,e_op_j,auto/Simple,RING/SIMPLE[0-1],28.393333333333334,0.00573346969103142,False
all_reduce,2gpu_nvlink,2,65536,oop,e_op_j,auto/auto,RING/LL[0-3],9.24,0.0019288547827015412,False
all_reduce,2gpu_nvlink,2,65536,oop,e_op_dyn_j,Ring/LL,RING/LL[0-3],9.253333333333332,0.0014502556599153898,False
all_reduce,2gpu_nvlink,2,65536,oop,e_op_dyn_j,Ring/LL128,RING/LL128[0-3],20.153333333333332,0.0032002394530398852,False
all_reduce,2gpu_nvlink,2,65536,oop,e_op_dyn_j,Ring/Simple,RING/SIMPLE[0-1],28.399999999999995,0.004276648649042336,False
all_reduce,2gpu_nvlink,2,65536,oop,e_op_dyn_j,Ring/auto,RING/LL[0-3],9.25,0.0014446163874013932,True
all_reduce,2gpu_nvlink,2,65536,oop,e_op_dyn_j,Tree/LL,TREE/LL[0-3],11.030000000000001,0.0017605775958928732,False
all_reduce,2gpu_nvlink,2,65536,oop,e_op_dyn_j,Tree/LL128,TREE/LL128[0-3],17.236666666666665,0.0027982991707888034,False
all_reduce,2gpu_nvlink,2,65536,oop,e_op_dyn_j,Tree/Simple,TREE/SIMPLE[0-1],23.726666666666663,0.0035970339844818584,False
all_reduce,2gpu_nvlink,2,65536,oop,e_op_dyn_j,Tree/auto,TREE/SIMPLE[0-1],23.72333333333333,0.003644002048090773,False
all_reduce,2gpu_nvlink,2,65536,oop,e_op_dyn_j,auto/LL,RING/LL[0-3],9.233333333333334,0.0014487609659794894,True
all_reduce,2gpu_nvlink,2,65536,oop,e_op_dyn_j,auto/LL128,RING/LL128[0-3],20.12,0.0032148285126149703,False
all_reduce,2gpu_nvlink,2,65536,oop,e_op_dyn_j,auto/Simple,RING/SIMPLE[0-1],28.393333333333334,0.0043070968639219815,False
all_reduce,2gpu_nvlink,2,65536,oop,e_op_dyn_j,auto/auto,RING/LL[0-3],9.24,0.0014654212202929058,False
all_reduce,2gpu_nvlink,2,131072,ip,e_op_j,Ring/LL,RING/LL[0-3],11.993333333333332,0.0025146287025232267,True
all_reduce,2gpu_nvlink,2,131072,ip,e_op_j,Ring/LL128,RING/LL128[0-3],21.156666666666666,0.00462129002495975,False
all_reduce,2gpu_nvlink,2,131072,ip,e_op_j,Ring/Simple,RING/SIMPLE[0-3],28.846666666666664,0.006181655871117755,False
all_reduce,2gpu_nvlink,2,131072,ip,e_op_j,Ring/auto,RING/LL[0-3],11.996666666666664,0.0025442896761682337,False
all_reduce,2gpu_nvlink,2,131072,ip,e_op_j,Tree/LL,TREE/LL[0-3],14.303333333333333,0.0031320093530017826,False
all_reduce,2gpu_nvlink,2,131072,ip,e_op_j,Tree/LL128,TREE/LL128[0-3],20.706666666666667,0.004502252392703257,False
all_reduce,2gpu_nvlink,2,131072,ip,e_op_j,Tree/Simple,TREE/SIMPLE[0-3],24.08,0.0050299618608459565,False
all_reduce,2gpu_nvlink,2,131072,ip,e_op_j,Tree/auto,TREE/SIMPLE[0-3],24.096666666666664,0.005124188317325389,False
all_reduce,2gpu_nvlink,2,131072,ip,e_op_j,auto/LL,RING/LL[0-3],12.006666666666666,0.0025442100430138706,False
all_reduce,2gpu_nvlink,2,131072,ip,e_op_j,auto/LL128,RING/LL128[0-3],21.20333333333333,0.004668814140662571,False
all_reduce,2gpu_nvlink,2,131072,ip,e_op_j,auto/Simple,RING/SIMPLE[0-3],28.86,0.00603192480101325,False
all_reduce,2gpu_nvlink,2,131072,ip,e_op_j,auto/auto,RING/LL[0-3],12.016666666666666,0.0025756967525647112,False
all_reduce,2gpu_nvlink,2,131072,ip,e_op_dyn_j,Ring/LL,RING/LL[0-3],11.993333333333332,0.0019161207027287017,True
all_reduce,2gpu_nvlink,2,131072,ip,e_op_dyn_j,Ring/LL128,RING/LL128[0-3],21.156666666666666,0.003565528184036588,False
all_reduce,2gpu_nvlink,2,131072,ip,e_op_dyn_j,Ring/Simple,RING/SIMPLE[0-3],28.846666666666664,0.004742272731002858,False
all_reduce,2gpu_nvlink,2,131072,ip,e_op_dyn_j,Ring/auto,RING/LL[0-3],11.996666666666664,0.0019456463713570646,False
all_reduce,2gpu_nvlink,2,131072,ip,e_op_dyn_j,Tree/LL,TREE/LL[0-3],14.303333333333333,0.0024181760411684113,False
all_reduce,2gpu_nvlink,2,131072,ip,e_op_dyn_j,Tree/LL128,TREE/LL128[0-3],20.706666666666667,0.0034689779126168495,False
all_reduce,2gpu_nvlink,2,131072,ip,e_op_dyn_j,Tree/Simple,TREE/SIMPLE[0-3],24.08,0.0038282412050486135,False
all_reduce,2gpu_nvlink,2,131072,ip,e_op_dyn_j,Tree/auto,TREE/SIMPLE[0-3],24.096666666666664,0.003921624503040966,False
all_reduce,2gpu_nvlink,2,131072,ip,e_op_dyn_j,auto/LL,RING/LL[0-3],12.006666666666666,0.0019450736810390356,False
all_reduce,2gpu_nvlink,2,131072,ip,e_op_dyn_j,auto/LL128,RING/LL128[0-3],21.20333333333333,0.003610698956131489,False
all_reduce,2gpu_nvlink,2,131072,ip,e_op_dyn_j,auto/Simple,RING/SIMPLE[0-3],28.86,0.0045918111728488675,False
all_reduce,2gpu_nvlink,2,131072,ip,e_op_dyn_j,auto/auto,RING/LL[0-3],12.016666666666666,0.001976076678686979,False
all_reduce,2gpu_nvlink,2,131072,oop,e_op_j,Ring/LL,RING/LL[0-3],11.993333333333332,0.0025387760813458133,True
all_reduce,2gpu_nvlink,2,131072,oop,e_op_j,Ring/LL128,RING/LL128[0-3],21.113333333333333,0.004612659511742081,False
all_reduce,2gpu_nvlink,2,131072,oop,e_op_j,Ring/Simple,RING/SIMPLE[0-3],28.866666666666664,0.005968315063942867,False
all_reduce,2gpu_nvlink,2,131072,oop,e_op_j,Ring/auto,RING/LL[0-3],12.01,0.0025648584495833074,False
all_reduce,2gpu_nvlink,2,131072,oop,e_op_j,Tree/LL,TREE/LL[0-3],14.31,0.0030733165933521304,False
all_reduce,2gpu_nvlink,2,131072,oop,e_op_j,Tree/LL128,TREE/LL128[0-3],20.703333333333333,0.004507060070734336,False
all_reduce,2gpu_nvlink,2,131072,oop,e_op_j,Tree/Simple,TREE/SIMPLE[0-3],24.08,0.005125568316490335,False
all_reduce,2gpu_nvlink,2,131072,oop,e_op_j,Tree/auto,TREE/SIMPLE[0-3],24.093333333333334,0.004999770819009521,False
all_reduce,2gpu_nvlink,2,131072,oop,e_op_j,auto/LL,RING/LL[0-3],12.033333333333331,0.002505602850100458,True
all_reduce,2gpu_nvlink,2,131072,oop,e_op_j,auto/LL128,RING/LL128[0-3],21.21,0.004551362436142895,False
all_reduce,2gpu_nvlink,2,131072,oop,e_op_j,auto/Simple,RING/SIMPLE[0-3],28.89333333333333,0.005996610085306644,False
all_reduce,2gpu_nvlink,2,131072,oop,e_op_j,auto/auto,RING/LL[0-3],12.046666666666667,0.0025287603775485247,False
all_reduce,2gpu_nvlink,2,131072,oop,e_op_dyn_j,Ring/LL,RING/LL[0-3],11.993333333333332,0.0019369483151669802,True
all_reduce,2gpu_nvlink,2,131072,oop,e_op_dyn_j,Ring/LL128,RING/LL128[0-3],21.113333333333333,0.003554083197185535,False
all_reduce,2gpu_nvlink,2,131072,oop,e_op_dyn_j,Ring/Simple,RING/SIMPLE[0-3],28.866666666666664,0.004517216547418052,False
all_reduce,2gpu_nvlink,2,131072,oop,e_op_dyn_j,Ring/auto,RING/LL[0-3],12.01,0.0019617411136278414,False
all_reduce,2gpu_nvlink,2,131072,oop,e_op_dyn_j,Tree/LL,TREE/LL[0-3],14.31,0.0023556317079229446,False
all_reduce,2gpu_nvlink,2,131072,oop,e_op_dyn_j,Tree/LL128,TREE/LL128[0-3],20.703333333333333,0.003467438705300313,False
all_reduce,2gpu_nvlink,2,131072,oop,e_op_dyn_j,Tree/Simple,TREE/SIMPLE[0-3],24.08,0.00391728814365552,False
all_reduce,2gpu_nvlink,2,131072,oop,e_op_dyn_j,Tree/auto,TREE/SIMPLE[0-3],24.093333333333334,0.003789909689139058,False
all_reduce,2gpu_nvlink,2,131072,oop,e_op_dyn_j,auto/LL,RING/LL[0-3],12.033333333333331,0.0019014554760581354,True
all_reduce,2gpu_nvlink,2,131072,oop,e_op_dyn_j,auto/LL128,RING/LL128[0-3],21.21,0.0034862420904761943,False
all_reduce,2gpu_nvlink,2,131072,oop,e_op_dyn_j,auto/Simple,RING/SIMPLE[0-3],28.89333333333333,0.0045454362263028835,False
all_reduce,2gpu_nvlink,2,131072,oop,e_op_dyn_j,auto/auto,RING/LL[0-3],12.046666666666667,0.0019241405215744856,False
all_reduce,2gpu_nvlink,2,262144,ip,e_op_j,Ring/LL,RING/LL[0-3],17.97,0.0038561789864387003,True
all_reduce,2gpu_nvlink,2,262144,ip,e_op_j,Ring/LL128,RING/LL128[0-3],25.56,0.005726237217453029,False
all_reduce,2gpu_nvlink,2,262144,ip,e_op_j,Ring/Simple,RING/SIMPLE[0-3],31.99333333333333,0.006794266356090436,False
all_reduce,2gpu_nvlink,2,262144,ip,e_op_j,Ring/auto,RING/LL[0-3],17.956666666666667,0.0038961409003659534,True
all_reduce,2gpu_nvlink,2,262144,ip,e_op_j,Tree/LL,TREE/LL[0-3],22.03,0.004854214123006834,False
all_reduce,2gpu_nvlink,2,262144,ip,e_op_j,Tree/LL128,TREE/LL128[0-3],27.883333333333336,0.006132515164339117,False
all_reduce,2gpu_nvlink,2,262144,ip,e_op_j,Tree/Simple,TREE/SIMPLE[0-3],28.39333333333333,0.006106909281405267,False
all_reduce,2gpu_nvlink,2,262144,ip,e_op_j,Tree/auto,TREE/SIMPLE[0-3],28.396666666666665,0.006093374339447638,False
all_reduce,2gpu_nvlink,2,262144,ip,e_op_j,auto/LL,RING/LL[0-3],17.973333333333333,0.003923867595368885,False
all_reduce,2gpu_nvlink,2,262144,ip,e_op_j,auto/LL128,RING/LL128[0-3],25.566666666666663,0.005774379888226995,False
all_reduce,2gpu_nvlink,2,262144,ip,e_op_j,auto/Simple,RING/SIMPLE[0-3],32.013333333333335,0.006769605121942193,False
all_reduce,2gpu_nvlink,2,262144,ip,e_op_j,auto/auto,RING/LL[0-3],17.970000000000002,0.00390735850901826,False
all_reduce,2gpu_nvlink,2,262144,ip,e_op_dyn_j,Ring/LL,RING/LL[0-3],17.97,0.002959293535762606,True
all_reduce,2gpu_nvlink,2,262144,ip,e_op_dyn_j,Ring/LL128,RING/LL128[0-3],25.56,0.004450658551595117,False
all_reduce,2gpu_nvlink,2,262144,ip,e_op_dyn_j,Ring/Simple,RING/SIMPLE[0-3],31.99333333333333,0.005197847321494209,False
all_reduce,2gpu_nvlink,2,262144,ip,e_op_dyn_j,Ring/auto,RING/LL[0-3],17.956666666666667,0.0030000201233745423,True
all_reduce,2gpu_nvlink,2,262144,ip,e_op_dyn_j,Tree/LL,TREE/LL[0-3],22.03,0.0037549931744726758,False
all_reduce,2gpu_nvlink,2,262144,ip,e_op_dyn_j,Tree/LL128,TREE/LL128[0-3],27.883333333333336,0.004741116564777003,False
all_reduce,2gpu_nvlink,2,262144,ip,e_op_dyn_j,Tree/Simple,TREE/SIMPLE[0-3],28.39333333333333,0.004690067956221732,False
all_reduce,2gpu_nvlink,2,262144,ip,e_op_dyn_j,Tree/auto,TREE/SIMPLE[0-3],28.396666666666665,0.004676283374508384,False
all_reduce,2gpu_nvlink,2,262144,ip,e_op_dyn_j,auto/LL,RING/LL[0-3],17.973333333333333,0.003027054630870518,False
all_reduce,2gpu_nvlink,2,262144,ip,e_op_dyn_j,auto/LL128,RING/LL128[0-3],25.566666666666663,0.004498636572883884,False
all_reduce,2gpu_nvlink,2,262144,ip,e_op_dyn_j,auto/Simple,RING/SIMPLE[0-3],32.013333333333335,0.005172097013310589,False
all_reduce,2gpu_nvlink,2,262144,ip,e_op_dyn_j,auto/auto,RING/LL[0-3],17.970000000000002,0.0030107517345612914,False
all_reduce,2gpu_nvlink,2,262144,oop,e_op_j,Ring/LL,RING/LL[0-3],18.006666666666664,0.003961915307697471,False
all_reduce,2gpu_nvlink,2,262144,oop,e_op_j,Ring/LL128,RING/LL128[0-3],25.55,0.005792414394830046,False
all_reduce,2gpu_nvlink,2,262144,oop,e_op_j,Ring/Simple,RING/SIMPLE[0-3],32.01,0.0066608017673266415,False
all_reduce,2gpu_nvlink,2,262144,oop,e_op_j,Ring/auto,RING/LL[0-3],17.953333333333333,0.00387548327107225,True
all_reduce,2gpu_nvlink,2,262144,oop,e_op_j,Tree/LL,TREE/LL[0-3],22.01,0.00479988926853961,False
all_reduce,2gpu_nvlink,2,262144,oop,e_op_j,Tree/LL128,TREE/LL128[0-3],27.88333333333333,0.00603664026761784,False
all_reduce,2gpu_nvlink,2,262144,oop,e_op_j,Tree/Simple,TREE/SIMPLE[0-3],28.363333333333333,0.006080224934312304,False
all_reduce,2gpu_nvlink,2,262144,oop,e_op_j,Tree/auto,TREE/SIMPLE[0-3],28.330000000000002,0.006182342962447675,False
all_reduce,2gpu_nvlink,2,262144,oop,e_op_j,auto/LL,RING/LL[0-3],17.996666666666666,0.003897217767240778,False
all_reduce,2gpu_nvlink,2,262144,oop,e_op_j,auto/LL128,RING/LL128[0-3],25.596666666666664,0.005690889063265584,False
all_reduce,2gpu_nvlink,2,262144,oop,e_op_j,auto/Simple,RING/SIMPLE[0-3],32.07666666666666,0.006725648569631028,False
all_reduce,2gpu_nvlink,2,262144,oop,e_op_j,auto/auto,RING/LL[0-3],17.99,0.003871916956564259,True
all_reduce,2gpu_nvlink,2,262144,oop,e_op_dyn_j,Ring/LL,RING/LL[0-3],18.006666666666664,0.003058651974945472,False
all_reduce,2gpu_nvlink,2,262144,oop,e_op_dyn_j,Ring/LL128,RING/LL128[0-3],25.55,0.00450852494191412,False
all_reduce,2gpu_nvlink,2,262144,oop,e_op_dyn_j,Ring/Simple,RING/SIMPLE[0-3],32.01,0.005053125683433358,False
all_reduce,2gpu_nvlink,2,262144,oop,e_op_dyn_j,Ring/auto,RING/LL[0-3],17.953333333333333,0.002974830155678508,True
all_reduce,2gpu_nvlink,2,262144,oop,e_op_dyn_j,Tree/LL,TREE/LL[0-3],22.01,0.003696143262011505,False
all_reduce,2gpu_nvlink,2,262144,oop,e_op_dyn_j,Tree/LL128,TREE/LL128[0-3],27.88333333333333,0.004637980996265857,False
all_reduce,2gpu_nvlink,2,262144,oop,e_op_dyn_j,Tree/Simple,TREE/SIMPLE[0-3],28.363333333333333,0.004655212428741723,False
all_reduce,2gpu_nvlink,2,262144,oop,e_op_dyn_j,Tree/auto,TREE/SIMPLE[0-3],28.330000000000002,0.004761368692028448,False
all_reduce,2gpu_nvlink,2,262144,oop,e_op_dyn_j,auto/LL,RING/LL[0-3],17.996666666666666,0.0029953180314010847,False
all_reduce,2gpu_nvlink,2,262144,oop,e_op_dyn_j,auto/LL128,RING/LL128[0-3],25.596666666666664,0.004406189442274816,False
all_reduce,2gpu_nvlink,2,262144,oop,e_op_dyn_j,auto/Simple,RING/SIMPLE[0-3],32.07666666666666,0.005114798173476486,False
all_reduce,2gpu_nvlink,2,262144,oop,e_op_dyn_j,auto/auto,RING/LL[0-3],17.99,0.002969675305465569,True
all_reduce,2gpu_nvlink,2,524288,ip,e_op_j,Ring/LL,RING/LL[0-3],30.66,0.006792239844450819,True
all_reduce,2gpu_nvlink,2,524288,ip,e_op_j,Ring/LL128,RING/LL128[0-3],33.89000000000001,0.00790700342199409,False
all_reduce,2gpu_nvlink,2,524288,ip,e_op_j,Ring/Simple,RING/SIMPLE[0-3],37.46,0.00815840538256517,False
all_reduce,2gpu_nvlink,2,524288,ip,e_op_j,Ring/auto,RING/SIMPLE[0-3],37.5,0.008138780615353097,False
all_reduce,2gpu_nvlink,2,524288,ip,e_op_j,Tree/LL,TREE/LL[0-3],36.73666666666667,0.008453420279981184,False
all_reduce,2gpu_nvlink,2,524288,ip,e_op_j,Tree/LL128,TREE/LL128[0-3],42.40666666666666,0.009470059257082691,False
all_reduce,2gpu_nvlink,2,524288,ip,e_op_j,Tree/Simple,TREE/SIMPLE[0-3],36.39666666666667,0.00828844160286263,False
all_reduce,2gpu_nvlink,2,524288,ip,e_op_j,Tree/auto,TREE/SIMPLE[0-3],36.12,0.008139490729814071,False
all_reduce,2gpu_nvlink,2,524288,ip,e_op_j,auto/LL,RING/LL[0-3],30.62333333333333,0.006946077426584128,True
all_reduce,2gpu_nvlink,2,524288,ip,e_op_j,auto/LL128,RING/LL128[0-3],33.76333333333333,0.007832116540624394,False
all_reduce,2gpu_nvlink,2,524288,ip,e_op_j,auto/Simple,RING/SIMPLE[0-3],37.52,0.008124863188100058,False
all_reduce,2gpu_nvlink,2,524288,ip,e_op_j,auto/auto,RING/SIMPLE[0-3],37.49666666666666,0.008132725604861828,False
all_reduce,2gpu_nvlink,2,524288,ip,e_op_dyn_j,Ring/LL,RING/LL[0-3],30.66,0.005262222536466491,True
all_reduce,2gpu_nvlink,2,524288,ip,e_op_dyn_j,Ring/LL128,RING/LL128[0-3],33.89000000000001,0.006215812910720876,False
all_reduce,2gpu_nvlink,2,524288,ip,e_op_dyn_j,Ring/Simple,RING/SIMPLE[0-3],37.46,0.00628898921822018,False
all_reduce,2gpu_nvlink,2,524288,ip,e_op_dyn_j,Ring/auto,RING/SIMPLE[0-3],37.5,0.0062673310983900185,False
all_reduce,2gpu_nvlink,2,524288,ip,e_op_dyn_j,Tree/LL,TREE/LL[0-3],36.73666666666667,0.006620056463435259,False
all_reduce,2gpu_nvlink,2,524288,ip,e_op_dyn_j,Tree/LL128,TREE/LL128[0-3],42.40666666666666,0.007353652832469178,False
all_reduce,2gpu_nvlink,2,524288,ip,e_op_dyn_j,Tree/Simple,TREE/SIMPLE[0-3],36.39666666666667,0.006472252859352302,False
all_reduce,2gpu_nvlink,2,524288,ip,e_op_dyn_j,Tree/auto,TREE/SIMPLE[0-3],36.12,0.0063368859092390395,False
all_reduce,2gpu_nvlink,2,524288,ip,e_op_dyn_j,auto/LL,RING/LL[0-3],30.62333333333333,0.0054177908526244455,True
all_reduce,2gpu_nvlink,2,524288,ip,e_op_dyn_j,auto/LL128,RING/LL128[0-3],33.76333333333333,0.006147265430976955,False
all_reduce,2gpu_nvlink,2,524288,ip,e_op_dyn_j,auto/Simple,RING/SIMPLE[0-3],37.52,0.006252439017357826,False
all_reduce,2gpu_nvlink,2,524288,ip,e_op_dyn_j,auto/auto,RING/SIMPLE[0-3],37.49666666666666,0.006261317708667919,False
all_reduce,2gpu_nvlink,2,524288,oop,e_op_j,Ring/LL,RING/LL[0-3],30.636666666666667,0.006907189596054807,False
all_reduce,2gpu_nvlink,2,524288,oop,e_op_j,Ring/LL128,RING/LL128[0-3],33.99999999999999,0.007858113625758284,False
all_reduce,2gpu_nvlink,2,524288,oop,e_op_j,Ring/Simple,RING/SIMPLE[0-3],37.53333333333333,0.008027980021235562,False
all_reduce,2gpu_nvlink,2,524288,oop,e_op_j,Ring/auto,RING/SIMPLE[0-3],37.49666666666667,0.00818855768867899,False
all_reduce,2gpu_nvlink,2,524288,oop,e_op_j,Tree/LL,TREE/LL[0-3],36.72333333333333,0.008195392043949151,False
all_reduce,2gpu_nvlink,2,524288,oop,e_op_j,Tree/LL128,TREE/LL128[0-3],42.419999999999995,0.00960321016675237,False
all_reduce,2gpu_nvlink,2,524288,oop,e_op_j,Tree/Simple,TREE/SIMPLE[0-3],36.38,0.008156718499223828,False
all_reduce,2gpu_nvlink,2,524288,oop,e_op_j,Tree/auto,TREE/SIMPLE[0-3],36.10333333333333,0.008010783311042928,False
all_reduce,2gpu_nvlink,2,524288,oop,e_op_j,auto/LL,RING/LL[0-3],30.626666666666665,0.006788126830557036,True
all_reduce,2gpu_nvlink,2,524288,oop,e_op_j,auto/LL128,RING/LL128[0-3],33.81666666666666,0.007781428155904596,False
all_reduce,2gpu_nvlink,2,524288,oop,e_op_j,auto/Simple,RING/SIMPLE[0-3],37.51666666666667,0.008194837158395573,False
all_reduce,2gpu_nvlink,2,524288,oop,e_op_j,auto/auto,RING/SIMPLE[0-3],37.52,0.008078511638573559,False
all_reduce,2gpu_nvlink,2,524288,oop,e_op_dyn_j,Ring/LL,RING/LL[0-3],30.636666666666667,0.005369014998365177,False
all_reduce,2gpu_nvlink,2,524288,oop,e_op_dyn_j,Ring/LL128,RING/LL128[0-3],33.99999999999999,0.006150167197568159,False
all_reduce,2gpu_nvlink,2,524288,oop,e_op_dyn_j,Ring/Simple,RING/SIMPLE[0-3],37.53333333333333,0.006142253565092262,False
all_reduce,2gpu_nvlink,2,524288,oop,e_op_dyn_j,Ring/auto,RING/SIMPLE[0-3],37.49666666666667,0.006307186490266879,False
all_reduce,2gpu_nvlink,2,524288,oop,e_op_dyn_j,Tree/LL,TREE/LL[0-3],36.72333333333333,0.0063542154525732504,False
all_reduce,2gpu_nvlink,2,524288,oop,e_op_dyn_j,Tree/LL128,TREE/LL128[0-3],42.419999999999995,0.007472595955612321,False
all_reduce,2gpu_nvlink,2,524288,oop,e_op_dyn_j,Tree/Simple,TREE/SIMPLE[0-3],36.38,0.006330729305617705,False
all_reduce,2gpu_nvlink,2,524288,oop,e_op_dyn_j,Tree/auto,TREE/SIMPLE[0-3],36.10333333333333,0.006200115686883593,False
all_reduce,2gpu_nvlink,2,524288,oop,e_op_dyn_j,auto/LL,RING/LL[0-3],30.626666666666665,0.005251075906312214,True
all_reduce,2gpu_nvlink,2,524288,oop,e_op_dyn_j,auto/LL128,RING/LL128[0-3],33.81666666666666,0.00607889991585447,False
all_reduce,2gpu_nvlink,2,524288,oop,e_op_dyn_j,auto/Simple,RING/SIMPLE[0-3],37.51666666666667,0.006310086881244387,False
all_reduce,2gpu_nvlink,2,524288,oop,e_op_dyn_j,auto/auto,RING/SIMPLE[0-3],37.52,0.0061948696255816295,False
all_reduce,2gpu_nvlink,2,1048576,ip,e_op_j,Ring/LL,RING/LL[0-3],54.913333333333334,0.012851716007335603,False
all_reduce,2gpu_nvlink,2,1048576,ip,e_op_j,Ring/LL128,RING/LL128[0-3],49.18333333333334,0.011790554181239159,True
all_reduce,2gpu_nvlink,2,1048576,ip,e_op_j,Ring/Simple,RING/SIMPLE[0-3],49.60999999999999,0.011311022116390663,True
all_reduce,2gpu_nvlink,2,1048576,ip,e_op_j,Ring/auto,RING/SIMPLE[0-3],49.586666666666666,0.011445635066083093,False
all_reduce,2gpu_nvlink,2,1048576,ip,e_op_j,Tree/LL,TREE/LL[0-3],67.08666666666666,0.015666006485310965,False
all_reduce,2gpu_nvlink,2,1048576,ip,e_op_j,Tree/LL128,TREE/LL128[0-3],72.22666666666666,0.016455384230444438,False
all_reduce,2gpu_nvlink,2,1048576,ip,e_op_j,Tree/Simple,TREE/SIMPLE[0-3],54.906666666666666,0.01266789876154592,False
all_reduce,2gpu_nvlink,2,1048576,ip,e_op_j,Tree/auto,TREE/SIMPLE[0-3],54.73,0.012829873111782478,False
all_reduce,2gpu_nvlink,2,1048576,ip,e_op_j,auto/LL,RING/LL[0-3],54.90333333333333,0.012737587133918586,False
all_reduce,2gpu_nvlink,2,1048576,ip,e_op_j,auto/LL128,RING/LL128[0-3],49.050000000000004,0.011815260187909541,True
all_reduce,2gpu_nvlink,2,1048576,ip,e_op_j,auto/Simple,RING/SIMPLE[0-3],49.56999999999999,0.011472657406805491,True
all_reduce,2gpu_nvlink,2,1048576,ip,e_op_j,auto/auto,RING/SIMPLE[0-3],49.583333333333336,0.011437571592210769,True
all_reduce,2gpu_nvlink,2,1048576,ip,e_op_dyn_j,Ring/LL,RING/LL[0-3],54.913333333333334,0.01011147441440431,False
all_reduce,2gpu_nvlink,2,1048576,ip,e_op_dyn_j,Ring/LL128,RING/LL128[0-3],49.18333333333334,0.009336220572526798,True
all_reduce,2gpu_nvlink,2,1048576,ip,e_op_dyn_j,Ring/Simple,RING/SIMPLE[0-3],49.60999999999999,0.008835415726657754,True
all_reduce,2gpu_nvlink,2,1048576,ip,e_op_dyn_j,Ring/auto,RING/SIMPLE[0-3],49.586666666666666,0.008971206475683266,False
all_reduce,2gpu_nvlink,2,1048576,ip,e_op_dyn_j,Tree/LL,TREE/LL[0-3],67.08666666666666,0.012318038101662668,False
all_reduce,2gpu_nvlink,2,1048576,ip,e_op_dyn_j,Tree/LL128,TREE/LL128[0-3],72.22666666666666,0.012851150389077177,False
all_reduce,2gpu_nvlink,2,1048576,ip,e_op_dyn_j,Tree/Simple,TREE/SIMPLE[0-3],54.906666666666666,0.009928681845126552,False
all_reduce,2gpu_nvlink,2,1048576,ip,e_op_dyn_j,Tree/auto,TREE/SIMPLE[0-3],54.73,0.010099367416003162,False
all_reduce,2gpu_nvlink,2,1048576,ip,e_op_dyn_j,auto/LL,RING/LL[0-3],54.90333333333333,0.009997544791219086,False
all_reduce,2gpu_nvlink,2,1048576,ip,e_op_dyn_j,auto/LL128,RING/LL128[0-3],49.050000000000004,0.009367502506973031,True
all_reduce,2gpu_nvlink,2,1048576,ip,e_op_dyn_j,auto/Simple,RING/SIMPLE[0-3],49.56999999999999,0.008998631836103088,True
all_reduce,2gpu_nvlink,2,1048576,ip,e_op_dyn_j,auto/auto,RING/SIMPLE[0-3],49.583333333333336,0.00896305093402785,True
all_reduce,2gpu_nvlink,2,1048576,oop,e_op_j,Ring/LL,RING/LL[0-3],54.916666666666664,0.012668667285905955,False
all_reduce,2gpu_nvlink,2,1048576,oop,e_op_j,Ring/LL128,RING/LL128[0-3],49.40666666666666,0.011837370980124542,False
all_reduce,2gpu_nvlink,2,1048576,oop,e_op_j,Ring/Simple,RING/SIMPLE[0-3],49.833333333333336,0.011503005375762168,False
all_reduce,2gpu_nvlink,2,1048576,oop,e_op_j,Ring/auto,RING/SIMPLE[0-3],49.76666666666667,0.011558885463156608,False
all_reduce,2gpu_nvlink,2,1048576,oop,e_op_j,Tree/LL,TREE/LL[0-3],67.20333333333333,0.015836983747888392,False
all_reduce,2gpu_nvlink,2,1048576,oop,e_op_j,Tree/LL128,TREE/LL128[0-3],72.44999999999999,0.016278443269842263,False
all_reduce,2gpu_nvlink,2,1048576,oop,e_op_j,Tree/Simple,TREE/SIMPLE[0-3],55.34666666666667,0.012712198534204544,False
all_reduce,2gpu_nvlink,2,1048576,oop,e_op_j,Tree/auto,TREE/SIMPLE[0-3],55.15333333333333,0.012620302114803625,False
all_reduce,2gpu_nvlink,2,1048576,oop,e_op_j,auto/LL,RING/LL[0-3],54.900000000000006,0.01285248098716088,False
all_reduce,2gpu_nvlink,2,1048576,oop,e_op_j,auto/LL128,RING/LL128[0-3],49.29666666666666,0.011742626469375858,True
all_reduce,2gpu_nvlink,2,1048576,oop,e_op_j,auto/Simple,RING/SIMPLE[0-3],49.72333333333333,0.011367454693853966,True
all_reduce,2gpu_nvlink,2,1048576,oop,e_op_j,auto/auto,RING/SIMPLE[0-3],49.79333333333333,0.011429093567251462,False
all_reduce,2gpu_nvlink,2,1048576,oop,e_op_dyn_j,Ring/LL,RING/LL[0-3],54.916666666666664,0.009911192427002342,False
all_reduce,2gpu_nvlink,2,1048576,oop,e_op_dyn_j,Ring/LL128,RING/LL128[0-3],49.40666666666666,0.009357142466663968,False
all_reduce,2gpu_nvlink,2,1048576,oop,e_op_dyn_j,Ring/Simple,RING/SIMPLE[0-3],49.833333333333336,0.00900002709133984,False
all_reduce,2gpu_nvlink,2,1048576,oop,e_op_dyn_j,Ring/auto,RING/SIMPLE[0-3],49.76666666666667,0.009059262082512067,False
all_reduce,2gpu_nvlink,2,1048576,oop,e_op_dyn_j,Tree/LL,TREE/LL[0-3],67.20333333333333,0.012462181510489495,False
all_reduce,2gpu_nvlink,2,1048576,oop,e_op_dyn_j,Tree/LL128,TREE/LL128[0-3],72.44999999999999,0.012634893986795669,False
all_reduce,2gpu_nvlink,2,1048576,oop,e_op_dyn_j,Tree/Simple,TREE/SIMPLE[0-3],55.34666666666667,0.009935753169349948,False
all_reduce,2gpu_nvlink,2,1048576,oop,e_op_dyn_j,Tree/auto,TREE/SIMPLE[0-3],55.15333333333333,0.009854344955546818,False
all_reduce,2gpu_nvlink,2,1048576,oop,e_op_dyn_j,auto/LL,RING/LL[0-3],54.900000000000006,0.010098324914726368,False
all_reduce,2gpu_nvlink,2,1048576,oop,e_op_dyn_j,auto/LL128,RING/LL128[0-3],49.29666666666666,0.009269279403753198,True
all_reduce,2gpu_nvlink,2,1048576,oop,e_op_dyn_j,auto/Simple,RING/SIMPLE[0-3],49.72333333333333,0.008869952625970026,True
all_reduce,2gpu_nvlink,2,1048576,oop,e_op_dyn_j,auto/auto,RING/SIMPLE[0-3],49.79333333333333,0.008924650781209617,False
all_reduce,2gpu_nvlink,2,2097152,ip,e_op_j,Ring/LL,RING/LL[0-3],100.35333333333334,0.024028380185826342,False
all_reduce,2gpu_nvlink,2,2097152,ip,e_op_j,Ring/LL128,RING/LL128[0-3],78.52333333333333,0.020278989332653728,False
all_reduce,2gpu_nvlink,2,2097152,ip,e_op_j,Ring/Simple,RING/SIMPLE[0-3],74.49,0.01817154686944454,False
all_reduce,2gpu_nvlink,2,2097152,ip,e_op_j,Ring/auto,RING/SIMPLE[0-3],74.17333333333333,0.018039971270391936,False
all_reduce,2gpu_nvlink,2,2097152,ip,e_op_j,Tree/LL,TREE/LL[0-3],125.71333333333332,0.029917735142245164,False
all_reduce,2gpu_nvlink,2,2097152,ip,e_op_j,Tree/LL128,TREE/LL128[0-3],96.78333333333332,0.023299906207235876,False
all_reduce,2gpu_nvlink,2,2097152,ip,e_op_j,Tree/Simple,TREE/SIMPLE[0-3],92.14666666666665,0.021850956215167517,False
all_reduce,2gpu_nvlink,2,2097152,ip,e_op_j,Tree/auto,TREE/SIMPLE[0-3],91.93666666666667,0.021831689650369135,False
all_reduce,2gpu_nvlink,2,2097152,ip,e_op_j,auto/LL,RING/LL[0-3],100.29666666666667,0.02393309205200248,False
all_reduce,2gpu_nvlink,2,2097152,ip,e_op_j,auto/LL128,RING/LL128[0-3],78.44666666666667,0.02021654825874235,False
all_reduce,2gpu_nvlink,2,2097152,ip,e_op_j,auto/Simple,RING/SIMPLE[0-3],74.49333333333334,0.017870033083754136,False
all_reduce,2gpu_nvlink,2,2097152,ip,e_op_j,auto/auto,RING/SIMPLE[0-3],74.15333333333332,0.01784410321280907,True
all_reduce,2gpu_nvlink,2,2097152,ip,e_op_dyn_j,Ring/LL,RING/LL[0-3],100.35333333333334,0.01902028696660715,False
all_reduce,2gpu_nvlink,2,2097152,ip,e_op_dyn_j,Ring/LL128,RING/LL128[0-3],78.52333333333333,0.016360603032681227,False
all_reduce,2gpu_nvlink,2,2097152,ip,e_op_dyn_j,Ring/Simple,RING/SIMPLE[0-3],74.49,0.01445432923722398,False
all_reduce,2gpu_nvlink,2,2097152,ip,e_op_dyn_j,Ring/auto,RING/SIMPLE[0-3],74.17333333333333,0.014338590029171308,False
all_reduce,2gpu_nvlink,2,2097152,ip,e_op_dyn_j,Tree/LL,TREE/LL[0-3],125.71333333333332,0.023643916731573077,False
all_reduce,2gpu_nvlink,2,2097152,ip,e_op_dyn_j,Tree/LL128,TREE/LL128[0-3],96.78333333333332,0.01846996835057386,False
all_reduce,2gpu_nvlink,2,2097152,ip,e_op_dyn_j,Tree/Simple,TREE/SIMPLE[0-3],92.14666666666665,0.017253737197297805,False
all_reduce,2gpu_nvlink,2,2097152,ip,e_op_dyn_j,Tree/auto,TREE/SIMPLE[0-3],91.93666666666667,0.017244778063556662,False
all_reduce,2gpu_nvlink,2,2097152,ip,e_op_dyn_j,auto/LL,RING/LL[0-3],100.29666666666667,0.018927823063928775,False
all_reduce,2gpu_nvlink,2,2097152,ip,e_op_dyn_j,auto/LL128,RING/LL128[0-3],78.44666666666667,0.0163017029020746,False
all_reduce,2gpu_nvlink,2,2097152,ip,e_op_dyn_j,auto/Simple,RING/SIMPLE[0-3],74.49333333333334,0.014152090511849034,False
all_reduce,2gpu_nvlink,2,2097152,ip,e_op_dyn_j,auto/auto,RING/SIMPLE[0-3],74.15333333333332,0.014143372000236859,True
all_reduce,2gpu_nvlink,2,2097152,oop,e_op_j,Ring/LL,RING/LL[0-3],101.89666666666665,0.024986008452590903,False
all_reduce,2gpu_nvlink,2,2097152,oop,e_op_j,Ring/LL128,RING/LL128[0-3],80.88666666666666,0.021388793825317654,False
all_reduce,2gpu_nvlink,2,2097152,oop,e_op_j,Ring/Simple,RING/SIMPLE[0-3],74.21666666666665,0.018662617990801596,True
all_reduce,2gpu_nvlink,2,2097152,oop,e_op_j,Ring/auto,RING/SIMPLE[0-3],74.45999999999998,0.018844980549048828,False
all_reduce,2gpu_nvlink,2,2097152,oop,e_op_j,Tree/LL,TREE/LL[0-3],130.04999999999998,0.03127372932962965,False
all_reduce,2gpu_nvlink,2,2097152,oop,e_op_j,Tree/LL128,TREE/LL128[0-3],98.93,0.02432756738471947,False
all_reduce,2gpu_nvlink,2,2097152,oop,e_op_j,Tree/Simple,TREE/SIMPLE[0-3],95.28666666666665,0.023278347766828394,False
all_reduce,2gpu_nvlink,2,2097152,oop,e_op_j,Tree/auto,TREE/SIMPLE[0-3],94.97333333333331,0.023365608023401586,False
all_reduce,2gpu_nvlink,2,2097152,oop,e_op_j,auto/LL,RING/LL[0-3],102.14999999999999,0.024749718240551135,False
all_reduce,2gpu_nvlink,2,2097152,oop,e_op_j,auto/LL128,RING/LL128[0-3],80.72333333333333,0.021377967711301047,False
all_reduce,2gpu_nvlink,2,2097152,oop,e_op_j,auto/Simple,RING/SIMPLE[0-3],74.47333333333333,0.019184746648093328,False
all_reduce,2gpu_nvlink,2,2097152,oop,e_op_j,auto/auto,RING/SIMPLE[0-3],74.38333333333333,0.01893345983110205,False
all_reduce,2gpu_nvlink,2,2097152,oop,e_op_dyn_j,Ring/LL,RING/LL[0-3],101.89666666666665,0.019876721465052486,False
all_reduce,2gpu_nvlink,2,2097152,oop,e_op_dyn_j,Ring/LL128,RING/LL128[0-3],80.88666666666666,0.017328151038548904,False
all_reduce,2gpu_nvlink,2,2097152,oop,e_op_dyn_j,Ring/Simple,RING/SIMPLE[0-3],74.21666666666665,0.014937438435370645,True
all_reduce,2gpu_nvlink,2,2097152,oop,e_op_dyn_j,Ring/auto,RING/SIMPLE[0-3],74.45999999999998,0.015111810605814931,False
all_reduce,2gpu_nvlink,2,2097152,oop,e_op_dyn_j,Tree/LL,TREE/LL[0-3],130.04999999999998,0.02475079934795121,False
all_reduce,2gpu_nvlink,2,2097152,oop,e_op_dyn_j,Tree/LL128,TREE/LL128[0-3],98.93,0.019363382966723647,False
all_reduce,2gpu_nvlink,2,2097152,oop,e_op_dyn_j,Tree/Simple,TREE/SIMPLE[0-3],95.28666666666665,0.018498461068645843,False
all_reduce,2gpu_nvlink,2,2097152,oop,e_op_dyn_j,Tree/auto,TREE/SIMPLE[0-3],94.97333333333331,0.018602927914282627,False
all_reduce,2gpu_nvlink,2,2097152,oop,e_op_dyn_j,auto/LL,RING/LL[0-3],102.14999999999999,0.01961851445557582,False
all_reduce,2gpu_nvlink,2,2097152,oop,e_op_dyn_j,auto/LL128,RING/LL128[0-3],80.72333333333333,0.017331210118423153,False
all_reduce,2gpu_nvlink,2,2097152,oop,e_op_dyn_j,auto/Simple,RING/SIMPLE[0-3],74.47333333333333,0.0154494868897495,False
all_reduce,2gpu_nvlink,2,2097152,oop,e_op_dyn_j,auto/auto,RING/SIMPLE[0-3],74.38333333333333,0.01519948150944111,False
all_reduce,2gpu_nvlink,2,4194304,ip,e_op_j,Ring/LL,RING/LL[0-3],189.35999999999999,0.04592971302428256,False
all_reduce,2gpu_nvlink,2,4194304,ip,e_op_j,Ring/LL128,RING/LL128[0-3],141.58,0.03852668487029912,False
all_reduce,2gpu_nvlink,2,4194304,ip,e_op_j,Ring/Simple,RING/SIMPLE[0-3],127.74,0.03275900964412611,False
all_reduce,2gpu_nvlink,2,4194304,ip,e_op_j,Ring/auto,RING/SIMPLE[0-3],127.70666666666665,0.03299128326502338,False
all_reduce,2gpu_nvlink,2,4194304,ip,e_op_j,Tree/LL,TREE/LL[0-3],250.65666666666667,0.06059053004535519,False
all_reduce,2gpu_nvlink,2,4194304,ip,e_op_j,Tree/LL128,TREE/LL128[0-3],152.76666666666668,0.04037738807140137,False
all_reduce,2gpu_nvlink,2,4194304,ip,e_op_j,Tree/Simple,TREE/SIMPLE[0-3],132.89999999999998,0.03436454492333112,False
all_reduce,2gpu_nvlink,2,4194304,ip,e_op_j,Tree/auto,TREE/SIMPLE[0-3],132.89,0.034468047003903574,False
all_reduce,2gpu_nvlink,2,4194304,ip,e_op_j,auto/LL,RING/LL[0-3],189.3166666666667,0.045868925850158615,False
all_reduce,2gpu_nvlink,2,4194304,ip,e_op_j,auto/LL128,RING/LL128[0-3],141.57666666666668,0.03833978427712093,False
all_reduce,2gpu_nvlink,2,4194304,ip,e_op_j,auto/Simple,RING/SIMPLE[0-3],127.67666666666668,0.03266621279170922,True
all_reduce,2gpu_nvlink,2,4194304,ip,e_op_j,auto/auto,RING/SIMPLE[0-3],127.72999999999998,0.03305069701280228,False
all_reduce,2gpu_nvlink,2,4194304,ip,e_op_dyn_j,Ring/LL,RING/LL[0-3],189.35999999999999,0.03647945108483358,False
all_reduce,2gpu_nvlink,2,4194304,ip,e_op_dyn_j,Ring/LL128,RING/LL128[0-3],141.58,0.031461678696923234,False
all_reduce,2gpu_nvlink,2,4194304,ip,e_op_dyn_j,Ring/Simple,RING/SIMPLE[0-3],127.74,0.026384415141235813,False
all_reduce,2gpu_nvlink,2,4194304,ip,e_op_dyn_j,Ring/auto,RING/SIMPLE[0-3],127.70666666666665,0.026618575398354164,False
all_reduce,2gpu_nvlink,2,4194304,ip,e_op_dyn_j,Tree/LL,TREE/LL[0-3],250.65666666666667,0.04808007787550674,False
all_reduce,2gpu_nvlink,2,4194304,ip,e_op_dyn_j,Tree/LL128,TREE/LL128[0-3],152.76666666666668,0.03275361315004022,False
all_reduce,2gpu_nvlink,2,4194304,ip,e_op_dyn_j,Tree/Simple,TREE/SIMPLE[0-3],132.89999999999998,0.0277325730487802,False
all_reduce,2gpu_nvlink,2,4194304,ip,e_op_dyn_j,Tree/auto,TREE/SIMPLE[0-3],132.89,0.027836053893257866,False
all_reduce,2gpu_nvlink,2,4194304,ip,e_op_dyn_j,auto/LL,RING/LL[0-3],189.3166666666667,0.03642108794883334,False
all_reduce,2gpu_nvlink,2,4194304,ip,e_op_dyn_j,auto/LL128,RING/LL128[0-3],141.57666666666668,0.03127456034805726,False
all_reduce,2gpu_nvlink,2,4194304,ip,e_op_dyn_j,auto/Simple,RING/SIMPLE[0-3],127.67666666666668,0.026294550694364777,True
all_reduce,2gpu_nvlink,2,4194304,ip,e_op_dyn_j,auto/auto,RING/SIMPLE[0-3],127.72999999999998,0.026676695896504083,False
all_reduce,2gpu_nvlink,2,4194304,oop,e_op_j,Ring/LL,RING/LL[0-3],194.55999999999997,0.04888491537895511,False
all_reduce,2gpu_nvlink,2,4194304,oop,e_op_j,Ring/LL128,RING/LL128[0-3],141.90333333333334,0.03901534897190848,False
all_reduce,2gpu_nvlink,2,4194304,oop,e_op_j,Ring/Simple,RING/SIMPLE[0-3],128.31333333333336,0.033921568627450986,True
all_reduce,2gpu_nvlink,2,4194304,oop,e_op_j,Ring/auto,RING/SIMPLE[0-3],128.32666666666663,0.03380184340664627,True
all_reduce,2gpu_nvlink,2,4194304,oop,e_op_j,Tree/LL,TREE/LL[0-3],264.42333333333335,0.06519438627847167,False
all_reduce,2gpu_nvlink,2,4194304,oop,e_op_j,Tree/LL128,TREE/LL128[0-3],152.81999999999996,0.04047817420322963,False
all_reduce,2gpu_nvlink,2,4194304,oop,e_op_j,Tree/Simple,TREE/SIMPLE[0-3],134.48666666666665,0.03539021539825505,False
all_reduce,2gpu_nvlink,2,4194304,oop,e_op_j,Tree/auto,TREE/SIMPLE[0-3],134.5233333333333,0.035209948086442115,False
all_reduce,2gpu_nvlink,2,4194304,oop,e_op_j,auto/LL,RING/LL[0-3],194.8133333333333,0.048593109786830326,False
all_reduce,2gpu_nvlink,2,4194304,oop,e_op_j,auto/LL128,RING/LL128[0-3],141.77333333333334,0.038984837170711474,False
all_reduce,2gpu_nvlink,2,4194304,oop,e_op_j,auto/Simple,RING/SIMPLE[0-3],128.26,0.034268977646658344,True
all_reduce,2gpu_nvlink,2,4194304,oop,e_op_j,auto/auto,RING/SIMPLE[0-3],128.30666666666664,0.03430814604077762,False
all_reduce,2gpu_nvlink,2,4194304,oop,e_op_dyn_j,Ring/LL,RING/LL[0-3],194.55999999999997,0.039120158833416636,False
all_reduce,2gpu_nvlink,2,4194304,oop,e_op_dyn_j,Ring/LL128,RING/LL128[0-3],141.90333333333334,0.031892961637234575,False
all_reduce,2gpu_nvlink,2,4194304,oop,e_op_dyn_j,Ring/Simple,RING/SIMPLE[0-3],128.31333333333336,0.02748274145798375,True
all_reduce,2gpu_nvlink,2,4194304,oop,e_op_dyn_j,Ring/auto,RING/SIMPLE[0-3],128.32666666666663,0.027363140536573332,True
all_reduce,2gpu_nvlink,2,4194304,oop,e_op_dyn_j,Tree/LL,TREE/LL[0-3],264.42333333333335,0.051930744062144686,False
all_reduce,2gpu_nvlink,2,4194304,oop,e_op_dyn_j,Tree/LL128,TREE/LL128[0-3],152.81999999999996,0.032795977014361766,False
all_reduce,2gpu_nvlink,2,4194304,oop,e_op_dyn_j,Tree/Simple,TREE/SIMPLE[0-3],134.48666666666665,0.028644873294918192,False
all_reduce,2gpu_nvlink,2,4194304,oop,e_op_dyn_j,Tree/auto,TREE/SIMPLE[0-3],134.5233333333333,0.028457835849703128,False
all_reduce,2gpu_nvlink,2,4194304,oop,e_op_dyn_j,auto/LL,RING/LL[0-3],194.8133333333333,0.03881507849057858,False
all_reduce,2gpu_nvlink,2,4194304,oop,e_op_dyn_j,auto/LL128,RING/LL128[0-3],141.77333333333334,0.03186689884925345,False
all_reduce,2gpu_nvlink,2,4194304,oop,e_op_dyn_j,auto/Simple,RING/SIMPLE[0-3],128.26,0.02783071100008575,True
all_reduce,2gpu_nvlink,2,4194304,oop,e_op_dyn_j,auto/auto,RING/SIMPLE[0-3],128.30666666666664,0.027862679561998727,False
all_reduce,2gpu_nvlink,2,8388608,ip,e_op_j,Ring/LL,RING/LL[0-3],370.7933333333333,0.09456499551368326,False
all_reduce,2gpu_nvlink,2,8388608,ip,e_op_j,Ring/LL128,RING/LL128[0-3],265.2166666666667,0.07368233568754583,False
all_reduce,2gpu_nvlink,2,8388608,ip,e_op_j,Ring/Simple,RING/SIMPLE[0-3],232.4466666666667,0.06375691962005924,False
all_reduce,2gpu_nvlink,2,8388608,ip,e_op_j,Ring/auto,RING/SIMPLE[0-3],232.72,0.06502702608936996,False
all_reduce,2gpu_nvlink,2,8388608,ip,e_op_j,Tree/LL,TREE/LL[0-3],519.93,0.1300236997492518,False
all_reduce,2gpu_nvlink,2,8388608,ip,e_op_j,Tree/LL128,TREE/LL128[0-3],284.08666666666664,0.07723700855760883,False
all_reduce,2gpu_nvlink,2,8388608,ip,e_op_j,Tree/Simple,TREE/SIMPLE[0-3],224.02333333333334,0.06162348312006085,True
all_reduce,2gpu_nvlink,2,8388608,ip,e_op_j,Tree/auto,TREE/SIMPLE[0-3],224.0533333333333,0.06247649529905982,False
all_reduce,2gpu_nvlink,2,8388608,ip,e_op_j,auto/LL,RING/LL[0-3],370.8333333333333,0.09412962652821973,False
all_reduce,2gpu_nvlink,2,8388608,ip,e_op_j,auto/LL128,RING/LL128[0-3],265.16333333333336,0.07448893515305728,False
all_reduce,2gpu_nvlink,2,8388608,ip,e_op_j,auto/Simple,RING/SIMPLE[0-3],232.65666666666667,0.06460679113664342,False
all_reduce,2gpu_nvlink,2,8388608,ip,e_op_j,auto/auto,RING/SIMPLE[0-3],232.63666666666666,0.06461884102881933,False
all_reduce,2gpu_nvlink,2,8388608,ip,e_op_dyn_j,Ring/LL,RING/LL[0-3],370.7933333333333,0.07606061222555693,False
all_reduce,2gpu_nvlink,2,8388608,ip,e_op_dyn_j,Ring/LL128,RING/LL128[0-3],265.2166666666667,0.060447201431786564,False
all_reduce,2gpu_nvlink,2,8388608,ip,e_op_dyn_j,Ring/Simple,RING/SIMPLE[0-3],232.4466666666667,0.05215675892334295,False
all_reduce,2gpu_nvlink,2,8388608,ip,e_op_dyn_j,Ring/auto,RING/SIMPLE[0-3],232.72,0.05341311903035248,False
all_reduce,2gpu_nvlink,2,8388608,ip,e_op_dyn_j,Tree/LL,TREE/LL[0-3],519.93,0.10407705644631408,False
all_reduce,2gpu_nvlink,2,8388608,ip,e_op_dyn_j,Tree/LL128,TREE/LL128[0-3],284.08666666666664,0.06306037506980856,False
all_reduce,2gpu_nvlink,2,8388608,ip,e_op_dyn_j,Tree/Simple,TREE/SIMPLE[0-3],224.02333333333334,0.05044397317205548,True
all_reduce,2gpu_nvlink,2,8388608,ip,e_op_dyn_j,Tree/auto,TREE/SIMPLE[0-3],224.0533333333333,0.05129510363150461,False
all_reduce,2gpu_nvlink,2,8388608,ip,e_op_dyn_j,auto/LL,RING/LL[0-3],370.8333333333333,0.07562237405902077,False
all_reduce,2gpu_nvlink,2,8388608,ip,e_op_dyn_j,auto/LL128,RING/LL128[0-3],265.16333333333336,0.061256750171513406,False
all_reduce,2gpu_nvlink,2,8388608,ip,e_op_dyn_j,auto/Simple,RING/SIMPLE[0-3],232.65666666666667,0.052996358969782005,False
all_reduce,2gpu_nvlink,2,8388608,ip,e_op_dyn_j,auto/auto,RING/SIMPLE[0-3],232.63666666666666,0.05300876302031987,False
all_reduce,2gpu_nvlink,2,8388608,oop,e_op_j,Ring/LL,RING/LL[0-3],370.96000000000004,0.09472386720502468,False
all_reduce,2gpu_nvlink,2,8388608,oop,e_op_j,Ring/LL128,RING/LL128[0-3],265.5666666666666,0.07454108293774846,False
all_reduce,2gpu_nvlink,2,8388608,oop,e_op_j,Ring/Simple,RING/SIMPLE[0-3],233.47666666666666,0.06445276274129302,False
all_reduce,2gpu_nvlink,2,8388608,oop,e_op_j,Ring/auto,RING/SIMPLE[0-3],233.77666666666664,0.06367211351651401,False
all_reduce,2gpu_nvlink,2,8388608,oop,e_op_j,Tree/LL,TREE/LL[0-3],521.2933333333334,0.12757833859095688,False
all_reduce,2gpu_nvlink,2,8388608,oop,e_op_j,Tree/LL128,TREE/LL128[0-3],283.7733333333333,0.0762676009756501,False
all_reduce,2gpu_nvlink,2,8388608,oop,e_op_j,Tree/Simple,TREE/SIMPLE[0-3],224.99333333333334,0.06221380154085243,True
all_reduce,2gpu_nvlink,2,8388608,oop,e_op_j,Tree/auto,TREE/SIMPLE[0-3],225.01,0.0614073147962926,True
all_reduce,2gpu_nvlink,2,8388608,oop,e_op_j,auto/LL,RING/LL[0-3],371.47999999999996,0.09354809356333389,False
all_reduce,2gpu_nvlink,2,8388608,oop,e_op_j,auto/LL128,RING/LL128[0-3],265.71,0.07408890431027836,False
all_reduce,2gpu_nvlink,2,8388608,oop,e_op_j,auto/Simple,RING/SIMPLE[0-3],233.64333333333332,0.06479636848584325,False
all_reduce,2gpu_nvlink,2,8388608,oop,e_op_j,auto/auto,RING/SIMPLE[0-3],233.66333333333333,0.06474851082877113,False
all_reduce,2gpu_nvlink,2,8388608,oop,e_op_dyn_j,Ring/LL,RING/LL[0-3],370.96000000000004,0.07609913699781969,False
all_reduce,2gpu_nvlink,2,8388608,oop,e_op_dyn_j,Ring/LL128,RING/LL128[0-3],265.5666666666666,0.06122568718451721,False
all_reduce,2gpu_nvlink,2,8388608,oop,e_op_dyn_j,Ring/Simple,RING/SIMPLE[0-3],233.47666666666666,0.05272600135008726,False
all_reduce,2gpu_nvlink,2,8388608,oop,e_op_dyn_j,Ring/auto,RING/SIMPLE[0-3],233.77666666666664,0.05192581746109263,False
all_reduce,2gpu_nvlink,2,8388608,oop,e_op_dyn_j,Tree/LL,TREE/LL[0-3],521.2933333333334,0.10140471261736334,False
all_reduce,2gpu_nvlink,2,8388608,oop,e_op_dyn_j,Tree/LL128,TREE/LL128[0-3],283.7733333333333,0.06200755390328655,False
all_reduce,2gpu_nvlink,2,8388608,oop,e_op_dyn_j,Tree/Simple,TREE/SIMPLE[0-3],224.99333333333334,0.05091511610825286,True
all_reduce,2gpu_nvlink,2,8388608,oop,e_op_dyn_j,Tree/auto,TREE/SIMPLE[0-3],225.01,0.05011628569275955,True
all_reduce,2gpu_nvlink,2,8388608,oop,e_op_dyn_j,auto/LL,RING/LL[0-3],371.47999999999996,0.07490558332548335,False
all_reduce,2gpu_nvlink,2,8388608,oop,e_op_dyn_j,auto/LL128,RING/LL128[0-3],265.71,0.06075089425980443,False
all_reduce,2gpu_nvlink,2,8388608,oop,e_op_dyn_j,auto/Simple,RING/SIMPLE[0-3],233.64333333333332,0.053070926163105527,False
all_reduce,2gpu_nvlink,2,8388608,oop,e_op_dyn_j,auto/auto,RING/SIMPLE[0-3],233.66333333333333,0.053031470514833,False
all_reduce,2gpu_nvlink,2,16777216,ip,e_op_j,Ring/LL,RING/LL[0-3],724.3899999999999,0.18599454267627155,False
all_reduce,2gpu_nvlink,2,16777216,ip,e_op_j,Ring/LL128,RING/LL128[0-3],505.6666666666667,0.1420408701384311,False
all_reduce,2gpu_nvlink,2,16777216,ip,e_op_j,Ring/Simple,RING/SIMPLE[0-3],436.4433333333333,0.12304710075743112,False
all_reduce,2gpu_nvlink,2,16777216,ip,e_op_j,Ring/auto,RING/SIMPLE[0-3],436.42333333333335,0.1236353407492648,False
all_reduce,2gpu_nvlink,2,16777216,ip,e_op_j,Tree/LL,TREE/LL[0-3],1032.6766666666665,0.24902912465994562,False
all_reduce,2gpu_nvlink,2,16777216,ip,e_op_j,Tree/LL128,TREE/LL128[0-3],547.0366666666667,0.1492347294938918,False
all_reduce,2gpu_nvlink,2,16777216,ip,e_op_j,Tree/Simple,TREE/SIMPLE[0-3],411.6166666666666,0.11640139364450051,False
all_reduce,2gpu_nvlink,2,16777216,ip,e_op_j,Tree/auto,TREE/SIMPLE[0-3],411.51666666666665,0.11595723704106937,True
all_reduce,2gpu_nvlink,2,16777216,ip,e_op_j,auto/LL,RING/LL[0-3],724.4266666666666,0.18781576075092773,False
all_reduce,2gpu_nvlink,2,16777216,ip,e_op_j,auto/LL128,RING/LL128[0-3],506.00666666666666,0.143281201678816,False
all_reduce,2gpu_nvlink,2,16777216,ip,e_op_j,auto/Simple,RING/SIMPLE[0-3],436.52,0.12264738555832215,False
all_reduce,2gpu_nvlink,2,16777216,ip,e_op_j,auto/auto,RING/SIMPLE[0-3],436.49666666666667,0.122990719406042,False
all_reduce,2gpu_nvlink,2,16777216,ip,e_op_dyn_j,Ring/LL,RING/LL[0-3],724.3899999999999,0.14984426846787835,False
all_reduce,2gpu_nvlink,2,16777216,ip,e_op_dyn_j,Ring/LL128,RING/LL128[0-3],505.6666666666667,0.11680721007457621,False
all_reduce,2gpu_nvlink,2,16777216,ip,e_op_dyn_j,Ring/Simple,RING/SIMPLE[0-3],436.4433333333333,0.10126591500419364,False
all_reduce,2gpu_nvlink,2,16777216,ip,e_op_dyn_j,Ring/auto,RING/SIMPLE[0-3],436.42333333333335,0.10185532086679301,False
all_reduce,2gpu_nvlink,2,16777216,ip,e_op_dyn_j,Tree/LL,TREE/LL[0-3],1032.6766666666665,0.1974928463429161,False
all_reduce,2gpu_nvlink,2,16777216,ip,e_op_dyn_j,Tree/LL128,TREE/LL128[0-3],547.0366666666667,0.12193616799488248,False
all_reduce,2gpu_nvlink,2,16777216,ip,e_op_dyn_j,Tree/Simple,TREE/SIMPLE[0-3],411.6166666666666,0.0958589035871028,False
all_reduce,2gpu_nvlink,2,16777216,ip,e_op_dyn_j,Tree/auto,TREE/SIMPLE[0-3],411.51666666666665,0.09542081534117874,True
all_reduce,2gpu_nvlink,2,16777216,ip,e_op_dyn_j,auto/LL,RING/LL[0-3],724.4266666666666,0.15166363811844633,False
all_reduce,2gpu_nvlink,2,16777216,ip,e_op_dyn_j,auto/LL128,RING/LL128[0-3],506.00666666666666,0.11802957086036799,False
all_reduce,2gpu_nvlink,2,16777216,ip,e_op_dyn_j,auto/Simple,RING/SIMPLE[0-3],436.52,0.10086229096397094,False
all_reduce,2gpu_nvlink,2,16777216,ip,e_op_dyn_j,auto/auto,RING/SIMPLE[0-3],436.49666666666667,0.10120711554951778,False
all_reduce,2gpu_nvlink,2,16777216,oop,e_op_j,Ring/LL,RING/LL[0-3],724.5466666666666,0.1814831914429164,False
all_reduce,2gpu_nvlink,2,16777216,oop,e_op_j,Ring/LL128,RING/LL128[0-3],507.06333333333333,0.14164462022998608,False
all_reduce,2gpu_nvlink,2,16777216,oop,e_op_j,Ring/Simple,RING/SIMPLE[0-3],436.63333333333327,0.12040341162243014,False
all_reduce,2gpu_nvlink,2,16777216,oop,e_op_j,Ring/auto,RING/SIMPLE[0-3],436.73,0.12085276818821122,False
all_reduce,2gpu_nvlink,2,16777216,oop,e_op_j,Tree/LL,TREE/LL[0-3],1036.0733333333333,0.25639830372859657,False
all_reduce,2gpu_nvlink,2,16777216,oop,e_op_j,Tree/LL128,TREE/LL128[0-3],545.7066666666666,0.14876304934158338,False
all_reduce,2gpu_nvlink,2,16777216,oop,e_op_j,Tree/Simple,TREE/SIMPLE[0-3],413.5233333333333,0.11773688952964496,True
all_reduce,2gpu_nvlink,2,16777216,oop,e_op_j,Tree/auto,TREE/SIMPLE[0-3],413.6499999999999,0.11698046331579266,True
all_reduce,2gpu_nvlink,2,16777216,oop,e_op_j,auto/LL,RING/LL[0-3],724.3233333333333,0.18227188386815107,False
all_reduce,2gpu_nvlink,2,16777216,oop,e_op_j,auto/LL128,RING/LL128[0-3],507.8533333333333,0.140514100581695,False
all_reduce,2gpu_nvlink,2,16777216,oop,e_op_j,auto/Simple,RING/SIMPLE[0-3],436.5566666666667,0.12221202834705995,False
all_reduce,2gpu_nvlink,2,16777216,oop,e_op_j,auto/auto,RING/SIMPLE[0-3],436.4833333333333,0.12030497951868918,False
all_reduce,2gpu_nvlink,2,16777216,oop,e_op_dyn_j,Ring/LL,RING/LL[0-3],724.5466666666666,0.14511471988845243,False
all_reduce,2gpu_nvlink,2,16777216,oop,e_op_dyn_j,Ring/LL128,RING/LL128[0-3],507.06333333333333,0.11620873525604565,False
all_reduce,2gpu_nvlink,2,16777216,oop,e_op_dyn_j,Ring/Simple,RING/SIMPLE[0-3],436.63333333333327,0.09849174086333916,False
all_reduce,2gpu_nvlink,2,16777216,oop,e_op_dyn_j,Ring/auto,RING/SIMPLE[0-3],436.73,0.09893209561563189,False
all_reduce,2gpu_nvlink,2,16777216,oop,e_op_dyn_j,Tree/LL,TREE/LL[0-3],1036.0733333333333,0.20431959083885656,False
all_reduce,2gpu_nvlink,2,16777216,oop,e_op_dyn_j,Tree/LL128,TREE/LL128[0-3],545.7066666666666,0.12139713147464924,False
all_reduce,2gpu_nvlink,2,16777216,oop,e_op_dyn_j,Tree/Simple,TREE/SIMPLE[0-3],413.5233333333333,0.0969879422520042,True
all_reduce,2gpu_nvlink,2,16777216,oop,e_op_dyn_j,Tree/auto,TREE/SIMPLE[0-3],413.6499999999999,0.09623066196919738,True
all_reduce,2gpu_nvlink,2,16777216,oop,e_op_dyn_j,auto/LL,RING/LL[0-3],724.3233333333333,0.14591734080310062,False
all_reduce,2gpu_nvlink,2,16777216,oop,e_op_dyn_j,auto/LL128,RING/LL128[0-3],507.8533333333333,0.11500357523028809,False
all_reduce,2gpu_nvlink,2,16777216,oop,e_op_dyn_j,auto/Simple,RING/SIMPLE[0-3],436.5566666666667,0.10030712607693393,False
all_reduce,2gpu_nvlink,2,16777216,oop,e_op_dyn_j,auto/auto,RING/SIMPLE[0-3],436.4833333333333,0.09841359053785666,False
all_reduce,2gpu_nvlink,2,33554432,ip,e_op_j,Ring/LL,RING/LL[0-3],1430.54,0.36864361129067014,False
all_reduce,2gpu_nvlink,2,33554432,ip,e_op_j,Ring/LL128,RING/LL128[0-3],966.86,0.2723069278818853,False
all_reduce,2gpu_nvlink,2,33554432,ip,e_op_j,Ring/Simple,RING/SIMPLE[0-3],847.3899999999999,0.23911524757341196,False
all_reduce,2gpu_nvlink,2,33554432,ip,e_op_j,Ring/auto,RING/SIMPLE[0-3],847.6366666666667,0.23827307740091938,False
all_reduce,2gpu_nvlink,2,33554432,ip,e_op_j,Tree/LL,TREE/LL[0-3],2052.31,0.5022657142857143,False
all_reduce,2gpu_nvlink,2,33554432,ip,e_op_j,Tree/LL128,TREE/LL128[0-3],1091.1133333333335,0.3040142925202477,False
all_reduce,2gpu_nvlink,2,33554432,ip,e_op_j,Tree/Simple,TREE/SIMPLE[0-3],780.5166666666668,0.22596466712110885,True
all_reduce,2gpu_nvlink,2,33554432,ip,e_op_j,Tree/auto,TREE/SIMPLE[0-3],780.5533333333333,0.22366747015610652,True
all_reduce,2gpu_nvlink,2,33554432,ip,e_op_j,auto/LL,RING/LL[0-3],1430.36,0.36398126614987075,False
all_reduce,2gpu_nvlink,2,33554432,ip,e_op_j,auto/LL128,RING/LL128[0-3],966.89,0.2756105694503321,False
all_reduce,2gpu_nvlink,2,33554432,ip,e_op_j,auto/Simple,RING/SIMPLE[0-3],847.5499999999998,0.2390972325179145,False
all_reduce,2gpu_nvlink,2,33554432,ip,e_op_j,auto/auto,RING/SIMPLE[0-3],847.6066666666666,0.24208116157855544,False
all_reduce,2gpu_nvlink,2,33554432,ip,e_op_dyn_j,Ring/LL,RING/LL[0-3],1430.54,0.29725146233177535,False
all_reduce,2gpu_nvlink,2,33554432,ip,e_op_dyn_j,Ring/LL128,RING/LL128[0-3],966.86,0.22405532371006912,False
all_reduce,2gpu_nvlink,2,33554432,ip,e_op_dyn_j,Ring/Simple,RING/SIMPLE[0-3],847.3899999999999,0.19682434290607362,False
all_reduce,2gpu_nvlink,2,33554432,ip,e_op_dyn_j,Ring/auto,RING/SIMPLE[0-3],847.6366666666667,0.1959709143359294,False
all_reduce,2gpu_nvlink,2,33554432,ip,e_op_dyn_j,Tree/LL,TREE/LL[0-3],2052.31,0.39984663710681073,False
all_reduce,2gpu_nvlink,2,33554432,ip,e_op_dyn_j,Tree/LL128,TREE/LL128[0-3],1091.1133333333335,0.24956003308653552,False
all_reduce,2gpu_nvlink,2,33554432,ip,e_op_dyn_j,Tree/Simple,TREE/SIMPLE[0-3],780.5166666666668,0.18701054937583106,True
all_reduce,2gpu_nvlink,2,33554432,ip,e_op_dyn_j,Tree/auto,TREE/SIMPLE[0-3],780.5533333333333,0.18471331159381474,True
all_reduce,2gpu_nvlink,2,33554432,ip,e_op_dyn_j,auto/LL,RING/LL[0-3],1430.36,0.292599202492373,False
all_reduce,2gpu_nvlink,2,33554432,ip,e_op_dyn_j,auto/LL128,RING/LL128[0-3],966.89,0.22735997666409039,False
all_reduce,2gpu_nvlink,2,33554432,ip,e_op_dyn_j,auto/Simple,RING/SIMPLE[0-3],847.5499999999998,0.19680061343898267,False
all_reduce,2gpu_nvlink,2,33554432,ip,e_op_dyn_j,auto/auto,RING/SIMPLE[0-3],847.6066666666666,0.19978255858702698,False
all_reduce,2gpu_nvlink,2,33554432,oop,e_op_j,Ring/LL,RING/LL[0-3],1430.4466666666667,0.3646451195862961,False
all_reduce,2gpu_nvlink,2,33554432,oop,e_op_j,Ring/LL128,RING/LL128[0-3],971.7266666666666,0.2748928165814878,False
all_reduce,2gpu_nvlink,2,33554432,oop,e_op_j,Ring/Simple,RING/SIMPLE[0-3],847.2366666666666,0.23832805012900848,False
all_reduce,2gpu_nvlink,2,33554432,oop,e_op_j,Ring/auto,RING/SIMPLE[0-3],847.6466666666665,0.2387414585662815,False
all_reduce,2gpu_nvlink,2,33554432,oop,e_op_j,Tree/LL,TREE/LL[0-3],2059.5466666666666,0.5070755555555556,False
all_reduce,2gpu_nvlink,2,33554432,oop,e_op_j,Tree/LL128,TREE/LL128[0-3],1095.743333333333,0.29875797999047166,False
all_reduce,2gpu_nvlink,2,33554432,oop,e_op_j,Tree/Simple,TREE/SIMPLE[0-3],783.38,0.22403726425812318,True
all_reduce,2gpu_nvlink,2,33554432,oop,e_op_j,Tree/auto,TREE/SIMPLE[0-3],783.4166666666666,0.22584022038567494,False
all_reduce,2gpu_nvlink,2,33554432,oop,e_op_j,auto/LL,RING/LL[0-3],1430.4833333333333,0.3630202411714039,False
all_reduce,2gpu_nvlink,2,33554432,oop,e_op_j,auto/LL128,RING/LL128[0-3],971.02,0.2746710470538363,False
all_reduce,2gpu_nvlink,2,33554432,oop,e_op_j,auto/Simple,RING/SIMPLE[0-3],847.61,0.23789078329626887,False
all_reduce,2gpu_nvlink,2,33554432,oop,e_op_j,auto/auto,RING/SIMPLE[0-3],847.4433333333333,0.23536237279722017,False
all_reduce,2gpu_nvlink,2,33554432,oop,e_op_dyn_j,Ring/LL,RING/LL[0-3],1430.4466666666667,0.29279267512610646,False
all_reduce,2gpu_nvlink,2,33554432,oop,e_op_dyn_j,Ring/LL128,RING/LL128[0-3],971.7266666666666,0.2261317724949643,False
all_reduce,2gpu_nvlink,2,33554432,oop,e_op_dyn_j,Ring/Simple,RING/SIMPLE[0-3],847.2366666666666,0.19582867537890322,False
all_reduce,2gpu_nvlink,2,33554432,oop,e_op_dyn_j,Ring/auto,RING/SIMPLE[0-3],847.6466666666665,0.19620621272699376,False
all_reduce,2gpu_nvlink,2,33554432,oop,e_op_dyn_j,Tree/LL,TREE/LL[0-3],2059.5466666666666,0.403511311424076,False
all_reduce,2gpu_nvlink,2,33554432,oop,e_op_dyn_j,Tree/LL128,TREE/LL128[0-3],1095.743333333333,0.24368500364907097,False
all_reduce,2gpu_nvlink,2,33554432,oop,e_op_dyn_j,Tree/Simple,TREE/SIMPLE[0-3],783.38,0.18477074904253077,True
all_reduce,2gpu_nvlink,2,33554432,oop,e_op_dyn_j,Tree/auto,TREE/SIMPLE[0-3],783.4166666666666,0.18654818158974829,False
all_reduce,2gpu_nvlink,2,33554432,oop,e_op_dyn_j,auto/LL,RING/LL[0-3],1430.4833333333333,0.29131425313603193,False
all_reduce,2gpu_nvlink,2,33554432,oop,e_op_dyn_j,auto/LL128,RING/LL128[0-3],971.02,0.22589569952925323,False
all_reduce,2gpu_nvlink,2,33554432,oop,e_op_dyn_j,auto/Simple,RING/SIMPLE[0-3],847.61,0.19531789949341263,False
all_reduce,2gpu_nvlink,2,33554432,oop,e_op_dyn_j,auto/auto,RING/SIMPLE[0-3],847.4433333333333,0.19283861553626488,False
all_reduce,2gpu_nvlink,2,67108864,ip,e_op_j,Ring/LL,RING/LL[0-3],2840.693333333334,0.7362176870748299,False
all_reduce,2gpu_nvlink,2,67108864,ip,e_op_j,Ring/LL128,RING/LL128[0-3],1846.7633333333333,0.5344100486223663,False
all_reduce,2gpu_nvlink,2,67108864,ip,e_op_j,Ring/Simple,RING/SIMPLE[0-3],1638.4233333333334,0.4652299833689712,False
all_reduce,2gpu_nvlink,2,67108864,ip,e_op_j,Ring/auto,RING/SIMPLE[0-3],1638.8933333333334,0.45857447840853954,False
all_reduce,2gpu_nvlink,2,67108864,ip,e_op_j,Tree/LL,TREE/LL[0-3],4106.403333333333,1.0324459203036052,False
all_reduce,2gpu_nvlink,2,67108864,ip,e_op_j,Tree/LL128,TREE/LL128[0-3],2180.3466666666664,0.6104910798122066,False
all_reduce,2gpu_nvlink,2,67108864,ip,e_op_j,Tree/Simple,TREE/SIMPLE[0-3],1512.5099999999995,0.44127358906525577,True
all_reduce,2gpu_nvlink,2,67108864,ip,e_op_j,Tree/auto,TREE/SIMPLE[0-3],1512.5366666666666,0.4419491111111111,False
all_reduce,2gpu_nvlink,2,67108864,ip,e_op_j,auto/LL,RING/LL[0-3],2841.683333333333,0.7378499149659864,False
all_reduce,2gpu_nvlink,2,67108864,ip,e_op_j,auto/LL128,RING/LL128[0-3],1847.6566666666665,0.5282024291497976,False
all_reduce,2gpu_nvlink,2,67108864,ip,e_op_j,auto/Simple,RING/SIMPLE[0-3],1638.9466666666667,0.47168474331164134,False
all_reduce,2gpu_nvlink,2,67108864,ip,e_op_j,auto/auto,RING/SIMPLE[0-3],1638.0766666666666,0.46404796511627905,False
all_reduce,2gpu_nvlink,2,67108864,ip,e_op_dyn_j,Ring/LL,RING/LL[0-3],2840.693333333334,0.5944530742695177,False
all_reduce,2gpu_nvlink,2,67108864,ip,e_op_dyn_j,Ring/LL128,RING/LL128[0-3],1846.7633333333333,0.4422479361338027,False
all_reduce,2gpu_nvlink,2,67108864,ip,e_op_dyn_j,Ring/Simple,RING/SIMPLE[0-3],1638.4233333333334,0.38346168029057887,False
all_reduce,2gpu_nvlink,2,67108864,ip,e_op_dyn_j,Ring/auto,RING/SIMPLE[0-3],1638.8933333333334,0.3767876137034086,False
all_reduce,2gpu_nvlink,2,67108864,ip,e_op_dyn_j,Tree/LL,TREE/LL[0-3],4106.403333333333,0.8275137778584397,False
all_reduce,2gpu_nvlink,2,67108864,ip,e_op_dyn_j,Tree/LL128,TREE/LL128[0-3],2180.3466666666664,0.5017052546253385,False
all_reduce,2gpu_nvlink,2,67108864,ip,e_op_dyn_j,Tree/Simple,TREE/SIMPLE[0-3],1512.5099999999995,0.3657868348165887,True
all_reduce,2gpu_nvlink,2,67108864,ip,e_op_dyn_j,Tree/auto,TREE/SIMPLE[0-3],1512.5366666666666,0.36646755945094034,False
all_reduce,2gpu_nvlink,2,67108864,ip,e_op_dyn_j,auto/LL,RING/LL[0-3],2841.683333333333,0.5960379781788442,False
all_reduce,2gpu_nvlink,2,67108864,ip,e_op_dyn_j,auto/LL128,RING/LL128[0-3],1847.6566666666665,0.4359953830594761,False
all_reduce,2gpu_nvlink,2,67108864,ip,e_op_dyn_j,auto/Simple,RING/SIMPLE[0-3],1638.9466666666667,0.38989258233519936,False
all_reduce,2gpu_nvlink,2,67108864,ip,e_op_dyn_j,auto/auto,RING/SIMPLE[0-3],1638.0766666666666,0.3823011343274423,False
all_reduce,2gpu_nvlink,2,67108864,oop,e_op_j,Ring/LL,RING/LL[0-3],2844.2533333333336,0.7247461734693877,False
all_reduce,2gpu_nvlink,2,67108864,oop,e_op_j,Ring/LL128,RING/LL128[0-3],1850.2799999999997,0.5286023770934629,False
all_reduce,2gpu_nvlink,2,67108864,oop,e_op_j,Ring/Simple,RING/SIMPLE[0-3],1640.05,0.4570776906628653,False
all_reduce,2gpu_nvlink,2,67108864,oop,e_op_j,Ring/auto,RING/SIMPLE[0-3],1638.6366666666665,0.4667576419213974,False
all_reduce,2gpu_nvlink,2,67108864,oop,e_op_j,Tree/LL,TREE/LL[0-3],4115.016666666667,0.9957773561037317,False
all_reduce,2gpu_nvlink,2,67108864,oop,e_op_j,Tree/LL128,TREE/LL128[0-3],2185.766666666666,0.609045696400626,False
all_reduce,2gpu_nvlink,2,67108864,oop,e_op_j,Tree/Simple,TREE/SIMPLE[0-3],1514.7966666666664,0.4401933421516755,False
all_reduce,2gpu_nvlink,2,67108864,oop,e_op_j,Tree/auto,TREE/SIMPLE[0-3],1514.613333333333,0.43825422222222227,True
all_reduce,2gpu_nvlink,2,67108864,oop,e_op_j,auto/LL,RING/LL[0-3],2842.6733333333336,0.727000425170068,False
all_reduce,2gpu_nvlink,2,67108864,oop,e_op_j,auto/LL128,RING/LL128[0-3],1852.51,0.5291827260458839,False
all_reduce,2gpu_nvlink,2,67108864,oop,e_op_j,auto/Simple,RING/SIMPLE[0-3],1640.6033333333332,0.4611986020727887,False
all_reduce,2gpu_nvlink,2,67108864,oop,e_op_j,auto/auto,RING/SIMPLE[0-3],1639.2366666666665,0.4655009689922481,False
all_reduce,2gpu_nvlink,2,67108864,oop,e_op_dyn_j,Ring/LL,RING/LL[0-3],2844.2533333333336,0.5820468847938854,False
all_reduce,2gpu_nvlink,2,67108864,oop,e_op_dyn_j,Ring/LL128,RING/LL128[0-3],1850.2799999999997,0.4356893632506697,False
all_reduce,2gpu_nvlink,2,67108864,oop,e_op_dyn_j,Ring/Simple,RING/SIMPLE[0-3],1640.05,0.3746910724458967,False
all_reduce,2gpu_nvlink,2,67108864,oop,e_op_dyn_j,Ring/auto,RING/SIMPLE[0-3],1638.6366666666665,0.3845399345784806,False
all_reduce,2gpu_nvlink,2,67108864,oop,e_op_dyn_j,Tree/LL,TREE/LL[0-3],4115.016666666667,0.7891930676654751,False
all_reduce,2gpu_nvlink,2,67108864,oop,e_op_dyn_j,Tree/LL128,TREE/LL128[0-3],2185.766666666666,0.49939636973245904,False
all_reduce,2gpu_nvlink,2,67108864,oop,e_op_dyn_j,Tree/Simple,TREE/SIMPLE[0-3],1514.7966666666664,0.3641531549188961,False
all_reduce,2gpu_nvlink,2,67108864,oop,e_op_dyn_j,Tree/auto,TREE/SIMPLE[0-3],1514.613333333333,0.3622824859672304,True
all_reduce,2gpu_nvlink,2,67108864,oop,e_op_dyn_j,auto/LL,RING/LL[0-3],2842.6733333333336,0.5843121970925838,False
all_reduce,2gpu_nvlink,2,67108864,oop,e_op_dyn_j,auto/LL128,RING/LL128[0-3],1852.51,0.43617723953887033,False
all_reduce,2gpu_nvlink,2,67108864,oop,e_op_dyn_j,auto/Simple,RING/SIMPLE[0-3],1640.6033333333332,0.37883992969549335,False
all_reduce,2gpu_nvlink,2,67108864,oop,e_op_dyn_j,auto/auto,RING/SIMPLE[0-3],1639.2366666666665,0.3832204058193567,False
all_reduce,2gpu_nvlink,2,134217728,ip,e_op_j,Ring/LL,RING/LL[0-3],5665.459999999999,1.436369712351946,False
all_reduce,2gpu_nvlink,2,134217728,ip,e_op_j,Ring/LL128,RING/LL128[0-3],3573.5833333333335,1.0360281249999999,False
all_reduce,2gpu_nvlink,2,134217728,ip,e_op_j,Ring/Simple,RING/SIMPLE[0-3],3142.2899999999995,0.9056620111731845,False
all_reduce,2gpu_nvlink,2,134217728,ip,e_op_j,Ring/auto,RING/SIMPLE[0-3],3142.793333333333,0.8958148148148148,False
all_reduce,2gpu_nvlink,2,134217728,ip,e_op_j,Tree/LL,TREE/LL[0-3],8182.983333333333,2.0328102016607357,False
all_reduce,2gpu_nvlink,2,134217728,ip,e_op_j,Tree/LL128,TREE/LL128[0-3],4358.39,1.2168266919671094,False
all_reduce,2gpu_nvlink,2,134217728,ip,e_op_j,Tree/Simple,TREE/SIMPLE[0-3],2980.2666666666664,0.8733809523809523,True
all_reduce,2gpu_nvlink,2,134217728,ip,e_op_j,Tree/auto,TREE/SIMPLE[0-3],2981.03,0.8740130548302871,False
all_reduce,2gpu_nvlink,2,134217728,ip,e_op_j,auto/LL,RING/LL[0-3],5665.0999999999985,1.448682741116751,False
all_reduce,2gpu_nvlink,2,134217728,ip,e_op_j,auto/LL128,RING/LL128[0-3],3568.9566666666665,1.0315117739403454,False
all_reduce,2gpu_nvlink,2,134217728,ip,e_op_j,auto/Simple,RING/SIMPLE[0-3],3142.2433333333333,0.8954292364990689,False
all_reduce,2gpu_nvlink,2,134217728,ip,e_op_j,auto/auto,RING/SIMPLE[0-3],3141.99,0.9063502824858757,False
all_reduce,2gpu_nvlink,2,134217728,ip,e_op_dyn_j,Ring/LL,RING/LL[0-3],5665.459999999999,1.1536355245742163,False
all_reduce,2gpu_nvlink,2,134217728,ip,e_op_dyn_j,Ring/LL128,RING/LL128[0-3],3573.5833333333335,0.8576944063660843,False
all_reduce,2gpu_nvlink,2,134217728,ip,e_op_dyn_j,Ring/Simple,RING/SIMPLE[0-3],3142.2899999999995,0.7488531259885836,False
all_reduce,2gpu_nvlink,2,134217728,ip,e_op_dyn_j,Ring/auto,RING/SIMPLE[0-3],3142.793333333333,0.7389658732765277,False
all_reduce,2gpu_nvlink,2,134217728,ip,e_op_dyn_j,Tree/LL,TREE/LL[0-3],8182.983333333333,1.6244429118130341,False
all_reduce,2gpu_nvlink,2,134217728,ip,e_op_dyn_j,Tree/LL128,TREE/LL128[0-3],4358.39,0.9993453990010063,False
all_reduce,2gpu_nvlink,2,134217728,ip,e_op_dyn_j,Tree/Simple,TREE/SIMPLE[0-3],2980.2666666666664,0.7246554927010823,True
all_reduce,2gpu_nvlink,2,134217728,ip,e_op_dyn_j,Tree/auto,TREE/SIMPLE[0-3],2981.03,0.7252341339799809,False
all_reduce,2gpu_nvlink,2,134217728,ip,e_op_dyn_j,auto/LL,RING/LL[0-3],5665.0999999999985,1.1659687935297578,False
all_reduce,2gpu_nvlink,2,134217728,ip,e_op_dyn_j,auto/LL128,RING/LL128[0-3],3568.9566666666665,0.8534333036338536,False
all_reduce,2gpu_nvlink,2,134217728,ip,e_op_dyn_j,auto/Simple,RING/SIMPLE[0-3],3142.2433333333333,0.7386175782310075,False
all_reduce,2gpu_nvlink,2,134217728,ip,e_op_dyn_j,auto/auto,RING/SIMPLE[0-3],3141.99,0.7495326632929302,False
all_reduce,2gpu_nvlink,2,134217728,oop,e_op_j,Ring/LL,RING/LL[0-3],5668.533333333333,1.4650118443316413,False
all_reduce,2gpu_nvlink,2,134217728,oop,e_op_j,Ring/LL128,RING/LL128[0-3],3573.463333333333,1.031490625,False
all_reduce,2gpu_nvlink,2,134217728,oop,e_op_j,Ring/Simple,RING/SIMPLE[0-3],3144.39,0.9014255121042831,False
all_reduce,2gpu_nvlink,2,134217728,oop,e_op_j,Ring/auto,RING/SIMPLE[0-3],3144.67,0.9018138888888889,False
all_reduce,2gpu_nvlink,2,134217728,oop,e_op_j,Tree/LL,TREE/LL[0-3],8192.589999999998,2.011876631079478,False
all_reduce,2gpu_nvlink,2,134217728,oop,e_op_j,Tree/LL128,TREE/LL128[0-3],4354.193333333334,1.1950240354206196,False
all_reduce,2gpu_nvlink,2,134217728,oop,e_op_j,Tree/Simple,TREE/SIMPLE[0-3],2984.773333333333,0.8664199134199135,True
all_reduce,2gpu_nvlink,2,134217728,oop,e_op_j,Tree/auto,TREE/SIMPLE[0-3],2985.873333333333,0.8678929503916448,False
all_reduce,2gpu_nvlink,2,134217728,oop,e_op_j,auto/LL,RING/LL[0-3],5671.153333333333,1.4625287648054146,False
all_reduce,2gpu_nvlink,2,134217728,oop,e_op_j,auto/LL128,RING/LL128[0-3],3566.126666666667,1.0249392987964419,False
all_reduce,2gpu_nvlink,2,134217728,oop,e_op_j,auto/Simple,RING/SIMPLE[0-3],3145.4133333333334,0.8970437616387338,False
all_reduce,2gpu_nvlink,2,134217728,oop,e_op_j,auto/auto,RING/SIMPLE[0-3],3144.653333333333,0.8872471751412431,False
all_reduce,2gpu_nvlink,2,134217728,oop,e_op_dyn_j,Ring/LL,RING/LL[0-3],5668.533333333333,1.180261582218524,False
all_reduce,2gpu_nvlink,2,134217728,oop,e_op_dyn_j,Ring/LL128,RING/LL128[0-3],3573.463333333333,0.8522102794726553,False
all_reduce,2gpu_nvlink,2,134217728,oop,e_op_dyn_j,Ring/Simple,RING/SIMPLE[0-3],3144.39,0.7437107016376429,False
all_reduce,2gpu_nvlink,2,134217728,oop,e_op_dyn_j,Ring/auto,RING/SIMPLE[0-3],3144.67,0.7441266286203972,False
all_reduce,2gpu_nvlink,2,134217728,oop,e_op_dyn_j,Tree/LL,TREE/LL[0-3],8192.589999999998,1.6004453040905922,False
all_reduce,2gpu_nvlink,2,134217728,oop,e_op_dyn_j,Tree/LL128,TREE/LL128[0-3],4354.193333333334,0.97667933177999,False
all_reduce,2gpu_nvlink,2,134217728,oop,e_op_dyn_j,Tree/Simple,TREE/SIMPLE[0-3],2984.773333333333,0.7164968689649635,True
all_reduce,2gpu_nvlink,2,134217728,oop,e_op_dyn_j,Tree/auto,TREE/SIMPLE[0-3],2985.873333333333,0.7180360890082339,False
all_reduce,2gpu_nvlink,2,134217728,oop,e_op_dyn_j,auto/LL,RING/LL[0-3],5671.153333333333,1.177476585206717,False
all_reduce,2gpu_nvlink,2,134217728,oop,e_op_dyn_j,auto/LL128,RING/LL128[0-3],3566.126666666667,0.8460150002068798,False
all_reduce,2gpu_nvlink,2,134217728,oop,e_op_dyn_j,auto/Simple,RING/SIMPLE[0-3],3145.4133333333334,0.7392293401152766,False
all_reduce,2gpu_nvlink,2,134217728,oop,e_op_dyn_j,auto/auto,RING/SIMPLE[0-3],3144.653333333333,0.7293779058068024,False
all_reduce,2gpu_nvlink,2,268435456,ip,e_op_j,Ring/LL,RING/LL[0-3],11308.0,2.9127180762852407,False
all_reduce,2gpu_nvlink,2,268435456,ip,e_op_j,Ring/LL128,RING/LL128[0-3],6963.29,2.023327291037261,False
all_reduce,2gpu_nvlink,2,268435456,ip,e_op_j,Ring/Simple,RING/SIMPLE[0-3],6135.016666666666,1.7719081996434938,False
all_reduce,2gpu_nvlink,2,268435456,ip,e_op_j,Ring/auto,RING/SIMPLE[0-3],6143.87,1.7843853046594982,False
all_reduce,2gpu_nvlink,2,268435456,ip,e_op_j,Tree/LL,TREE/LL[0-3],16357.4,4.058933806146572,False
all_reduce,2gpu_nvlink,2,268435456,ip,e_op_j,Tree/LL128,TREE/LL128[0-3],8210.866666666667,2.323146198830409,False
all_reduce,2gpu_nvlink,2,268435456,ip,e_op_j,Tree/Simple,TREE/SIMPLE[0-3],5899.756666666667,1.7365813953488374,True
all_reduce,2gpu_nvlink,2,268435456,ip,e_op_j,Tree/auto,TREE/SIMPLE[0-3],5902.389999999999,1.7331162790697674,True
all_reduce,2gpu_nvlink,2,268435456,ip,e_op_j,auto/LL,RING/LL[0-3],11310.6,2.898712871287129,False
all_reduce,2gpu_nvlink,2,268435456,ip,e_op_j,auto/LL128,RING/LL128[0-3],6954.719999999998,2.0324282828282825,False
all_reduce,2gpu_nvlink,2,268435456,ip,e_op_j,auto/Simple,RING/SIMPLE[0-3],6139.193333333334,1.7616400709219857,False
all_reduce,2gpu_nvlink,2,268435456,ip,e_op_j,auto/auto,RING/SIMPLE[0-3],6142.38,1.783006289308176,False
all_reduce,2gpu_nvlink,2,268435456,ip,e_op_dyn_j,Ring/LL,RING/LL[0-3],11308.0,2.3483911156186736,False
all_reduce,2gpu_nvlink,2,268435456,ip,e_op_dyn_j,Ring/LL128,RING/LL128[0-3],6963.29,1.6759045403653896,False
all_reduce,2gpu_nvlink,2,268435456,ip,e_op_dyn_j,Ring/Simple,RING/SIMPLE[0-3],6135.016666666666,1.4656830109078687,False
all_reduce,2gpu_nvlink,2,268435456,ip,e_op_dyn_j,Ring/auto,RING/SIMPLE[0-3],6143.87,1.477768999141384,False
all_reduce,2gpu_nvlink,2,268435456,ip,e_op_dyn_j,Tree/LL,TREE/LL[0-3],16357.4,3.2426316077315653,False
all_reduce,2gpu_nvlink,2,268435456,ip,e_op_dyn_j,Tree/LL128,TREE/LL128[0-3],8210.866666666667,1.9133300913962827,False
all_reduce,2gpu_nvlink,2,268435456,ip,e_op_dyn_j,Tree/Simple,TREE/SIMPLE[0-3],5899.756666666667,1.4421554653914235,True
all_reduce,2gpu_nvlink,2,268435456,ip,e_op_dyn_j,Tree/auto,TREE/SIMPLE[0-3],5902.389999999999,1.438568145269511,True
all_reduce,2gpu_nvlink,2,268435456,ip,e_op_dyn_j,auto/LL,RING/LL[0-3],11310.6,2.3342586937546748,False
all_reduce,2gpu_nvlink,2,268435456,ip,e_op_dyn_j,auto/LL128,RING/LL128[0-3],6954.719999999998,1.6853772324753356,False
all_reduce,2gpu_nvlink,2,268435456,ip,e_op_dyn_j,auto/Simple,RING/SIMPLE[0-3],6139.193333333334,1.4552582281373525,False
all_reduce,2gpu_nvlink,2,268435456,ip,e_op_dyn_j,auto/auto,RING/SIMPLE[0-3],6142.38,1.4764929896485066,False
all_reduce,2gpu_nvlink,2,268435456,oop,e_op_j,Ring/LL,RING/LL[0-3],11331.733333333332,2.873733001658375,False
all_reduce,2gpu_nvlink,2,268435456,oop,e_op_j,Ring/LL128,RING/LL128[0-3],6910.806666666666,1.996840886203424,False
all_reduce,2gpu_nvlink,2,268435456,oop,e_op_j,Ring/Simple,RING/SIMPLE[0-3],6142.926666666666,1.7588262032085564,False
all_reduce,2gpu_nvlink,2,268435456,oop,e_op_j,Ring/auto,RING/SIMPLE[0-3],6133.489999999999,1.7467983870967743,False
all_reduce,2gpu_nvlink,2,268435456,oop,e_op_j,Tree/LL,TREE/LL[0-3],16405.100000000002,4.00309219858156,False
all_reduce,2gpu_nvlink,2,268435456,oop,e_op_j,Tree/LL128,TREE/LL128[0-3],8198.08,2.3166140350877193,False
all_reduce,2gpu_nvlink,2,268435456,oop,e_op_j,Tree/Simple,TREE/SIMPLE[0-3],5912.110000000001,1.72989233419466,True
all_reduce,2gpu_nvlink,2,268435456,oop,e_op_j,Tree/auto,TREE/SIMPLE[0-3],5912.383333333334,1.7210447889750213,True
all_reduce,2gpu_nvlink,2,268435456,oop,e_op_j,auto/LL,RING/LL[0-3],11321.533333333333,2.884163366336633,False
all_reduce,2gpu_nvlink,2,268435456,oop,e_op_j,auto/LL128,RING/LL128[0-3],6922.68,2.0017323232323236,False
all_reduce,2gpu_nvlink,2,268435456,oop,e_op_j,auto/Simple,RING/SIMPLE[0-3],6150.193333333334,1.7452260638297872,False
all_reduce,2gpu_nvlink,2,268435456,oop,e_op_j,auto/auto,RING/SIMPLE[0-3],6147.05,1.7600035938903862,False
all_reduce,2gpu_nvlink,2,268435456,oop,e_op_dyn_j,Ring/LL,RING/LL[0-3],11331.733333333332,2.3043169816745865,False
all_reduce,2gpu_nvlink,2,268435456,oop,e_op_dyn_j,Ring/LL128,RING/LL128[0-3],6910.806666666666,1.6499205887421668,False
all_reduce,2gpu_nvlink,2,268435456,oop,e_op_dyn_j,Ring/Simple,RING/SIMPLE[0-3],6142.926666666666,1.4505613220071902,False
all_reduce,2gpu_nvlink,2,268435456,oop,e_op_dyn_j,Ring/auto,RING/SIMPLE[0-3],6133.489999999999,1.4392657484568299,False
all_reduce,2gpu_nvlink,2,268435456,oop,e_op_dyn_j,Tree/LL,TREE/LL[0-3],16405.100000000002,3.1788109305803722,False
all_reduce,2gpu_nvlink,2,268435456,oop,e_op_dyn_j,Tree/LL128,TREE/LL128[0-3],8198.08,1.9047788830649337,False
all_reduce,2gpu_nvlink,2,268435456,oop,e_op_dyn_j,Tree/Simple,TREE/SIMPLE[0-3],5912.110000000001,1.4333224549438321,True
all_reduce,2gpu_nvlink,2,268435456,oop,e_op_dyn_j,Tree/auto,TREE/SIMPLE[0-3],5912.383333333334,1.4244082703101586,True
all_reduce,2gpu_nvlink,2,268435456,oop,e_op_dyn_j,auto/LL,RING/LL[0-3],11321.533333333333,2.3150837811915914,False
all_reduce,2gpu_nvlink,2,268435456,oop,e_op_dyn_j,auto/LL128,RING/LL128[0-3],6922.68,1.6542060999488124,False
all_reduce,2gpu_nvlink,2,268435456,oop,e_op_dyn_j,auto/Simple,RING/SIMPLE[0-3],6150.193333333334,1.4367960932767552,False
all_reduce,2gpu_nvlink,2,268435456,oop,e_op_dyn_j,auto/auto,RING/SIMPLE[0-3],6147.05,1.4516684663311048,False
all_reduce,2gpu_nvlink,2,536870912,ip,e_op_j,Ring/LL,RING/LL[0-3],22604.16666666666,5.894935275080907,False
all_reduce,2gpu_nvlink,2,536870912,ip,e_op_j,Ring/LL128,RING/LL128[0-3],13697.199999999999,4.01996862745098,False
all_reduce,2gpu_nvlink,2,536870912,ip,e_op_j,Ring/Simple,RING/SIMPLE[0-3],12071.966666666667,3.4692098765432093,False
all_reduce,2gpu_nvlink,2,536870912,ip,e_op_j,Ring/auto,RING/SIMPLE[0-3],12072.866666666667,3.5180397236614858,False
all_reduce,2gpu_nvlink,2,536870912,ip,e_op_j,Tree/LL,TREE/LL[0-3],32798.9,8.133291079812205,False
all_reduce,2gpu_nvlink,2,536870912,ip,e_op_j,Tree/LL128,TREE/LL128[0-3],15779.9,4.59251677852349,False
all_reduce,2gpu_nvlink,2,536870912,ip,e_op_j,Tree/Simple,TREE/SIMPLE[0-3],11744.266666666665,3.46656462585034,True
all_reduce,2gpu_nvlink,2,536870912,ip,e_op_j,Tree/auto,TREE/SIMPLE[0-3],11754.533333333333,3.4489812925170065,True
all_reduce,2gpu_nvlink,2,536870912,ip,e_op_j,auto/LL,RING/LL[0-3],22602.600000000002,5.885585760517799,False
all_reduce,2gpu_nvlink,2,536870912,ip,e_op_j,auto/LL128,RING/LL128[0-3],13718.466666666665,4.0245621301775145,False
all_reduce,2gpu_nvlink,2,536870912,ip,e_op_j,auto/Simple,RING/SIMPLE[0-3],12066.033333333333,3.5151736111111114,False
all_reduce,2gpu_nvlink,2,536870912,ip,e_op_j,auto/auto,RING/SIMPLE[0-3],12087.5,3.4835130890052355,False
all_reduce,2gpu_nvlink,2,536870912,ip,e_op_dyn_j,Ring/LL,RING/LL[0-3],22604.16666666666,4.766880226743614,False
all_reduce,2gpu_nvlink,2,536870912,ip,e_op_dyn_j,Ring/LL128,RING/LL128[0-3],13697.199999999999,3.3364800079875874,False
all_reduce,2gpu_nvlink,2,536870912,ip,e_op_dyn_j,Ring/Simple,RING/SIMPLE[0-3],12071.966666666667,2.866724936730046,False
all_reduce,2gpu_nvlink,2,536870912,ip,e_op_dyn_j,Ring/auto,RING/SIMPLE[0-3],12072.866666666667,2.9155972321515935,False
all_reduce,2gpu_nvlink,2,536870912,ip,e_op_dyn_j,Tree/LL,TREE/LL[0-3],32798.9,6.496473285215615,False
all_reduce,2gpu_nvlink,2,536870912,ip,e_op_dyn_j,Tree/LL128,TREE/LL128[0-3],15779.9,3.8048372661990864,False
all_reduce,2gpu_nvlink,2,536870912,ip,e_op_dyn_j,Tree/Simple,TREE/SIMPLE[0-3],11744.266666666665,2.8804671987950368,True
all_reduce,2gpu_nvlink,2,536870912,ip,e_op_dyn_j,Tree/auto,TREE/SIMPLE[0-3],11754.533333333333,2.8624382706293776,True
all_reduce,2gpu_nvlink,2,536870912,ip,e_op_dyn_j,auto/LL,RING/LL[0-3],22602.600000000002,4.757612672829254,False
all_reduce,2gpu_nvlink,2,536870912,ip,e_op_dyn_j,auto/LL128,RING/LL128[0-3],13718.466666666665,3.3396839089391093,False
all_reduce,2gpu_nvlink,2,536870912,ip,e_op_dyn_j,auto/Simple,RING/SIMPLE[0-3],12066.033333333333,2.91299298021122,False
all_reduce,2gpu_nvlink,2,536870912,ip,e_op_dyn_j,auto/auto,RING/SIMPLE[0-3],12087.5,2.8802864996286535,False
all_reduce,2gpu_nvlink,2,536870912,oop,e_op_j,Ring/LL,RING/LL[0-3],22608.199999999997,5.714990291262137,False
all_reduce,2gpu_nvlink,2,536870912,oop,e_op_j,Ring/LL128,RING/LL128[0-3],13696.166666666666,3.989631372549019,False
all_reduce,2gpu_nvlink,2,536870912,oop,e_op_j,Ring/Simple,RING/SIMPLE[0-3],12087.366666666667,3.4872874779541454,False
all_reduce,2gpu_nvlink,2,536870912,oop,e_op_j,Ring/auto,RING/SIMPLE[0-3],12099.199999999999,3.4752072538860106,False
all_reduce,2gpu_nvlink,2,536870912,oop,e_op_j,Tree/LL,TREE/LL[0-3],32840.799999999996,8.086173708920187,False
all_reduce,2gpu_nvlink,2,536870912,oop,e_op_j,Tree/LL128,TREE/LL128[0-3],15809.633333333331,4.469939597315435,False
all_reduce,2gpu_nvlink,2,536870912,oop,e_op_j,Tree/Simple,TREE/SIMPLE[0-3],11755.733333333332,3.4460340136054426,True
all_reduce,2gpu_nvlink,2,536870912,oop,e_op_j,Tree/auto,TREE/SIMPLE[0-3],11765.300000000001,3.4197891156462585,True
all_reduce,2gpu_nvlink,2,536870912,oop,e_op_j,auto/LL,RING/LL[0-3],22629.36666666667,5.7133689320388354,False
all_reduce,2gpu_nvlink,2,536870912,oop,e_op_j,auto/LL128,RING/LL128[0-3],13705.299999999997,3.9564792899408285,False
all_reduce,2gpu_nvlink,2,536870912,oop,e_op_j,auto/Simple,RING/SIMPLE[0-3],12094.233333333332,3.5059479166666665,False
all_reduce,2gpu_nvlink,2,536870912,oop,e_op_j,auto/auto,RING/SIMPLE[0-3],12079.533333333333,3.5099633507853407,False
all_reduce,2gpu_nvlink,2,536870912,oop,e_op_dyn_j,Ring/LL,RING/LL[0-3],22608.199999999997,4.580762877999503,False
all_reduce,2gpu_nvlink,2,536870912,oop,e_op_dyn_j,Ring/LL128,RING/LL128[0-3],13696.166666666666,3.301973357541734,False
all_reduce,2gpu_nvlink,2,536870912,oop,e_op_dyn_j,Ring/Simple,RING/SIMPLE[0-3],12087.366666666667,2.8809433281491192,False
all_reduce,2gpu_nvlink,2,536870912,oop,e_op_dyn_j,Ring/auto,RING/SIMPLE[0-3],12099.199999999999,2.8683147972552736,False
all_reduce,2gpu_nvlink,2,536870912,oop,e_op_dyn_j,Tree/LL,TREE/LL[0-3],32840.799999999996,6.4380990008474726,False
all_reduce,2gpu_nvlink,2,536870912,oop,e_op_dyn_j,Tree/LL128,TREE/LL128[0-3],15809.633333333331,3.6758447009927124,False
all_reduce,2gpu_nvlink,2,536870912,oop,e_op_dyn_j,Tree/Simple,TREE/SIMPLE[0-3],11755.733333333332,2.856384993134824,True
all_reduce,2gpu_nvlink,2,536870912,oop,e_op_dyn_j,Tree/auto,TREE/SIMPLE[0-3],11765.300000000001,2.8292507799140973,True
all_reduce,2gpu_nvlink,2,536870912,oop,e_op_dyn_j,auto/LL,RING/LL[0-3],22629.36666666667,4.577807526805847,False
all_reduce,2gpu_nvlink,2,536870912,oop,e_op_dyn_j,auto/LL128,RING/LL128[0-3],13705.299999999997,3.2689768059325224,False
all_reduce,2gpu_nvlink,2,536870912,oop,e_op_dyn_j,auto/Simple,RING/SIMPLE[0-3],12094.233333333332,2.8996590372978517,False
all_reduce,2gpu_nvlink,2,536870912,oop,e_op_dyn_j,auto/auto,RING/SIMPLE[0-3],12079.533333333333,2.90376934095556,False
all_reduce,2gpu_nvlink,2,1073741824,ip,e_op_j,Ring/LL,RING/LL[0-3],45192.299999999996,11.533961538461538,False
all_reduce,2gpu_nvlink,2,1073741824,ip,e_op_j,Ring/LL128,RING/LL128[0-3],27122.86666666667,7.926965116279068,False
all_reduce,2gpu_nvlink,2,1073741824,ip,e_op_j,Ring/Simple,RING/SIMPLE[0-3],23767.0,6.862122448979592,False
all_reduce,2gpu_nvlink,2,1073741824,ip,e_op_j,Ring/auto,RING/SIMPLE[0-3],23743.366666666665,6.819908163265306,True
all_reduce,2gpu_nvlink,2,1073741824,ip,e_op_j,Tree/LL,TREE/LL[0-3],65974.9,16.34503703703704,False
all_reduce,2gpu_nvlink,2,1073741824,ip,e_op_j,Tree/LL128,TREE/LL128[0-3],30656.966666666664,8.73651754385965,False
all_reduce,2gpu_nvlink,2,1073741824,ip,e_op_j,Tree/Simple,TREE/SIMPLE[0-3],23458.2,6.95730303030303,True
all_reduce,2gpu_nvlink,2,1073741824,ip,e_op_j,Tree/auto,TREE/SIMPLE[0-3],23462.3,6.900747474747475,True
all_reduce,2gpu_nvlink,2,1073741824,ip,e_op_j,auto/LL,RING/LL[0-3],45192.69999999999,11.779532051282052,False
all_reduce,2gpu_nvlink,2,1073741824,ip,e_op_j,auto/LL128,RING/LL128[0-3],27198.100000000002,8.060964705882354,False
all_reduce,2gpu_nvlink,2,1073741824,ip,e_op_j,auto/Simple,RING/SIMPLE[0-3],23752.3,6.94178231292517,False
all_reduce,2gpu_nvlink,2,1073741824,ip,e_op_j,auto/auto,RING/SIMPLE[0-3],23752.099999999995,7.0145442176870745,False
all_reduce,2gpu_nvlink,2,1073741824,ip,e_op_dyn_j,Ring/LL,RING/LL[0-3],45192.299999999996,9.278647310294888,False
all_reduce,2gpu_nvlink,2,1073741824,ip,e_op_dyn_j,Ring/LL128,RING/LL128[0-3],27122.86666666667,6.5730032686086695,False
all_reduce,2gpu_nvlink,2,1073741824,ip,e_op_dyn_j,Ring/Simple,RING/SIMPLE[0-3],23767.0,5.676399577543503,False
all_reduce,2gpu_nvlink,2,1073741824,ip,e_op_dyn_j,Ring/auto,RING/SIMPLE[0-3],23743.366666666665,5.635221826784714,True
all_reduce,2gpu_nvlink,2,1073741824,ip,e_op_dyn_j,Tree/LL,TREE/LL[0-3],65974.9,13.05254618287124,False
all_reduce,2gpu_nvlink,2,1073741824,ip,e_op_dyn_j,Tree/LL128,TREE/LL128[0-3],30656.966666666664,7.2067056777158625,False
all_reduce,2gpu_nvlink,2,1073741824,ip,e_op_dyn_j,Tree/Simple,TREE/SIMPLE[0-3],23458.2,5.7866448831983135,True
all_reduce,2gpu_nvlink,2,1073741824,ip,e_op_dyn_j,Tree/auto,TREE/SIMPLE[0-3],23462.3,5.729871704760879,True
all_reduce,2gpu_nvlink,2,1073741824,ip,e_op_dyn_j,auto/LL,RING/LL[0-3],45192.69999999999,9.524205722373251,False
all_reduce,2gpu_nvlink,2,1073741824,ip,e_op_dyn_j,auto/LL128,RING/LL128[0-3],27198.100000000002,6.703452773042758,False
all_reduce,2gpu_nvlink,2,1073741824,ip,e_op_dyn_j,auto/Simple,RING/SIMPLE[0-3],23752.3,5.756299313754808,False
all_reduce,2gpu_nvlink,2,1073741824,ip,e_op_dyn_j,auto/auto,RING/SIMPLE[0-3],23752.099999999995,5.829326278534405,False
all_reduce,2gpu_nvlink,2,1073741824,oop,e_op_j,Ring/LL,RING/LL[0-3],45235.1,11.688775641025641,False
all_reduce,2gpu_nvlink,2,1073741824,oop,e_op_j,Ring/LL128,RING/LL128[0-3],26922.966666666664,7.920639534883722,False
all_reduce,2gpu_nvlink,2,1073741824,oop,e_op_j,Ring/Simple,RING/SIMPLE[0-3],23772.899999999994,6.844221088435375,False
all_reduce,2gpu_nvlink,2,1073741824,oop,e_op_j,Ring/auto,RING/SIMPLE[0-3],23764.666666666668,6.897054421768708,False
all_reduce,2gpu_nvlink,2,1073741824,oop,e_op_j,Tree/LL,TREE/LL[0-3],66065.86666666667,16.25547222222222,False
all_reduce,2gpu_nvlink,2,1073741824,oop,e_op_j,Tree/LL128,TREE/LL128[0-3],30826.699999999997,8.906925438596492,False
all_reduce,2gpu_nvlink,2,1073741824,oop,e_op_j,Tree/Simple,TREE/SIMPLE[0-3],23502.066666666666,6.833693602693603,True
all_reduce,2gpu_nvlink,2,1073741824,oop,e_op_j,Tree/auto,TREE/SIMPLE[0-3],23474.833333333332,6.886754208754208,True
all_reduce,2gpu_nvlink,2,1073741824,oop,e_op_j,auto/LL,RING/LL[0-3],45214.86666666666,11.385647435897434,False
all_reduce,2gpu_nvlink,2,1073741824,oop,e_op_j,auto/LL128,RING/LL128[0-3],26993.233333333334,7.828647058823528,False
all_reduce,2gpu_nvlink,2,1073741824,oop,e_op_j,auto/Simple,RING/SIMPLE[0-3],23774.766666666666,6.729731292517006,True
all_reduce,2gpu_nvlink,2,1073741824,oop,e_op_j,auto/auto,RING/SIMPLE[0-3],23765.833333333332,6.784625850340135,True
all_reduce,2gpu_nvlink,2,1073741824,oop,e_op_dyn_j,Ring/LL,RING/LL[0-3],45235.1,9.417625466283553,False
all_reduce,2gpu_nvlink,2,1073741824,oop,e_op_dyn_j,Ring/LL128,RING/LL128[0-3],26922.966666666664,6.570454454089912,False
all_reduce,2gpu_nvlink,2,1073741824,oop,e_op_dyn_j,Ring/Simple,RING/SIMPLE[0-3],23772.899999999994,5.650299523836526,False
all_reduce,2gpu_nvlink,2,1073741824,oop,e_op_dyn_j,Ring/auto,RING/SIMPLE[0-3],23764.666666666668,5.7046420223754595,False
all_reduce,2gpu_nvlink,2,1073741824,oop,e_op_dyn_j,Tree/LL,TREE/LL[0-3],66065.86666666667,12.935700715520204,False
all_reduce,2gpu_nvlink,2,1073741824,oop,e_op_dyn_j,Tree/LL128,TREE/LL128[0-3],30826.699999999997,7.358009236348287,False
all_reduce,2gpu_nvlink,2,1073741824,oop,e_op_dyn_j,Tree/Simple,TREE/SIMPLE[0-3],23502.066666666666,5.653244984784688,True
all_reduce,2gpu_nvlink,2,1073741824,oop,e_op_dyn_j,Tree/auto,TREE/SIMPLE[0-3],23474.833333333332,5.708456167278734,True
all_reduce,2gpu_nvlink,2,1073741824,oop,e_op_dyn_j,auto/LL,RING/LL[0-3],45214.86666666666,9.112419319170812,False
all_reduce,2gpu_nvlink,2,1073741824,oop,e_op_dyn_j,auto/LL128,RING/LL128[0-3],26993.233333333334,6.47386339176073,False
all_reduce,2gpu_nvlink,2,1073741824,oop,e_op_dyn_j,auto/Simple,RING/SIMPLE[0-3],23774.766666666666,5.535268557451576,True
all_reduce,2gpu_nvlink,2,1073741824,oop,e_op_dyn_j,auto/auto,RING/SIMPLE[0-3],23765.833333333332,5.591819743205211,True
all_reduce,4gpu,4,1024,ip,e_op_j,Ring/LL,RING/LL[0-0],11.636666666666665,0.0045412127754697025,False
all_reduce,4gpu,4,1024,ip,e_op_j,Ring/LL128,RING/LL128[0-0],28.636666666666667,0.011316108204288007,False
all_reduce,4gpu,4,1024,ip,e_op_j,Ring/Simple,RING/SIMPLE[0-0],40.083333333333336,0.01558035757752787,False
all_reduce,4gpu,4,1024,ip,e_op_j,Ring/auto,RING/LL[0-0],11.603333333333333,0.004517077599803215,False
all_reduce,4gpu,4,1024,ip,e_op_j,Tree/LL,TREE/LL[0-0],11.329999999999998,0.004448376856538033,False
all_reduce,4gpu,4,1024,ip,e_op_j,Tree/LL128,TREE/LL128[0-0],20.936666666666664,0.008320982710399187,False
all_reduce,4gpu,4,1024,ip,e_op_j,Tree/Simple,TREE/SIMPLE[0-0],36.28333333333333,0.014428998131090642,False
all_reduce,4gpu,4,1024,ip,e_op_j,Tree/auto,TREE/LL[0-0],11.31,0.004416345093715547,True
all_reduce,4gpu,4,1024,ip,e_op_j,auto/LL,RING/LL[0-0],11.646666666666667,0.004600064124985427,False
all_reduce,4gpu,4,1024,ip,e_op_j,auto/LL128,TREE/LL128[0-0],20.91333333333333,0.008350603761641234,False
all_reduce,4gpu,4,1024,ip,e_op_j,auto/Simple,TREE/SIMPLE[0-0],36.339999999999996,0.01421400397783141,False
all_reduce,4gpu,4,1024,ip,e_op_j,auto/auto,RING/LL[0-0],11.58,0.004536632972401234,False
all_reduce,4gpu,4,1024,ip,e_op_dyn_j,Ring/LL,RING/LL[0-0],11.636666666666665,0.003349925835557379,False
all_reduce,4gpu,4,1024,ip,e_op_dyn_j,Ring/LL128,RING/LL128[0-0],28.636666666666667,0.00838532164211213,False
all_reduce,4gpu,4,1024,ip,e_op_dyn_j,Ring/Simple,RING/SIMPLE[0-0],40.083333333333336,0.011481545770181645,False
all_reduce,4gpu,4,1024,ip,e_op_dyn_j,Ring/auto,RING/LL[0-0],11.603333333333333,0.0033295411635247615,False
all_reduce,4gpu,4,1024,ip,e_op_dyn_j,Tree/LL,TREE/LL[0-0],11.329999999999998,0.0032891375490661408,False
all_reduce,4gpu,4,1024,ip,e_op_dyn_j,Tree/LL128,TREE/LL128[0-0],20.936666666666664,0.0061781684760884,False
all_reduce,4gpu,4,1024,ip,e_op_dyn_j,Tree/Simple,TREE/SIMPLE[0-0],36.28333333333333,0.010716550485072668,False
all_reduce,4gpu,4,1024,ip,e_op_dyn_j,Tree/auto,TREE/LL[0-0],11.31,0.003258332680947768,True
all_reduce,4gpu,4,1024,ip,e_op_dyn_j,auto/LL,RING/LL[0-0],11.646666666666667,0.0034080757947015706,False
all_reduce,4gpu,4,1024,ip,e_op_dyn_j,auto/LL128,TREE/LL128[0-0],20.91333333333333,0.006210394592430051,False
all_reduce,4gpu,4,1024,ip,e_op_dyn_j,auto/Simple,TREE/SIMPLE[0-0],36.339999999999996,0.010495591974666041,False
all_reduce,4gpu,4,1024,ip,e_op_dyn_j,auto/auto,RING/LL[0-0],11.58,0.0033515505653931286,False
all_reduce,4gpu,4,1024,oop,e_op_j,Ring/LL,RING/LL[0-0],11.673333333333332,0.004566023676854911,False
all_reduce,4gpu,4,1024,oop,e_op_j,Ring/LL128,RING/LL128[0-0],28.72,0.011220187446047603,False
all_reduce,4gpu,4,1024,oop,e_op_j,Ring/Simple,RING/SIMPLE[0-0],40.806666666666665,0.015825988267367707,False
all_reduce,4gpu,4,1024,oop,e_op_j,Ring/auto,RING/LL[0-0],11.660000000000002,0.004510338441058587,False
all_reduce,4gpu,4,1024,oop,e_op_j,Tree/LL,TREE/LL[0-0],11.373333333333333,0.004467619861524054,False
all_reduce,4gpu,4,1024,oop,e_op_j,Tree/LL128,TREE/LL128[0-0],20.996666666666666,0.008182224129163487,False
all_reduce,4gpu,4,1024,oop,e_op_j,Tree/Simple,TREE/SIMPLE[0-0],36.336666666666666,0.014207282071819517,False
all_reduce,4gpu,4,1024,oop,e_op_j,Tree/auto,TREE/LL[0-0],11.343333333333334,0.004404600024500796,True
all_reduce,4gpu,4,1024,oop,e_op_j,auto/LL,RING/LL[0-0],11.659999999999998,0.004533403287862889,False
all_reduce,4gpu,4,1024,oop,e_op_j,auto/LL128,TREE/LL128[0-0],20.946666666666662,0.008192845656337018,False
all_reduce,4gpu,4,1024,oop,e_op_j,auto/Simple,TREE/SIMPLE[0-0],36.43333333333333,0.014268302493966212,False
all_reduce,4gpu,4,1024,oop,e_op_j,auto/auto,RING/LL[0-0],11.636666666666668,0.004490918541296375,False
all_reduce,4gpu,4,1024,oop,e_op_dyn_j,Ring/LL,RING/LL[0-0],11.673333333333332,0.0033589122754893205,False
all_reduce,4gpu,4,1024,oop,e_op_dyn_j,Ring/LL128,RING/LL128[0-0],28.72,0.008251320606216977,False
all_reduce,4gpu,4,1024,oop,e_op_dyn_j,Ring/Simple,RING/SIMPLE[0-0],40.806666666666665,0.01162001563379715,False
all_reduce,4gpu,4,1024,oop,e_op_dyn_j,Ring/auto,RING/LL[0-0],11.660000000000002,0.003305525987928963,False
all_reduce,4gpu,4,1024,oop,e_op_dyn_j,Tree/LL,TREE/LL[0-0],11.373333333333333,0.0032922933204273808,False
all_reduce,4gpu,4,1024,oop,e_op_dyn_j,Tree/LL128,TREE/LL128[0-0],20.996666666666666,0.006011470829612615,False
all_reduce,4gpu,4,1024,oop,e_op_dyn_j,Tree/Simple,TREE/SIMPLE[0-0],36.336666666666666,0.010453182654285464,False
all_reduce,4gpu,4,1024,oop,e_op_dyn_j,Tree/auto,TREE/LL[0-0],11.343333333333334,0.0032334507913865606,True
all_reduce,4gpu,4,1024,oop,e_op_dyn_j,auto/LL,RING/LL[0-0],11.659999999999998,0.0033266339996467892,False
all_reduce,4gpu,4,1024,oop,e_op_dyn_j,auto/LL128,TREE/LL128[0-0],20.946666666666662,0.006028531689556057,False
all_reduce,4gpu,4,1024,oop,e_op_dyn_j,auto/Simple,TREE/SIMPLE[0-0],36.43333333333333,0.010503644526921716,False
all_reduce,4gpu,4,1024,oop,e_op_dyn_j,auto/auto,RING/LL[0-0],11.636666666666668,0.0032884808449984426,False
all_reduce,4gpu,4,2048,ip,e_op_j,Ring/LL,RING/LL[0-0],11.666666666666666,0.004557637463393272,False
all_reduce,4gpu,4,2048,ip,e_op_j,Ring/LL128,RING/LL128[0-0],28.656666666666666,0.011379902444155196,False
all_reduce,4gpu,4,2048,ip,e_op_j,Ring/Simple,RING/SIMPLE[0-0],39.13333333333333,0.015299515964874909,False
all_reduce,4gpu,4,2048,ip,e_op_j,Ring/auto,RING/LL[0-0],11.653333333333334,0.004563086872029917,False
all_reduce,4gpu,4,2048,ip,e_op_j,Tree/LL,TREE/LL[0-0],12.409999999999998,0.004848109742679142,False
all_reduce,4gpu,4,2048,ip,e_op_j,Tree/LL128,TREE/LL128[0-0],21.073333333333334,0.008364273684278322,False
all_reduce,4gpu,4,2048,ip,e_op_j,Tree/Simple,TREE/SIMPLE[0-0],36.14,0.014149425668762684,False
all_reduce,4gpu,4,2048,ip,e_op_j,Tree/auto,TREE/LL[0-0],12.43,0.004914883816153137,False
all_reduce,4gpu,4,2048,ip,e_op_j,auto/LL,RING/LL[0-0],11.63,0.004544590359402946,True
all_reduce,4gpu,4,2048,ip,e_op_j,auto/LL128,TREE/LL128[0-0],21.13,0.008405061331888715,False
all_reduce,4gpu,4,2048,ip,e_op_j,auto/Simple,TREE/SIMPLE[0-0],36.24666666666667,0.014340378569995317,False
all_reduce,4gpu,4,2048,ip,e_op_j,auto/auto,RING/LL[0-0],11.673333333333332,0.004541063534714397,True
all_reduce,4gpu,4,2048,ip,e_op_dyn_j,Ring/LL,RING/LL[0-0],11.666666666666666,0.0033638629859292436,False
all_reduce,4gpu,4,2048,ip,e_op_dyn_j,Ring/LL128,RING/LL128[0-0],28.656666666666666,0.008446985666669682,False
all_reduce,4gpu,4,2048,ip,e_op_dyn_j,Ring/Simple,RING/SIMPLE[0-0],39.13333333333333,0.011293434762232895,False
all_reduce,4gpu,4,2048,ip,e_op_dyn_j,Ring/auto,RING/LL[0-0],11.653333333333334,0.0033704451890713073,False
all_reduce,4gpu,4,2048,ip,e_op_dyn_j,Tree/LL,TREE/LL[0-0],12.409999999999998,0.0035779368551369234,False
all_reduce,4gpu,4,2048,ip,e_op_dyn_j,Tree/LL128,TREE/LL128[0-0],21.073333333333334,0.006206401695160728,False
all_reduce,4gpu,4,2048,ip,e_op_dyn_j,Tree/Simple,TREE/SIMPLE[0-0],36.14,0.010450417420937214,False
all_reduce,4gpu,4,2048,ip,e_op_dyn_j,Tree/auto,TREE/LL[0-0],12.43,0.0036421292442646823,False
all_reduce,4gpu,4,2048,ip,e_op_dyn_j,auto/LL,RING/LL[0-0],11.63,0.00335441390235588,True
all_reduce,4gpu,4,2048,ip,e_op_dyn_j,auto/LL128,TREE/LL128[0-0],21.13,0.0062425846055744125,False
all_reduce,4gpu,4,2048,ip,e_op_dyn_j,auto/Simple,TREE/SIMPLE[0-0],36.24666666666667,0.01063080242601241,False
all_reduce,4gpu,4,2048,ip,e_op_dyn_j,auto/auto,RING/LL[0-0],11.673333333333332,0.0033462691985072235,True
all_reduce,4gpu,4,2048,oop,e_op_j,Ring/LL,RING/LL[0-0],11.676666666666664,0.004546556458749578,False
all_reduce,4gpu,4,2048,oop,e_op_j,Ring/LL128,RING/LL128[0-0],28.736666666666665,0.01117806352086319,False
all_reduce,4gpu,4,2048,oop,e_op_j,Ring/Simple,RING/SIMPLE[0-0],39.20666666666667,0.015143707543373805,False
all_reduce,4gpu,4,2048,oop,e_op_j,Ring/auto,RING/LL[0-0],11.726666666666667,0.004511308768854752,False
all_reduce,4gpu,4,2048,oop,e_op_j,Tree/LL,TREE/LL[0-0],12.456666666666669,0.004908660960229472,False
all_reduce,4gpu,4,2048,oop,e_op_j,Tree/LL128,TREE/LL128[0-0],21.11333333333333,0.008333600615715558,False
all_reduce,4gpu,4,2048,oop,e_op_j,Tree/Simple,TREE/SIMPLE[0-0],36.24333333333333,0.014185500417544615,False
all_reduce,4gpu,4,2048,oop,e_op_j,Tree/auto,TREE/LL[0-0],12.466666666666667,0.004893980581051929,False
all_reduce,4gpu,4,2048,oop,e_op_j,auto/LL,RING/LL[0-0],11.673333333333332,0.004508963651313691,True
all_reduce,4gpu,4,2048,oop,e_op_j,auto/LL128,TREE/LL128[0-0],21.146666666666665,0.008336696590953062,False
all_reduce,4gpu,4,2048,oop,e_op_j,auto/Simple,TREE/SIMPLE[0-0],36.34,0.014151450293179943,False
all_reduce,4gpu,4,2048,oop,e_op_j,auto/auto,RING/LL[0-0],11.699999999999998,0.004567718716592991,False
all_reduce,4gpu,4,2048,oop,e_op_dyn_j,Ring/LL,RING/LL[0-0],11.676666666666664,0.0033393989980076027,False
all_reduce,4gpu,4,2048,oop,e_op_dyn_j,Ring/LL128,RING/LL128[0-0],28.736666666666665,0.00820913192606883,False
all_reduce,4gpu,4,2048,oop,e_op_dyn_j,Ring/Simple,RING/SIMPLE[0-0],39.20666666666667,0.011097277049784984,False
all_reduce,4gpu,4,2048,oop,e_op_dyn_j,Ring/auto,RING/LL[0-0],11.726666666666667,0.0033008836657974507,True
all_reduce,4gpu,4,2048,oop,e_op_dyn_j,Tree/LL,TREE/LL[0-0],12.456666666666669,0.003620574284859543,False
all_reduce,4gpu,4,2048,oop,e_op_dyn_j,Tree/LL128,TREE/LL128[0-0],21.11333333333333,0.006150136924326998,False
all_reduce,4gpu,4,2048,oop,e_op_dyn_j,Tree/Simple,TREE/SIMPLE[0-0],36.24333333333333,0.01044370788742216,False
all_reduce,4gpu,4,2048,oop,e_op_dyn_j,Tree/auto,TREE/LL[0-0],12.466666666666667,0.0036046603465248964,False
all_reduce,4gpu,4,2048,oop,e_op_dyn_j,auto/LL,RING/LL[0-0],11.673333333333332,0.0033025265235493485,True
all_reduce,4gpu,4,2048,oop,e_op_dyn_j,auto/LL128,TREE/LL128[0-0],21.146666666666665,0.006148935269409134,False
all_reduce,4gpu,4,2048,oop,e_op_dyn_j,auto/Simple,TREE/SIMPLE[0-0],36.34,0.01039173991040899,False
all_reduce,4gpu,4,2048,oop,e_op_dyn_j,auto/auto,RING/LL[0-0],11.699999999999998,0.0033583840457624484,False
all_reduce,4gpu,4,4096,ip,e_op_j,Ring/LL,RING/LL[0-0],11.886666666666665,0.004648227564155908,False
all_reduce,4gpu,4,4096,ip,e_op_j,Ring/LL128,RING/LL128[0-0],28.686666666666664,0.011263687769065708,False
all_reduce,4gpu,4,4096,ip,e_op_j,Ring/Simple,RING/SIMPLE[0-0],39.36666666666667,0.015451262847962543,False
all_reduce,4gpu,4,4096,ip,e_op_j,Ring/auto,RING/LL[0-0],11.90333333333333,0.0046123757057288635,True
all_reduce,4gpu,4,4096,ip,e_op_j,Tree/LL,TREE/LL[0-0],14.136666666666665,0.005626156779697494,False
all_reduce,4gpu,4,4096,ip,e_op_j,Tree/LL128,TREE/LL128[0-0],21.383333333333336,0.008516332075766757,False
all_reduce,4gpu,4,4096,ip,e_op_j,Tree/Simple,TREE/SIMPLE[0-0],37.666666666666664,0.014775933753126887,False
all_reduce,4gpu,4,4096,ip,e_op_j,Tree/auto,TREE/LL[0-0],14.12333333333333,0.005600843250192417,False
all_reduce,4gpu,4,4096,ip,e_op_j,auto/LL,RING/LL[0-0],11.906666666666666,0.00469229359835656,False
all_reduce,4gpu,4,4096,ip,e_op_j,auto/LL128,TREE/LL128[0-0],21.393333333333334,0.008528149242342723,False
all_reduce,4gpu,4,4096,ip,e_op_j,auto/Simple,TREE/SIMPLE[0-0],37.63666666666666,0.014819803823544623,False
all_reduce,4gpu,4,4096,ip,e_op_j,auto/auto,RING/LL[0-0],11.853333333333332,0.004626426915187728,True
all_reduce,4gpu,4,4096,ip,e_op_dyn_j,Ring/LL,RING/LL[0-0],11.886666666666665,0.0034315368633981917,False
all_reduce,4gpu,4,4096,ip,e_op_dyn_j,Ring/LL128,RING/LL128[0-0],28.686666666666664,0.008328137492561479,False
all_reduce,4gpu,4,4096,ip,e_op_dyn_j,Ring/Simple,RING/SIMPLE[0-0],39.36666666666667,0.011421858985808704,False
all_reduce,4gpu,4,4096,ip,e_op_dyn_j,Ring/auto,RING/LL[0-0],11.90333333333333,0.0033938385300320353,True
all_reduce,4gpu,4,4096,ip,e_op_dyn_j,Tree/LL,TREE/LL[0-0],14.136666666666665,0.004179259388043982,False
all_reduce,4gpu,4,4096,ip,e_op_dyn_j,Tree/LL128,TREE/LL128[0-0],21.383333333333336,0.006327683345678394,False
all_reduce,4gpu,4,4096,ip,e_op_dyn_j,Tree/Simple,TREE/SIMPLE[0-0],37.666666666666664,0.010920920604625206,False
all_reduce,4gpu,4,4096,ip,e_op_dyn_j,Tree/auto,TREE/LL[0-0],14.12333333333333,0.004155524856179636,False
all_reduce,4gpu,4,4096,ip,e_op_dyn_j,auto/LL,RING/LL[0-0],11.906666666666666,0.0034738474199676535,False
all_reduce,4gpu,4,4096,ip,e_op_dyn_j,auto/LL128,TREE/LL128[0-0],21.393333333333334,0.00633870313753591,False
all_reduce,4gpu,4,4096,ip,e_op_dyn_j,auto/Simple,TREE/SIMPLE[0-0],37.63666666666666,0.010968094138218394,False
all_reduce,4gpu,4,4096,ip,e_op_dyn_j,auto/auto,RING/LL[0-0],11.853333333333332,0.0034133943142846137,True
all_reduce,4gpu,4,4096,oop,e_op_j,Ring/LL,RING/LL[0-0],11.89333333333333,0.00464989190998478,False
all_reduce,4gpu,4,4096,oop,e_op_j,Ring/LL128,RING/LL128[0-0],28.75333333333333,0.011327354845094626,False
all_reduce,4gpu,4,4096,oop,e_op_j,Ring/Simple,RING/SIMPLE[0-0],39.48666666666667,0.015336426997294539,False
all_reduce,4gpu,4,4096,oop,e_op_j,Ring/auto,RING/LL[0-0],11.913333333333332,0.004665978737057399,False
all_reduce,4gpu,4,4096,oop,e_op_j,Tree/LL,TREE/LL[0-0],14.156666666666666,0.005557602248564518,False
all_reduce,4gpu,4,4096,oop,e_op_j,Tree/LL128,TREE/LL128[0-0],21.439999999999998,0.008484661597305028,False
all_reduce,4gpu,4,4096,oop,e_op_j,Tree/Simple,TREE/SIMPLE[0-0],37.779999999999994,0.01470167054831939,False
all_reduce,4gpu,4,4096,oop,e_op_j,Tree/auto,TREE/LL[0-0],14.146666666666667,0.0054967817783529134,False
all_reduce,4gpu,4,4096,oop,e_op_j,auto/LL,RING/LL[0-0],11.923333333333334,0.0046189976495845135,True
all_reduce,4gpu,4,4096,oop,e_op_j,auto/LL128,TREE/LL128[0-0],21.423333333333332,0.00843555103385083,False
all_reduce,4gpu,4,4096,oop,e_op_j,auto/Simple,TREE/SIMPLE[0-0],37.779999999999994,0.014749217075511271,False
all_reduce,4gpu,4,4096,oop,e_op_j,auto/auto,RING/LL[0-0],11.87,0.004627432072891584,True
all_reduce,4gpu,4,4096,oop,e_op_dyn_j,Ring/LL,RING/LL[0-0],11.89333333333333,0.003420265801610091,False
all_reduce,4gpu,4,4096,oop,e_op_dyn_j,Ring/LL128,RING/LL128[0-0],28.75333333333333,0.008351569925621492,False
all_reduce,4gpu,4,4096,oop,e_op_dyn_j,Ring/Simple,RING/SIMPLE[0-0],39.48666666666667,0.011258414191748481,False
all_reduce,4gpu,4,4096,oop,e_op_dyn_j,Ring/auto,RING/LL[0-0],11.913333333333332,0.003436438795086831,False
all_reduce,4gpu,4,4096,oop,e_op_dyn_j,Tree/LL,TREE/LL[0-0],14.156666666666666,0.004096032606887209,False
all_reduce,4gpu,4,4096,oop,e_op_dyn_j,Tree/LL128,TREE/LL128[0-0],21.439999999999998,0.006267262205952494,False
all_reduce,4gpu,4,4096,oop,e_op_dyn_j,Tree/Simple,TREE/SIMPLE[0-0],37.779999999999994,0.010798312336441088,False
all_reduce,4gpu,4,4096,oop,e_op_dyn_j,Tree/auto,TREE/LL[0-0],14.146666666666667,0.0040338836567959295,False
all_reduce,4gpu,4,4096,oop,e_op_dyn_j,auto/LL,RING/LL[0-0],11.923333333333334,0.0033860104628290065,True
all_reduce,4gpu,4,4096,oop,e_op_dyn_j,auto/LL128,TREE/LL128[0-0],21.423333333333332,0.006222322298654417,False
all_reduce,4gpu,4,4096,oop,e_op_dyn_j,auto/Simple,TREE/SIMPLE[0-0],37.779999999999994,0.010843527948793794,False
all_reduce,4gpu,4,4096,oop,e_op_dyn_j,auto/auto,RING/LL[0-0],11.87,0.0034004067068412534,True
all_reduce,4gpu,4,8192,ip,e_op_j,Ring/LL,RING/LL[0-0],12.64,0.004998363923357874,False
all_reduce,4gpu,4,8192,ip,e_op_j,Ring/LL128,RING/LL128[0-0],34.74666666666666,0.013639928557043069,False
all_reduce,4gpu,4,8192,ip,e_op_j,Ring/Simple,RING/SIMPLE[0-0],41.800000000000004,0.01644785097383684,False
all_reduce,4gpu,4,8192,ip,e_op_j,Ring/auto,RING/LL[0-0],12.623333333333333,0.004962731811697575,True
all_reduce,4gpu,4,8192,ip,e_op_j,Tree/LL,TREE/LL[0-1],15.053333333333333,0.006023235885133479,False
all_reduce,4gpu,4,8192,ip,e_op_j,Tree/LL128,TREE/LL128[0-0],21.976666666666663,0.008788306915921541,False
all_reduce,4gpu,4,8192,ip,e_op_j,Tree/Simple,TREE/SIMPLE[0-0],39.02,0.015414620674910022,False
all_reduce,4gpu,4,8192,ip,e_op_j,Tree/auto,TREE/LL[0-1],15.066666666666665,0.0060814629011974415,False
all_reduce,4gpu,4,8192,ip,e_op_j,auto/LL,RING/LL[0-0],12.659999999999998,0.004977540109031995,False
all_reduce,4gpu,4,8192,ip,e_op_j,auto/LL128,TREE/LL128[0-0],21.903333333333332,0.008728916087083429,False
all_reduce,4gpu,4,8192,ip,e_op_j,auto/Simple,TREE/SIMPLE[0-0],38.98666666666666,0.015375615705219286,False
all_reduce,4gpu,4,8192,ip,e_op_j,auto/auto,RING/LL[0-0],12.646666666666667,0.004949017490657354,True
all_reduce,4gpu,4,8192,ip,e_op_dyn_j,Ring/LL,RING/LL[0-0],12.64,0.003704586237138018,False
all_reduce,4gpu,4,8192,ip,e_op_dyn_j,Ring/LL128,RING/LL128[0-0],34.74666666666666,0.010084278659320156,False
all_reduce,4gpu,4,8192,ip,e_op_dyn_j,Ring/Simple,RING/SIMPLE[0-0],41.800000000000004,0.012170019521043468,False
all_reduce,4gpu,4,8192,ip,e_op_dyn_j,Ring/auto,RING/LL[0-0],12.623333333333333,0.0036704394981917124,True
all_reduce,4gpu,4,8192,ip,e_op_dyn_j,Tree/LL,TREE/LL[0-1],15.053333333333333,0.004483002473884292,False
all_reduce,4gpu,4,8192,ip,e_op_dyn_j,Tree/LL128,TREE/LL128[0-0],21.976666666666663,0.0065386269822714895,False
all_reduce,4gpu,4,8192,ip,e_op_dyn_j,Tree/Simple,TREE/SIMPLE[0-0],39.02,0.011421351456389964,False
all_reduce,4gpu,4,8192,ip,e_op_dyn_j,Tree/auto,TREE/LL[0-1],15.066666666666665,0.00453953617456073,False
all_reduce,4gpu,4,8192,ip,e_op_dyn_j,auto/LL,RING/LL[0-0],12.659999999999998,0.0036823137687691195,False
all_reduce,4gpu,4,8192,ip,e_op_dyn_j,auto/LL128,TREE/LL128[0-0],21.903333333333332,0.006487761987425344,False
all_reduce,4gpu,4,8192,ip,e_op_dyn_j,auto/Simple,TREE/SIMPLE[0-0],38.98666666666666,0.011385864699122698,False
all_reduce,4gpu,4,8192,ip,e_op_dyn_j,auto/auto,RING/LL[0-0],12.646666666666667,0.0036545398888372447,True
all_reduce,4gpu,4,8192,oop,e_op_j,Ring/LL,RING/LL[0-0],12.663333333333332,0.0049322468401829635,True
all_reduce,4gpu,4,8192,oop,e_op_j,Ring/LL128,RING/LL128[0-0],34.85999999999999,0.013816256982648054,False
all_reduce,4gpu,4,8192,oop,e_op_j,Ring/Simple,RING/SIMPLE[0-0],41.946666666666665,0.01615423726667173,False
all_reduce,4gpu,4,8192,oop,e_op_j,Ring/auto,RING/LL[0-0],12.65333333333333,0.004940066418173731,True
all_reduce,4gpu,4,8192,oop,e_op_j,Tree/LL,TREE/LL[0-1],15.08333333333333,0.005907297044017808,False
all_reduce,4gpu,4,8192,oop,e_op_j,Tree/LL128,TREE/LL128[0-0],22.026666666666667,0.008701848718179786,False
all_reduce,4gpu,4,8192,oop,e_op_j,Tree/Simple,TREE/SIMPLE[0-0],39.11333333333334,0.015265563197092255,False
all_reduce,4gpu,4,8192,oop,e_op_j,Tree/auto,TREE/LL[0-1],15.096666666666666,0.006006928117083129,False
all_reduce,4gpu,4,8192,oop,e_op_j,auto/LL,RING/LL[0-0],12.683333333333332,0.004936922481479537,False
all_reduce,4gpu,4,8192,oop,e_op_j,auto/LL128,TREE/LL128[0-0],21.97,0.00870800076494922,False
all_reduce,4gpu,4,8192,oop,e_op_j,auto/Simple,TREE/SIMPLE[0-0],39.06666666666666,0.015093320782419248,False
all_reduce,4gpu,4,8192,oop,e_op_j,auto/auto,RING/LL[0-0],12.67,0.004924812764197758,True
all_reduce,4gpu,4,8192,oop,e_op_dyn_j,Ring/LL,RING/LL[0-0],12.663333333333332,0.0036236176570219308,True
all_reduce,4gpu,4,8192,oop,e_op_dyn_j,Ring/LL128,RING/LL128[0-0],34.85999999999999,0.010205284717879666,False
all_reduce,4gpu,4,8192,oop,e_op_dyn_j,Ring/Simple,RING/SIMPLE[0-0],41.946666666666665,0.011818830113945458,False
all_reduce,4gpu,4,8192,oop,e_op_dyn_j,Ring/auto,RING/LL[0-0],12.65333333333333,0.003632700500980627,True
all_reduce,4gpu,4,8192,oop,e_op_dyn_j,Tree/LL,TREE/LL[0-1],15.08333333333333,0.00434906019087221,False
all_reduce,4gpu,4,8192,oop,e_op_dyn_j,Tree/LL128,TREE/LL128[0-0],22.026666666666667,0.0064253373516510075,False
all_reduce,4gpu,4,8192,oop,e_op_dyn_j,Tree/Simple,TREE/SIMPLE[0-0],39.11333333333334,0.011220160114675042,False
all_reduce,4gpu,4,8192,oop,e_op_dyn_j,Tree/auto,TREE/LL[0-1],15.096666666666666,0.00444740321809224,False
all_reduce,4gpu,4,8192,oop,e_op_dyn_j,auto/LL,RING/LL[0-0],12.683333333333332,0.003626127553771115,False
all_reduce,4gpu,4,8192,oop,e_op_dyn_j,auto/LL128,TREE/LL128[0-0],21.97,0.0064338525988322385,False
all_reduce,4gpu,4,8192,oop,e_op_dyn_j,auto/Simple,TREE/SIMPLE[0-0],39.06666666666666,0.011049736058211017,False
all_reduce,4gpu,4,8192,oop,e_op_dyn_j,auto/auto,RING/LL[0-0],12.67,0.0036167423568827933,True
all_reduce,4gpu,4,16384,ip,e_op_j,Ring/LL,RING/LL[0-0],14.483333333333333,0.005739750032855058,False
all_reduce,4gpu,4,16384,ip,e_op_j,Ring/LL128,RING/LL128[0-1],35.269999999999996,0.014285239340240794,False
all_reduce,4gpu,4,16384,ip,e_op_j,Ring/Simple,RING/SIMPLE[0-0],50.46333333333333,0.019918724468020243,False
all_reduce,4gpu,4,16384,ip,e_op_j,Ring/auto,RING/LL[0-0],14.469999999999999,0.0056999196669831305,True
all_reduce,4gpu,4,16384,ip,e_op_j,Tree/LL,TREE/LL[0-3],15.813333333333333,0.006438158696350876,False
all_reduce,4gpu,4,16384,ip,e_op_j,Tree/LL128,TREE/LL128[0-1],23.069999999999997,0.009324327850355247,False
all_reduce,4gpu,4,16384,ip,e_op_j,Tree/Simple,TREE/SIMPLE[0-0],41.21333333333333,0.016222836556985434,False
all_reduce,4gpu,4,16384,ip,e_op_j,Tree/auto,TREE/LL[0-3],15.736666666666665,0.00640520010851407,False
all_reduce,4gpu,4,16384,ip,e_op_j,auto/LL,RING/LL[0-0],14.506666666666668,0.00575836580955985,False
all_reduce,4gpu,4,16384,ip,e_op_j,auto/LL128,TREE/LL128[0-1],23.179999999999996,0.009469781620427413,False
all_reduce,4gpu,4,16384,ip,e_op_j,auto/Simple,TREE/SIMPLE[0-0],41.18,0.016214337114521596,False
all_reduce,4gpu,4,16384,ip,e_op_j,auto/auto,RING/LL[0-0],14.51,0.005699950071607826,False
all_reduce,4gpu,4,16384,ip,e_op_dyn_j,Ring/LL,RING/LL[0-0],14.483333333333333,0.00425783579677829,False
all_reduce,4gpu,4,16384,ip,e_op_dyn_j,Ring/LL128,RING/LL128[0-1],35.269999999999996,0.010675325257185557,False
all_reduce,4gpu,4,16384,ip,e_op_dyn_j,Ring/Simple,RING/SIMPLE[0-0],50.46333333333333,0.014754210051621197,False
all_reduce,4gpu,4,16384,ip,e_op_dyn_j,Ring/auto,RING/LL[0-0],14.469999999999999,0.004219117164715225,True
all_reduce,4gpu,4,16384,ip,e_op_dyn_j,Tree/LL,TREE/LL[0-3],15.813333333333333,0.004819503467256607,False
all_reduce,4gpu,4,16384,ip,e_op_dyn_j,Tree/LL128,TREE/LL128[0-1],23.069999999999997,0.00696328593894619,False
all_reduce,4gpu,4,16384,ip,e_op_dyn_j,Tree/Simple,TREE/SIMPLE[0-0],41.21333333333333,0.012004614053376083,False
all_reduce,4gpu,4,16384,ip,e_op_dyn_j,Tree/auto,TREE/LL[0-3],15.736666666666665,0.004794691105956896,False
all_reduce,4gpu,4,16384,ip,e_op_dyn_j,auto/LL,RING/LL[0-0],14.506666666666668,0.004274050526257525,False
all_reduce,4gpu,4,16384,ip,e_op_dyn_j,auto/LL128,TREE/LL128[0-1],23.179999999999996,0.007096462058795906,False
all_reduce,4gpu,4,16384,ip,e_op_dyn_j,auto/Simple,TREE/SIMPLE[0-0],41.18,0.011999158709907245,False
all_reduce,4gpu,4,16384,ip,e_op_dyn_j,auto/auto,RING/LL[0-0],14.51,0.0042147959323717,True
all_reduce,4gpu,4,16384,oop,e_op_j,Ring/LL,RING/LL[0-0],14.513333333333334,0.005686013555335826,True
all_reduce,4gpu,4,16384,oop,e_op_j,Ring/LL128,RING/LL128[0-1],35.36333333333334,0.014020523331504255,False
all_reduce,4gpu,4,16384,oop,e_op_j,Ring/Simple,RING/SIMPLE[0-0],50.50333333333333,0.019993704652155355,False
all_reduce,4gpu,4,16384,oop,e_op_j,Ring/auto,RING/LL[0-0],14.49,0.005702832015473512,True
all_reduce,4gpu,4,16384,oop,e_op_j,Tree/LL,TREE/LL[0-3],15.87,0.006433498352209765,False
all_reduce,4gpu,4,16384,oop,e_op_j,Tree/LL128,TREE/LL128[0-1],23.106666666666666,0.00926866240016925,False
all_reduce,4gpu,4,16384,oop,e_op_j,Tree/Simple,TREE/SIMPLE[0-0],41.306666666666665,0.016181866635842902,False
all_reduce,4gpu,4,16384,oop,e_op_j,Tree/auto,TREE/LL[0-3],15.776666666666666,0.006320773305538502,False
all_reduce,4gpu,4,16384,oop,e_op_j,auto/LL,RING/LL[0-0],14.513333333333335,0.005667394753789263,True
all_reduce,4gpu,4,16384,oop,e_op_j,auto/LL128,TREE/LL128[0-1],23.263333333333332,0.009349998583790061,False
all_reduce,4gpu,4,16384,oop,e_op_j,auto/Simple,TREE/SIMPLE[0-0],41.309999999999995,0.0160515955567767,False
all_reduce,4gpu,4,16384,oop,e_op_j,auto/auto,RING/LL[0-0],14.546666666666667,0.00571119271921411,False
all_reduce,4gpu,4,16384,oop,e_op_dyn_j,Ring/LL,RING/LL[0-0],14.513333333333334,0.004187037680578359,True
all_reduce,4gpu,4,16384,oop,e_op_dyn_j,Ring/LL128,RING/LL128[0-1],35.36333333333334,0.010366874721941413,False
all_reduce,4gpu,4,16384,oop,e_op_dyn_j,Ring/Simple,RING/SIMPLE[0-0],50.50333333333333,0.014776125603032403,False
all_reduce,4gpu,4,16384,oop,e_op_dyn_j,Ring/auto,RING/LL[0-0],14.49,0.004204411408963725,True
all_reduce,4gpu,4,16384,oop,e_op_dyn_j,Tree/LL,TREE/LL[0-3],15.87,0.004793170602684529,False
all_reduce,4gpu,4,16384,oop,e_op_dyn_j,Tree/LL128,TREE/LL128[0-1],23.106666666666666,0.006876301820460344,False
all_reduce,4gpu,4,16384,oop,e_op_dyn_j,Tree/Simple,TREE/SIMPLE[0-0],41.306666666666665,0.011911138403572961,False
all_reduce,4gpu,4,16384,oop,e_op_dyn_j,Tree/auto,TREE/LL[0-3],15.776666666666666,0.004688872579624195,False
all_reduce,4gpu,4,16384,oop,e_op_dyn_j,auto/LL,RING/LL[0-0],14.513333333333335,0.004168379143563726,True
all_reduce,4gpu,4,16384,oop,e_op_dyn_j,auto/LL128,TREE/LL128[0-1],23.263333333333332,0.006947472107824144,False
all_reduce,4gpu,4,16384,oop,e_op_dyn_j,auto/Simple,TREE/SIMPLE[0-0],41.309999999999995,0.011782947370401859,False
all_reduce,4gpu,4,16384,oop,e_op_dyn_j,auto/auto,RING/LL[0-0],14.546666666666667,0.0042088073207381645,False
all_reduce,4gpu,4,32768,ip,e_op_j,Ring/LL,RING/LL[0-1],16.69666666666667,0.006711802880863554,True
all_reduce,4gpu,4,32768,ip,e_op_j,Ring/LL128,RING/LL128[0-3],35.94333333333333,0.014757644238435357,False
all_reduce,4gpu,4,32768,ip,e_op_j,Ring/Simple,RING/SIMPLE[0-0],57.94666666666666,0.02314779959992726,False
all_reduce,4gpu,4,32768,ip,e_op_j,Ring/auto,RING/LL[0-1],16.796666666666663,0.00681918880123979,False
all_reduce,4gpu,4,32768,ip,e_op_j,Tree/LL,TREE/LL[0-7],18.463333333333335,0.0077495246264659146,False
all_reduce,4gpu,4,32768,ip,e_op_j,Tree/LL128,TREE/LL128[0-3],26.156666666666666,0.011008178222337557,False
all_reduce,4gpu,4,32768,ip,e_op_j,Tree/Simple,TREE/SIMPLE[0-0],46.916666666666664,0.018383988770019354,False
all_reduce,4gpu,4,32768,ip,e_op_j,Tree/auto,TREE/LL[0-7],18.883333333333336,0.007825619646013209,False
all_reduce,4gpu,4,32768,ip,e_op_j,auto/LL,RING/LL[0-1],16.77,0.006699651602292213,True
all_reduce,4gpu,4,32768,ip,e_op_j,auto/LL128,TREE/LL128[0-3],26.27,0.011119176755258031,False
all_reduce,4gpu,4,32768,ip,e_op_j,auto/Simple,TREE/SIMPLE[0-0],47.04999999999999,0.018567915151257348,False
all_reduce,4gpu,4,32768,ip,e_op_j,auto/auto,RING/LL[0-1],16.84,0.006719198031202727,False
all_reduce,4gpu,4,32768,ip,e_op_dyn_j,Ring/LL,RING/LL[0-1],16.69666666666667,0.005002710382509179,True
all_reduce,4gpu,4,32768,ip,e_op_dyn_j,Ring/LL128,RING/LL128[0-3],35.94333333333333,0.011079497435263574,False
all_reduce,4gpu,4,32768,ip,e_op_dyn_j,Ring/Simple,RING/SIMPLE[0-0],57.94666666666666,0.017215224781937724,False
all_reduce,4gpu,4,32768,ip,e_op_dyn_j,Ring/auto,RING/LL[0-1],16.796666666666663,0.0050994655067141265,False
all_reduce,4gpu,4,32768,ip,e_op_dyn_j,Tree/LL,TREE/LL[0-7],18.463333333333335,0.005860274842948189,False
all_reduce,4gpu,4,32768,ip,e_op_dyn_j,Tree/LL128,TREE/LL128[0-3],26.156666666666666,0.008331686488457358,False
all_reduce,4gpu,4,32768,ip,e_op_dyn_j,Tree/Simple,TREE/SIMPLE[0-0],46.916666666666664,0.01358233837191404,False
all_reduce,4gpu,4,32768,ip,e_op_dyn_j,Tree/auto,TREE/LL[0-7],18.883333333333336,0.005893613845792146,False
all_reduce,4gpu,4,32768,ip,e_op_dyn_j,auto/LL,RING/LL[0-1],16.77,0.004983617715987684,True
all_reduce,4gpu,4,32768,ip,e_op_dyn_j,auto/LL128,TREE/LL128[0-3],26.27,0.008431336735312635,False
all_reduce,4gpu,4,32768,ip,e_op_dyn_j,auto/Simple,TREE/SIMPLE[0-0],47.04999999999999,0.013752791103956635,False
all_reduce,4gpu,4,32768,ip,e_op_dyn_j,auto/auto,RING/LL[0-1],16.84,0.004995887836781439,False
all_reduce,4gpu,4,32768,oop,e_op_j,Ring/LL,RING/LL[0-1],16.69333333333333,0.006671341398945731,True
all_reduce,4gpu,4,32768,oop,e_op_j,Ring/LL128,RING/LL128[0-3],36.026666666666664,0.014936113356316909,False
all_reduce,4gpu,4,32768,oop,e_op_j,Ring/Simple,RING/SIMPLE[0-0],58.15,0.022495817421349335,False
all_reduce,4gpu,4,32768,oop,e_op_j,Ring/auto,RING/LL[0-1],16.80333333333333,0.006626970516875628,True
all_reduce,4gpu,4,32768,oop,e_op_j,Tree/LL,TREE/LL[0-7],18.496666666666666,0.007692088585488842,False
all_reduce,4gpu,4,32768,oop,e_op_j,Tree/LL128,TREE/LL128[0-3],26.179999999999996,0.010833494538677485,False
all_reduce,4gpu,4,32768,oop,e_op_j,Tree/Simple,TREE/SIMPLE[0-0],47.00666666666666,0.018441790558025112,False
all_reduce,4gpu,4,32768,oop,e_op_j,Tree/auto,TREE/LL[0-7],18.863333333333333,0.00790886771019199,False
all_reduce,4gpu,4,32768,oop,e_op_j,auto/LL,RING/LL[0-1],16.756666666666664,0.006689331973985613,False
all_reduce,4gpu,4,32768,oop,e_op_j,auto/LL128,TREE/LL128[0-3],26.269999999999996,0.010815091513033793,False
all_reduce,4gpu,4,32768,oop,e_op_j,auto/Simple,TREE/SIMPLE[0-0],47.15333333333333,0.01844237899766751,False
all_reduce,4gpu,4,32768,oop,e_op_j,auto/auto,RING/LL[0-1],16.906666666666666,0.006746931280245046,False
all_reduce,4gpu,4,32768,oop,e_op_dyn_j,Ring/LL,RING/LL[0-1],16.69333333333333,0.004945175592446004,True
all_reduce,4gpu,4,32768,oop,e_op_dyn_j,Ring/LL128,RING/LL128[0-3],36.026666666666664,0.01120936449796992,False
all_reduce,4gpu,4,32768,oop,e_op_dyn_j,Ring/Simple,RING/SIMPLE[0-0],58.15,0.016478408648658613,False
all_reduce,4gpu,4,32768,oop,e_op_dyn_j,Ring/auto,RING/LL[0-1],16.80333333333333,0.004892883168634008,True
all_reduce,4gpu,4,32768,oop,e_op_dyn_j,Tree/LL,TREE/LL[0-7],18.496666666666666,0.005783943318598645,False
all_reduce,4gpu,4,32768,oop,e_op_dyn_j,Tree/LL128,TREE/LL128[0-3],26.179999999999996,0.008127490257539468,False
all_reduce,4gpu,4,32768,oop,e_op_dyn_j,Tree/Simple,TREE/SIMPLE[0-0],47.00666666666666,0.013584305938136526,False
all_reduce,4gpu,4,32768,oop,e_op_dyn_j,Tree/auto,TREE/LL[0-7],18.863333333333333,0.005961393644640348,False
all_reduce,4gpu,4,32768,oop,e_op_dyn_j,auto/LL,RING/LL[0-1],16.756666666666664,0.004958708669046164,False
all_reduce,4gpu,4,32768,oop,e_op_dyn_j,auto/LL128,TREE/LL128[0-3],26.269999999999996,0.00810124857795518,False
all_reduce,4gpu,4,32768,oop,e_op_dyn_j,auto/Simple,TREE/SIMPLE[0-0],47.15333333333333,0.013572379229234441,False
all_reduce,4gpu,4,32768,oop,e_op_dyn_j,auto/auto,RING/LL[0-1],16.906666666666666,0.0050024839290575725,False
all_reduce,4gpu,4,65536,ip,e_op_j,Ring/LL,RING/LL[0-3],24.27333333333333,0.009901491500984343,True
all_reduce,4gpu,4,65536,ip,e_op_j,Ring/LL128,RING/LL128[0-7],43.09,0.019625980251174385,False
all_reduce,4gpu,4,65536,ip,e_op_j,Ring/Simple,RING/SIMPLE[0-1],59.04666666666666,0.02347132472449946,False
all_reduce,4gpu,4,65536,ip,e_op_j,Ring/auto,RING/LL[0-3],24.546666666666667,0.010060257961500264,False
all_reduce,4gpu,4,65536,ip,e_op_j,Tree/LL,TREE/LL[0-7],25.046666666666667,0.010661839632296841,False
all_reduce,4gpu,4,65536,ip,e_op_j,Tree/LL128,TREE/LL128[0-7],33.28,0.015209193543272126,False
all_reduce,4gpu,4,65536,ip,e_op_j,Tree/Simple,TREE/SIMPLE[0-1],47.42666666666667,0.018855745286374955,False
all_reduce,4gpu,4,65536,ip,e_op_j,Tree/auto,TREE/LL[0-7],25.013333333333332,0.010642512774938903,False
all_reduce,4gpu,4,65536,ip,e_op_j,auto/LL,RING/LL[0-3],25.503333333333334,0.010439043941543866,False
all_reduce,4gpu,4,65536,ip,e_op_j,auto/LL128,TREE/LL128[0-7],33.38333333333333,0.015468238298010908,False
all_reduce,4gpu,4,65536,ip,e_op_j,auto/Simple,TREE/SIMPLE[0-1],47.413333333333334,0.01881354855744186,False
all_reduce,4gpu,4,65536,ip,e_op_j,auto/auto,RING/LL[0-3],24.78333333333333,0.01015290998871228,False
all_reduce,4gpu,4,65536,ip,e_op_dyn_j,Ring/LL,RING/LL[0-3],24.27333333333333,0.0074162668021683946,True
all_reduce,4gpu,4,65536,ip,e_op_dyn_j,Ring/LL128,RING/LL128[0-7],43.09,0.015214290059851135,False
all_reduce,4gpu,4,65536,ip,e_op_dyn_j,Ring/Simple,RING/SIMPLE[0-1],59.04666666666666,0.017428415519265435,False
all_reduce,4gpu,4,65536,ip,e_op_dyn_j,Ring/auto,RING/LL[0-3],24.546666666666667,0.00754774995295517,False
all_reduce,4gpu,4,65536,ip,e_op_dyn_j,Tree/LL,TREE/LL[0-7],25.046666666666667,0.00809929068718458,False
all_reduce,4gpu,4,65536,ip,e_op_dyn_j,Tree/LL128,TREE/LL128[0-7],33.28,0.011801308099846704,False
all_reduce,4gpu,4,65536,ip,e_op_dyn_j,Tree/Simple,TREE/SIMPLE[0-1],47.42666666666667,0.014002015563546725,False
all_reduce,4gpu,4,65536,ip,e_op_dyn_j,Tree/auto,TREE/LL[0-7],25.013333333333332,0.008081947211845814,False
all_reduce,4gpu,4,65536,ip,e_op_dyn_j,auto/LL,RING/LL[0-3],25.503333333333334,0.007828367798952747,False
all_reduce,4gpu,4,65536,ip,e_op_dyn_j,auto/LL128,TREE/LL128[0-7],33.38333333333333,0.012050699315963568,False
all_reduce,4gpu,4,65536,ip,e_op_dyn_j,auto/Simple,TREE/SIMPLE[0-1],47.413333333333334,0.013961168482067932,False
all_reduce,4gpu,4,65536,ip,e_op_dyn_j,auto/auto,RING/LL[0-3],24.78333333333333,0.007615379413075729,False
all_reduce,4gpu,4,65536,oop,e_op_j,Ring/LL,RING/LL[0-3],24.39,0.009856639502399163,True
all_reduce,4gpu,4,65536,oop,e_op_j,Ring/LL128,RING/LL128[0-7],43.04666666666666,0.018898788866519668,False
all_reduce,4gpu,4,65536,oop,e_op_j,Ring/Simple,RING/SIMPLE[0-1],59.19333333333333,0.02337588633481577,False
all_reduce,4gpu,4,65536,oop,e_op_j,Ring/auto,RING/LL[0-3],24.646666666666665,0.00992718990549131,False
all_reduce,4gpu,4,65536,oop,e_op_j,Tree/LL,TREE/LL[0-7],25.126666666666665,0.010485706842330524,False
all_reduce,4gpu,4,65536,oop,e_op_j,Tree/LL128,TREE/LL128[0-7],33.33,0.01496179663632808,False
all_reduce,4gpu,4,65536,oop,e_op_j,Tree/Simple,TREE/SIMPLE[0-1],47.589999999999996,0.01867827285663465,False
all_reduce,4gpu,4,65536,oop,e_op_j,Tree/auto,TREE/LL[0-7],25.02333333333333,0.010446734059097977,False
all_reduce,4gpu,4,65536,oop,e_op_j,auto/LL,RING/LL[0-3],25.486666666666665,0.010280660920965861,False
all_reduce,4gpu,4,65536,oop,e_op_j,auto/LL128,TREE/LL128[0-7],33.42333333333334,0.01509064698595533,False
all_reduce,4gpu,4,65536,oop,e_op_j,auto/Simple,TREE/SIMPLE[0-1],47.51333333333333,0.018496107269522524,False
all_reduce,4gpu,4,65536,oop,e_op_j,auto/auto,RING/LL[0-3],24.833333333333332,0.01002321887512547,False
all_reduce,4gpu,4,65536,oop,e_op_dyn_j,Ring/LL,RING/LL[0-3],24.39,0.007338810125097844,True
all_reduce,4gpu,4,65536,oop,e_op_dyn_j,Ring/LL128,RING/LL128[0-7],43.04666666666666,0.014450732407212612,False
all_reduce,4gpu,4,65536,oop,e_op_dyn_j,Ring/Simple,RING/SIMPLE[0-1],59.19333333333333,0.017251966614531,False
all_reduce,4gpu,4,65536,oop,e_op_dyn_j,Ring/auto,RING/LL[0-3],24.646666666666665,0.007382635557684081,False
all_reduce,4gpu,4,65536,oop,e_op_dyn_j,Tree/LL,TREE/LL[0-7],25.126666666666665,0.007892353964939541,False
all_reduce,4gpu,4,65536,oop,e_op_dyn_j,Tree/LL128,TREE/LL128[0-7],33.33,0.011517311902347031,False
all_reduce,4gpu,4,65536,oop,e_op_dyn_j,Tree/Simple,TREE/SIMPLE[0-1],47.589999999999996,0.013756620479488287,False
all_reduce,4gpu,4,65536,oop,e_op_dyn_j,Tree/auto,TREE/LL[0-7],25.02333333333333,0.007862318427995781,False
all_reduce,4gpu,4,65536,oop,e_op_dyn_j,auto/LL,RING/LL[0-3],25.486666666666665,0.0076512084437783704,False
all_reduce,4gpu,4,65536,oop,e_op_dyn_j,auto/LL128,TREE/LL128[0-7],33.42333333333334,0.011640216680708271,False
all_reduce,4gpu,4,65536,oop,e_op_dyn_j,auto/Simple,TREE/SIMPLE[0-1],47.51333333333333,0.013584154085021505,False
all_reduce,4gpu,4,65536,oop,e_op_dyn_j,auto/auto,RING/LL[0-3],24.833333333333332,0.007463954508510725,False
all_reduce,4gpu,4,131072,ip,e_op_j,Ring/LL,RING/LL[0-7],44.66,0.0188559073898121,False
all_reduce,4gpu,4,131072,ip,e_op_j,Ring/LL128,RING/LL128[0-7],54.51,0.024321648987463834,False
all_reduce,4gpu,4,131072,ip,e_op_j,Ring/Simple,RING/SIMPLE[0-3],61.98,0.02517739534545983,False
all_reduce,4gpu,4,131072,ip,e_op_j,Ring/auto,RING/LL[0-7],43.836666666666666,0.01854884837040971,False
all_reduce,4gpu,4,131072,ip,e_op_j,Tree/LL,TREE/LL[0-7],37.453333333333326,0.016164465190747598,True
all_reduce,4gpu,4,131072,ip,e_op_j,Tree/LL128,TREE/LL128[0-7],42.266666666666666,0.01953796104953347,False
all_reduce,4gpu,4,131072,ip,e_op_j,Tree/Simple,TREE/SIMPLE[0-3],48.99,0.019605296140841787,False
all_reduce,4gpu,4,131072,ip,e_op_j,Tree/auto,TREE/SIMPLE[0-3],49.01333333333332,0.019904754487464763,False
all_reduce,4gpu,4,131072,ip,e_op_j,auto/LL,RING/LL[0-7],44.163333333333334,0.01861932719125109,False
all_reduce,4gpu,4,131072,ip,e_op_j,auto/LL128,TREE/LL128[0-7],42.663333333333334,0.01933151502209798,False
all_reduce,4gpu,4,131072,ip,e_op_j,auto/Simple,TREE/SIMPLE[0-3],48.86333333333332,0.01986177054040503,False
all_reduce,4gpu,4,131072,ip,e_op_j,auto/auto,RING/LL[0-7],44.559999999999995,0.018936663476874,False
all_reduce,4gpu,4,131072,ip,e_op_dyn_j,Ring/LL,RING/LL[0-7],44.66,0.01428748633537012,False
all_reduce,4gpu,4,131072,ip,e_op_dyn_j,Ring/LL128,RING/LL128[0-7],54.51,0.018745492728965963,False
all_reduce,4gpu,4,131072,ip,e_op_dyn_j,Ring/Simple,RING/SIMPLE[0-3],61.98,0.01883451851574176,False
all_reduce,4gpu,4,131072,ip,e_op_dyn_j,Ring/auto,RING/LL[0-7],43.836666666666666,0.014059665224095713,False
all_reduce,4gpu,4,131072,ip,e_op_dyn_j,Tree/LL,TREE/LL[0-7],37.453333333333326,0.012329294108936809,True
all_reduce,4gpu,4,131072,ip,e_op_dyn_j,Tree/LL128,TREE/LL128[0-7],42.266666666666666,0.015212957052193818,False
all_reduce,4gpu,4,131072,ip,e_op_dyn_j,Tree/Simple,TREE/SIMPLE[0-3],48.99,0.014589162679292394,False
all_reduce,4gpu,4,131072,ip,e_op_dyn_j,Tree/auto,TREE/SIMPLE[0-3],49.01333333333332,0.01488820573823804,False
all_reduce,4gpu,4,131072,ip,e_op_dyn_j,auto/LL,RING/LL[0-7],44.163333333333334,0.014097805642053768,False
all_reduce,4gpu,4,131072,ip,e_op_dyn_j,auto/LL128,TREE/LL128[0-7],42.663333333333334,0.014964925121682607,False
all_reduce,4gpu,4,131072,ip,e_op_dyn_j,auto/Simple,TREE/SIMPLE[0-3],48.86333333333332,0.014861804288085444,False
all_reduce,4gpu,4,131072,ip,e_op_dyn_j,auto/auto,RING/LL[0-7],44.559999999999995,0.014379449861053285,False
all_reduce,4gpu,4,131072,oop,e_op_j,Ring/LL,RING/LL[0-7],44.91666666666666,0.01857797340882796,False
all_reduce,4gpu,4,131072,oop,e_op_j,Ring/LL128,RING/LL128[0-7],54.59666666666666,0.02433694149791064,False
all_reduce,4gpu,4,131072,oop,e_op_j,Ring/Simple,RING/SIMPLE[0-3],62.04333333333333,0.02514883091892677,False
all_reduce,4gpu,4,131072,oop,e_op_j,Ring/auto,RING/LL[0-7],43.79333333333333,0.018236764291287216,False
all_reduce,4gpu,4,131072,oop,e_op_j,Tree/LL,TREE/LL[0-7],37.50666666666667,0.016046290188915385,True
all_reduce,4gpu,4,131072,oop,e_op_j,Tree/LL128,TREE/LL128[0-7],42.39,0.019297589078840254,False
all_reduce,4gpu,4,131072,oop,e_op_j,Tree/Simple,TREE/SIMPLE[0-3],49.10333333333333,0.019873367727643698,False
all_reduce,4gpu,4,131072,oop,e_op_j,Tree/auto,TREE/SIMPLE[0-3],49.04333333333333,0.019802581219403648,False
all_reduce,4gpu,4,131072,oop,e_op_j,auto/LL,RING/LL[0-7],44.21333333333333,0.018637680715006766,False
all_reduce,4gpu,4,131072,oop,e_op_j,auto/LL128,TREE/LL128[0-7],42.65333333333333,0.019455619617054592,False
all_reduce,4gpu,4,131072,oop,e_op_j,auto/Simple,TREE/SIMPLE[0-3],48.906666666666666,0.019446333718454573,False
all_reduce,4gpu,4,131072,oop,e_op_j,auto/auto,RING/LL[0-7],44.61666666666667,0.01849467942583732,False
all_reduce,4gpu,4,131072,oop,e_op_dyn_j,Ring/LL,RING/LL[0-7],44.91666666666666,0.013937076040090967,False
all_reduce,4gpu,4,131072,oop,e_op_dyn_j,Ring/LL128,RING/LL128[0-7],54.59666666666666,0.018695629130583008,False
all_reduce,4gpu,4,131072,oop,e_op_dyn_j,Ring/Simple,RING/SIMPLE[0-3],62.04333333333333,0.018738267957692654,False
all_reduce,4gpu,4,131072,oop,e_op_dyn_j,Ring/auto,RING/LL[0-7],43.79333333333333,0.013706986296307275,False
all_reduce,4gpu,4,131072,oop,e_op_dyn_j,Tree/LL,TREE/LL[0-7],37.50666666666667,0.012178555652404914,True
all_reduce,4gpu,4,131072,oop,e_op_dyn_j,Tree/LL128,TREE/LL128[0-7],42.39,0.014927126987538947,False
all_reduce,4gpu,4,131072,oop,e_op_dyn_j,Tree/Simple,TREE/SIMPLE[0-3],49.10333333333333,0.014800018522136383,False
all_reduce,4gpu,4,131072,oop,e_op_dyn_j,Tree/auto,TREE/SIMPLE[0-3],49.04333333333333,0.014732012913207785,False
all_reduce,4gpu,4,131072,oop,e_op_dyn_j,auto/LL,RING/LL[0-7],44.21333333333333,0.01407907607662271,False
all_reduce,4gpu,4,131072,oop,e_op_dyn_j,auto/LL128,TREE/LL128[0-7],42.65333333333333,0.015053760219343236,False
all_reduce,4gpu,4,131072,oop,e_op_dyn_j,auto/Simple,TREE/SIMPLE[0-3],48.906666666666666,0.014394314874790233,False
all_reduce,4gpu,4,131072,oop,e_op_dyn_j,auto/auto,RING/LL[0-7],44.61666666666667,0.013896860706711511,False
all_reduce,4gpu,4,262144,ip,e_op_j,Ring/LL,RING/LL[0-7],83.75,0.03546809151839529,False
all_reduce,4gpu,4,262144,ip,e_op_j,Ring/LL128,RING/LL128[0-7],79.87666666666667,0.0362018204074707,False
all_reduce,4gpu,4,262144,ip,e_op_j,Ring/Simple,RING/SIMPLE[0-7],75.67999999999999,0.03202956456654779,False
all_reduce,4gpu,4,262144,ip,e_op_j,Ring/auto,RING/LL[0-7],86.99666666666667,0.037230815870248964,False
all_reduce,4gpu,4,262144,ip,e_op_j,Tree/LL,TREE/LL[0-7],64.61666666666666,0.02888046113084165,False
all_reduce,4gpu,4,262144,ip,e_op_j,Tree/LL128,TREE/LL128[0-7],62.406666666666666,0.02870923960010552,False
all_reduce,4gpu,4,262144,ip,e_op_j,Tree/Simple,TREE/SIMPLE[0-7],56.89666666666667,0.024545545969406658,True
all_reduce,4gpu,4,262144,ip,e_op_j,Tree/auto,TREE/SIMPLE[0-7],56.79333333333333,0.02484510264765059,True
all_reduce,4gpu,4,262144,ip,e_op_j,auto/LL,RING/LL[0-7],84.58333333333331,0.03629961366352217,False
all_reduce,4gpu,4,262144,ip,e_op_j,auto/LL128,RING/LL128[0-7],74.91666666666664,0.03387392497100405,False
all_reduce,4gpu,4,262144,ip,e_op_j,auto/Simple,TREE/SIMPLE[0-7],56.97666666666666,0.024651632324700263,False
all_reduce,4gpu,4,262144,ip,e_op_j,auto/auto,RING/LL[0-7],89.47666666666667,0.038211435422833374,False
all_reduce,4gpu,4,262144,ip,e_op_dyn_j,Ring/LL,RING/LL[0-7],83.75,0.026901932234224536,False
all_reduce,4gpu,4,262144,ip,e_op_dyn_j,Ring/LL128,RING/LL128[0-7],79.87666666666667,0.028030704397006074,False
all_reduce,4gpu,4,262144,ip,e_op_dyn_j,Ring/Simple,RING/SIMPLE[0-7],75.67999999999999,0.024279930870721916,False
all_reduce,4gpu,4,262144,ip,e_op_dyn_j,Ring/auto,RING/LL[0-7],86.99666666666667,0.028322250253653328,False
all_reduce,4gpu,4,262144,ip,e_op_dyn_j,Tree/LL,TREE/LL[0-7],64.61666666666666,0.022257388788216478,False
all_reduce,4gpu,4,262144,ip,e_op_dyn_j,Tree/LL128,TREE/LL128[0-7],62.406666666666666,0.02231448973016457,False
all_reduce,4gpu,4,262144,ip,e_op_dyn_j,Tree/Simple,TREE/SIMPLE[0-7],56.89666666666667,0.018719609801605187,True
all_reduce,4gpu,4,262144,ip,e_op_dyn_j,Tree/auto,TREE/SIMPLE[0-7],56.79333333333333,0.019030410794704238,True
all_reduce,4gpu,4,262144,ip,e_op_dyn_j,auto/LL,RING/LL[0-7],84.58333333333331,0.027638066826201846,False
all_reduce,4gpu,4,262144,ip,e_op_dyn_j,auto/LL128,RING/LL128[0-7],74.91666666666664,0.026206626660813293,False
all_reduce,4gpu,4,262144,ip,e_op_dyn_j,auto/Simple,TREE/SIMPLE[0-7],56.97666666666666,0.01882187926472127,False
all_reduce,4gpu,4,262144,ip,e_op_dyn_j,auto/auto,RING/LL[0-7],89.47666666666667,0.029061093283536437,False
all_reduce,4gpu,4,262144,oop,e_op_j,Ring/LL,RING/LL[0-7],84.06333333333333,0.035135589951299485,False
all_reduce,4gpu,4,262144,oop,e_op_j,Ring/LL128,RING/LL128[0-7],80.07333333333334,0.03530740888872729,False
all_reduce,4gpu,4,262144,oop,e_op_j,Ring/Simple,RING/SIMPLE[0-7],75.55,0.03213288645269229,False
all_reduce,4gpu,4,262144,oop,e_op_j,Ring/auto,RING/LL[0-7],86.85333333333334,0.03667219927495042,False
all_reduce,4gpu,4,262144,oop,e_op_j,Tree/LL,TREE/LL[0-7],64.53,0.028251507976774337,False
all_reduce,4gpu,4,262144,oop,e_op_j,Tree/LL128,TREE/LL128[0-7],62.580000000000005,0.028370038843253374,False
all_reduce,4gpu,4,262144,oop,e_op_j,Tree/Simple,TREE/SIMPLE[0-7],57.10666666666666,0.02399598616771644,True
all_reduce,4gpu,4,262144,oop,e_op_j,Tree/auto,TREE/SIMPLE[0-7],56.99666666666666,0.024062229581753112,True
all_reduce,4gpu,4,262144,oop,e_op_j,auto/LL,RING/LL[0-7],84.95666666666666,0.03574049912759925,False
all_reduce,4gpu,4,262144,oop,e_op_j,auto/LL128,RING/LL128[0-7],75.08,0.03329459963632249,False
all_reduce,4gpu,4,262144,oop,e_op_j,auto/Simple,TREE/SIMPLE[0-7],57.01,0.024183569488417156,False
all_reduce,4gpu,4,262144,oop,e_op_j,auto/auto,RING/LL[0-7],89.55,0.03758464785741941,False
all_reduce,4gpu,4,262144,oop,e_op_dyn_j,Ring/LL,RING/LL[0-7],84.06333333333333,0.02644112346410493,False
all_reduce,4gpu,4,262144,oop,e_op_dyn_j,Ring/LL128,RING/LL128[0-7],80.07333333333334,0.027047540362255176,False
all_reduce,4gpu,4,262144,oop,e_op_dyn_j,Ring/Simple,RING/SIMPLE[0-7],75.55,0.024331071655018886,False
all_reduce,4gpu,4,262144,oop,e_op_dyn_j,Ring/auto,RING/LL[0-7],86.85333333333334,0.027706869831944394,False
all_reduce,4gpu,4,262144,oop,e_op_dyn_j,Tree/LL,TREE/LL[0-7],64.53,0.021596517199227377,False
all_reduce,4gpu,4,262144,oop,e_op_dyn_j,Tree/LL128,TREE/LL128[0-7],62.580000000000005,0.021911743616582092,False
all_reduce,4gpu,4,262144,oop,e_op_dyn_j,Tree/Simple,TREE/SIMPLE[0-7],57.10666666666666,0.018098449402271812,True
all_reduce,4gpu,4,262144,oop,e_op_dyn_j,Tree/auto,TREE/SIMPLE[0-7],56.99666666666666,0.018180073786961255,True
all_reduce,4gpu,4,262144,oop,e_op_dyn_j,auto/LL,RING/LL[0-7],84.95666666666666,0.02698806143599067,False
all_reduce,4gpu,4,262144,oop,e_op_dyn_j,auto/LL128,RING/LL128[0-7],75.08,0.025552012861941618,False
all_reduce,4gpu,4,262144,oop,e_op_dyn_j,auto/Simple,TREE/SIMPLE[0-7],57.01,0.018292593561227276,False
all_reduce,4gpu,4,262144,oop,e_op_dyn_j,auto/auto,RING/LL[0-7],89.55,0.028346435205193934,False
all_reduce,4gpu,4,524288,ip,e_op_j,Ring/LL,RING/LL[0-7],172.03666666666663,0.07274693066496345,False
all_reduce,4gpu,4,524288,ip,e_op_j,Ring/LL128,RING/LL128[0-7],133.08333333333334,0.060262386278032105,False
all_reduce,4gpu,4,524288,ip,e_op_j,Ring/Simple,RING/SIMPLE[0-7],107.60666666666667,0.045608955223880594,False
all_reduce,4gpu,4,524288,ip,e_op_j,Ring/auto,RING/LL[0-7],168.9933333333333,0.07263006726695416,False
all_reduce,4gpu,4,524288,ip,e_op_j,Tree/LL,TREE/LL[0-7],116.96333333333331,0.051971128879718,False
all_reduce,4gpu,4,524288,ip,e_op_j,Tree/LL128,TREE/LL128[0-7],98.71666666666665,0.04552051616644918,False
all_reduce,4gpu,4,524288,ip,e_op_j,Tree/Simple,TREE/SIMPLE[0-7],79.98,0.03480312616300707,True
all_reduce,4gpu,4,524288,ip,e_op_j,Tree/auto,TREE/SIMPLE[0-7],80.48333333333333,0.03508757579019122,False
all_reduce,4gpu,4,524288,ip,e_op_j,auto/LL,RING/LL[0-7],164.89666666666668,0.06972378277153557,False
all_reduce,4gpu,4,524288,ip,e_op_j,auto/LL128,RING/LL128[0-7],132.39666666666665,0.06028340626380638,False
all_reduce,4gpu,4,524288,ip,e_op_j,auto/Simple,RING/SIMPLE[0-7],110.63333333333333,0.046725286859666815,False
all_reduce,4gpu,4,524288,ip,e_op_j,auto/auto,RING/LL[0-7],164.98666666666665,0.07111691455438401,False
all_reduce,4gpu,4,524288,ip,e_op_dyn_j,Ring/LL,RING/LL[0-7],172.03666666666663,0.05514761208256653,False
all_reduce,4gpu,4,524288,ip,e_op_dyn_j,Ring/LL128,RING/LL128[0-7],133.08333333333334,0.04663034012197864,False
all_reduce,4gpu,4,524288,ip,e_op_dyn_j,Ring/Simple,RING/SIMPLE[0-7],107.60666666666667,0.03458940064737238,False
all_reduce,4gpu,4,524288,ip,e_op_dyn_j,Ring/auto,RING/LL[0-7],168.9933333333333,0.05534102917378125,False
all_reduce,4gpu,4,524288,ip,e_op_dyn_j,Tree/LL,TREE/LL[0-7],116.96333333333331,0.03998487781301862,False
all_reduce,4gpu,4,524288,ip,e_op_dyn_j,Tree/LL128,TREE/LL128[0-7],98.71666666666665,0.0354150348538695,False
all_reduce,4gpu,4,524288,ip,e_op_dyn_j,Tree/Simple,TREE/SIMPLE[0-7],79.98,0.026613561110206962,True
all_reduce,4gpu,4,524288,ip,e_op_dyn_j,Tree/auto,TREE/SIMPLE[0-7],80.48333333333333,0.026846621909902196,False
all_reduce,4gpu,4,524288,ip,e_op_dyn_j,auto/LL,RING/LL[0-7],164.89666666666668,0.0528547848791312,False
all_reduce,4gpu,4,524288,ip,e_op_dyn_j,auto/LL128,RING/LL128[0-7],132.39666666666665,0.04674001135695297,False
all_reduce,4gpu,4,524288,ip,e_op_dyn_j,auto/Simple,RING/SIMPLE[0-7],110.63333333333333,0.03539913740547591,False
all_reduce,4gpu,4,524288,ip,e_op_dyn_j,auto/auto,RING/LL[0-7],164.98666666666665,0.05419603291306387,False
all_reduce,4gpu,4,524288,oop,e_op_j,Ring/LL,RING/LL[0-7],172.05666666666662,0.07213003572019966,False
all_reduce,4gpu,4,524288,oop,e_op_j,Ring/LL128,RING/LL128[0-7],133.0666666666667,0.059960112804465816,False
all_reduce,4gpu,4,524288,oop,e_op_j,Ring/Simple,RING/SIMPLE[0-7],107.82333333333334,0.04540065247532827,False
all_reduce,4gpu,4,524288,oop,e_op_j,Ring/auto,RING/LL[0-7],169.3033333333333,0.07108664691614187,False
all_reduce,4gpu,4,524288,oop,e_op_j,Tree/LL,TREE/LL[0-7],117.22666666666665,0.05166052789957871,False
all_reduce,4gpu,4,524288,oop,e_op_j,Tree/LL128,TREE/LL128[0-7],98.87333333333332,0.044939654922430045,False
all_reduce,4gpu,4,524288,oop,e_op_j,Tree/Simple,TREE/SIMPLE[0-7],80.27,0.03444888971591614,True
all_reduce,4gpu,4,524288,oop,e_op_j,Tree/auto,TREE/SIMPLE[0-7],80.77333333333333,0.03456844736244155,False
all_reduce,4gpu,4,524288,oop,e_op_j,auto/LL,RING/LL[0-7],165.39666666666665,0.06980615513502858,False
all_reduce,4gpu,4,524288,oop,e_op_j,auto/LL128,RING/LL128[0-7],132.41333333333333,0.05884278385828053,False
all_reduce,4gpu,4,524288,oop,e_op_j,auto/Simple,RING/SIMPLE[0-7],110.79666666666667,0.04641383007665595,False
all_reduce,4gpu,4,524288,oop,e_op_j,auto/auto,RING/LL[0-7],165.37666666666667,0.06979095966296579,False
all_reduce,4gpu,4,524288,oop,e_op_dyn_j,Ring/LL,RING/LL[0-7],172.05666666666662,0.054402942443837386,False
all_reduce,4gpu,4,524288,oop,e_op_dyn_j,Ring/LL128,RING/LL128[0-7],133.0666666666667,0.04624554163817061,False
all_reduce,4gpu,4,524288,oop,e_op_dyn_j,Ring/Simple,RING/SIMPLE[0-7],107.82333333333334,0.03426078655361587,False
all_reduce,4gpu,4,524288,oop,e_op_dyn_j,Ring/auto,RING/LL[0-7],169.3033333333333,0.05363036340381128,False
all_reduce,4gpu,4,524288,oop,e_op_dyn_j,Tree/LL,TREE/LL[0-7],117.22666666666665,0.039568838325994164,False
all_reduce,4gpu,4,524288,oop,e_op_dyn_j,Tree/LL128,TREE/LL128[0-7],98.87333333333332,0.03473312194125476,False
all_reduce,4gpu,4,524288,oop,e_op_dyn_j,Tree/Simple,TREE/SIMPLE[0-7],80.27,0.02615532172892678,True
all_reduce,4gpu,4,524288,oop,e_op_dyn_j,Tree/auto,TREE/SIMPLE[0-7],80.77333333333333,0.026225592606336168,False
all_reduce,4gpu,4,524288,oop,e_op_dyn_j,auto/LL,RING/LL[0-7],165.39666666666665,0.05276836766105949,False
all_reduce,4gpu,4,524288,oop,e_op_dyn_j,auto/LL128,RING/LL128[0-7],132.41333333333333,0.04518286773147865,False
all_reduce,4gpu,4,524288,oop,e_op_dyn_j,auto/Simple,RING/SIMPLE[0-7],110.79666666666667,0.03497972050396524,False
all_reduce,4gpu,4,524288,oop,e_op_dyn_j,auto/auto,RING/LL[0-7],165.37666666666667,0.05274010996063072,False
all_reduce,4gpu,4,1048576,ip,e_op_j,Ring/LL,RING/LL[0-7],324.5466666666666,0.13936784008162886,False
all_reduce,4gpu,4,1048576,ip,e_op_j,Ring/LL128,RING/LL128[0-7],256.76,0.11682226648959716,False
all_reduce,4gpu,4,1048576,ip,e_op_j,Ring/Simple,RING/SIMPLE[0-7],180.77333333333334,0.07661369630426883,False
all_reduce,4gpu,4,1048576,ip,e_op_j,Ring/auto,RING/SIMPLE[0-7],178.10999999999999,0.07533893610941615,False
all_reduce,4gpu,4,1048576,ip,e_op_j,Tree/LL,TREE/LL[0-7],226.6933333333333,0.10276596446114793,False
all_reduce,4gpu,4,1048576,ip,e_op_j,Tree/LL128,TREE/LL128[0-7],177.8733333333333,0.08213982264908404,False
all_reduce,4gpu,4,1048576,ip,e_op_j,Tree/Simple,TREE/SIMPLE[0-7],130.31333333333333,0.0569340303287181,False
all_reduce,4gpu,4,1048576,ip,e_op_j,Tree/auto,TREE/SIMPLE[0-7],129.60666666666665,0.05600778807451091,True
all_reduce,4gpu,4,1048576,ip,e_op_j,auto/LL,RING/LL[0-7],344.95,0.14807140529721174,False
all_reduce,4gpu,4,1048576,ip,e_op_j,auto/LL128,RING/LL128[0-7],260.0133333333333,0.11666362715298888,False
all_reduce,4gpu,4,1048576,ip,e_op_j,auto/Simple,RING/SIMPLE[0-7],179.92,0.07533412577449589,False
all_reduce,4gpu,4,1048576,ip,e_op_j,auto/auto,RING/SIMPLE[0-7],184.61333333333334,0.0779919228058763,False
all_reduce,4gpu,4,1048576,ip,e_op_dyn_j,Ring/LL,RING/LL[0-7],324.5466666666666,0.10617808895908,False
all_reduce,4gpu,4,1048576,ip,e_op_dyn_j,Ring/LL128,RING/LL128[0-7],256.76,0.0904991880308877,False
all_reduce,4gpu,4,1048576,ip,e_op_dyn_j,Ring/Simple,RING/SIMPLE[0-7],180.77333333333334,0.058117026121138136,False
all_reduce,4gpu,4,1048576,ip,e_op_dyn_j,Ring/auto,RING/SIMPLE[0-7],178.10999999999999,0.05710353288062381,False
all_reduce,4gpu,4,1048576,ip,e_op_dyn_j,Tree/LL,TREE/LL[0-7],226.6933333333333,0.07955249591476074,False
all_reduce,4gpu,4,1048576,ip,e_op_dyn_j,Tree/LL128,TREE/LL128[0-7],177.8733333333333,0.06393170502674365,False
all_reduce,4gpu,4,1048576,ip,e_op_dyn_j,Tree/Simple,TREE/SIMPLE[0-7],130.31333333333333,0.04360014814716895,False
all_reduce,4gpu,4,1048576,ip,e_op_dyn_j,Tree/auto,TREE/SIMPLE[0-7],129.60666666666665,0.04274585930702002,True
all_reduce,4gpu,4,1048576,ip,e_op_dyn_j,auto/LL,RING/LL[0-7],344.95,0.11276891476724948,False
all_reduce,4gpu,4,1048576,ip,e_op_dyn_j,auto/LL128,RING/LL128[0-7],260.0133333333333,0.09005722159242818,False
all_reduce,4gpu,4,1048576,ip,e_op_dyn_j,auto/Simple,RING/SIMPLE[0-7],179.92,0.05690953477770272,False
all_reduce,4gpu,4,1048576,ip,e_op_dyn_j,auto/auto,RING/SIMPLE[0-7],184.61333333333334,0.05907423505006071,False
all_reduce,4gpu,4,1048576,oop,e_op_j,Ring/LL,RING/LL[0-7],323.64333333333326,0.13880974908399424,False
all_reduce,4gpu,4,1048576,oop,e_op_j,Ring/LL128,RING/LL128[0-7],257.4066666666667,0.11529957945993803,False
all_reduce,4gpu,4,1048576,oop,e_op_j,Ring/Simple,RING/SIMPLE[0-7],181.64666666666668,0.07573294022217399,False
all_reduce,4gpu,4,1048576,oop,e_op_j,Ring/auto,RING/SIMPLE[0-7],178.58666666666667,0.07528990192262418,False
all_reduce,4gpu,4,1048576,oop,e_op_j,Tree/LL,TREE/LL[0-7],227.43999999999997,0.10214657303926417,False
all_reduce,4gpu,4,1048576,oop,e_op_j,Tree/LL128,TREE/LL128[0-7],177.66666666666666,0.0807309246131565,False
all_reduce,4gpu,4,1048576,oop,e_op_j,Tree/Simple,TREE/SIMPLE[0-7],131.91666666666666,0.056999698596590376,False
all_reduce,4gpu,4,1048576,oop,e_op_j,Tree/auto,TREE/SIMPLE[0-7],130.54,0.056809529158476084,True
all_reduce,4gpu,4,1048576,oop,e_op_j,auto/LL,RING/LL[0-7],345.41333333333324,0.14844197737746123,False
all_reduce,4gpu,4,1048576,oop,e_op_j,auto/LL128,RING/LL128[0-7],260.6933333333333,0.11799606421946847,False
all_reduce,4gpu,4,1048576,oop,e_op_j,auto/Simple,RING/SIMPLE[0-7],180.66,0.07569672168578956,False
all_reduce,4gpu,4,1048576,oop,e_op_j,auto/auto,RING/SIMPLE[0-7],185.06999999999996,0.07720247194665798,False
all_reduce,4gpu,4,1048576,oop,e_op_dyn_j,Ring/LL,RING/LL[0-7],323.64333333333326,0.10540577727370132,False
all_reduce,4gpu,4,1048576,oop,e_op_dyn_j,Ring/LL128,RING/LL128[0-7],257.4066666666667,0.08874579294272229,False
all_reduce,4gpu,4,1048576,oop,e_op_dyn_j,Ring/Simple,RING/SIMPLE[0-7],181.64666666666668,0.05696112763386311,False
all_reduce,4gpu,4,1048576,oop,e_op_dyn_j,Ring/auto,RING/SIMPLE[0-7],178.58666666666667,0.0568558178216575,False
all_reduce,4gpu,4,1048576,oop,e_op_dyn_j,Tree/LL,TREE/LL[0-7],227.43999999999997,0.07868320433940378,False
all_reduce,4gpu,4,1048576,oop,e_op_dyn_j,Tree/LL128,TREE/LL128[0-7],177.66666666666666,0.06242776199168242,False
all_reduce,4gpu,4,1048576,oop,e_op_dyn_j,Tree/Simple,TREE/SIMPLE[0-7],131.91666666666666,0.043397262728071616,False
all_reduce,4gpu,4,1048576,oop,e_op_dyn_j,Tree/auto,TREE/SIMPLE[0-7],130.54,0.04334527145814579,True
all_reduce,4gpu,4,1048576,oop,e_op_dyn_j,auto/LL,RING/LL[0-7],345.41333333333324,0.11285796824570556,False
all_reduce,4gpu,4,1048576,oop,e_op_dyn_j,auto/LL128,RING/LL128[0-7],260.6933333333333,0.09107822202301101,False
all_reduce,4gpu,4,1048576,oop,e_op_dyn_j,auto/Simple,RING/SIMPLE[0-7],180.66,0.05701621965953981,False
all_reduce,4gpu,4,1048576,oop,e_op_dyn_j,auto/auto,RING/SIMPLE[0-7],185.06999999999996,0.05809982532652999,False
all_reduce,4gpu,4,2097152,ip,e_op_j,Ring/LL,RING/LL[0-7],709.7333333333332,0.3078367067566246,False
all_reduce,4gpu,4,2097152,ip,e_op_j,Ring/LL128,RING/LL128[0-7],496.7033333333333,0.22441129263399254,False
all_reduce,4gpu,4,2097152,ip,e_op_j,Ring/Simple,RING/SIMPLE[0-7],321.3666666666666,0.13678898826159866,False
all_reduce,4gpu,4,2097152,ip,e_op_j,Ring/auto,RING/SIMPLE[0-7],322.53666666666663,0.1363694413303438,False
all_reduce,4gpu,4,2097152,ip,e_op_j,Tree/LL,TREE/LL[0-7],444.05,0.20421964493506942,False
all_reduce,4gpu,4,2097152,ip,e_op_j,Tree/LL128,TREE/LL128[0-7],297.05333333333334,0.13994420108413777,False
all_reduce,4gpu,4,2097152,ip,e_op_j,Tree/Simple,TREE/SIMPLE[0-7],262.0233333333333,0.11626049840162743,False
all_reduce,4gpu,4,2097152,ip,e_op_j,Tree/auto,TREE/SIMPLE[0-7],239.58,0.10657509641873279,True
all_reduce,4gpu,4,2097152,ip,e_op_j,auto/LL,RING/LL[0-7],690.6999999999999,0.29921252729799486,False
all_reduce,4gpu,4,2097152,ip,e_op_j,auto/LL128,RING/LL128[0-7],513.1266666666667,0.23243782586958076,False
all_reduce,4gpu,4,2097152,ip,e_op_j,auto/Simple,RING/SIMPLE[0-7],322.02,0.136123800175832,False
all_reduce,4gpu,4,2097152,ip,e_op_j,auto/auto,RING/SIMPLE[0-7],320.0266666666667,0.13551483050847457,False
all_reduce,4gpu,4,2097152,ip,e_op_dyn_j,Ring/LL,RING/LL[0-7],709.7333333333332,0.23515970187695276,False
all_reduce,4gpu,4,2097152,ip,e_op_dyn_j,Ring/LL128,RING/LL128[0-7],496.7033333333333,0.17358863653838305,False
all_reduce,4gpu,4,2097152,ip,e_op_dyn_j,Ring/Simple,RING/SIMPLE[0-7],321.3666666666666,0.1039188470204253,False
all_reduce,4gpu,4,2097152,ip,e_op_dyn_j,Ring/auto,RING/SIMPLE[0-7],322.53666666666663,0.10332572462868528,False
all_reduce,4gpu,4,2097152,ip,e_op_dyn_j,Tree/LL,TREE/LL[0-7],444.05,0.15874147576420836,False
all_reduce,4gpu,4,2097152,ip,e_op_dyn_j,Tree/LL128,TREE/LL128[0-7],297.05333333333334,0.10957129922697954,False
all_reduce,4gpu,4,2097152,ip,e_op_dyn_j,Tree/Simple,TREE/SIMPLE[0-7],262.0233333333333,0.08940136318440588,False
all_reduce,4gpu,4,2097152,ip,e_op_dyn_j,Tree/auto,TREE/SIMPLE[0-7],239.58,0.08202350315296333,True
all_reduce,4gpu,4,2097152,ip,e_op_dyn_j,auto/LL,RING/LL[0-7],690.6999999999999,0.22846729561954426,False
all_reduce,4gpu,4,2097152,ip,e_op_dyn_j,auto/LL128,RING/LL128[0-7],513.1266666666667,0.1799391828080721,False
all_reduce,4gpu,4,2097152,ip,e_op_dyn_j,auto/Simple,RING/SIMPLE[0-7],322.02,0.10317326290615814,False
all_reduce,4gpu,4,2097152,ip,e_op_dyn_j,auto/auto,RING/SIMPLE[0-7],320.0266666666667,0.10275582199628668,False
all_reduce,4gpu,4,2097152,oop,e_op_j,Ring/LL,RING/LL[0-7],712.48,0.30711303412535446,False
all_reduce,4gpu,4,2097152,oop,e_op_j,Ring/LL128,RING/LL128[0-7],496.84,0.22411170822585266,False
all_reduce,4gpu,4,2097152,oop,e_op_j,Ring/Simple,RING/SIMPLE[0-7],323.2666666666667,0.1369555617663499,False
all_reduce,4gpu,4,2097152,oop,e_op_j,Ring/auto,RING/SIMPLE[0-7],323.43333333333334,0.13777265508221226,False
all_reduce,4gpu,4,2097152,oop,e_op_j,Tree/LL,TREE/LL[0-7],441.94,0.20334458417427922,False
all_reduce,4gpu,4,2097152,oop,e_op_j,Tree/LL128,TREE/LL128[0-7],298.2133333333333,0.141302569405379,False
all_reduce,4gpu,4,2097152,oop,e_op_j,Tree/Simple,TREE/SIMPLE[0-7],264.1933333333333,0.11504784219703575,False
all_reduce,4gpu,4,2097152,oop,e_op_j,Tree/auto,TREE/SIMPLE[0-7],241.68999999999997,0.10702846648301194,True
all_reduce,4gpu,4,2097152,oop,e_op_j,auto/LL,RING/LL[0-7],690.6999999999999,0.29774071868175506,False
all_reduce,4gpu,4,2097152,oop,e_op_j,auto/LL128,RING/LL128[0-7],514.36,0.23260938504392545,False
all_reduce,4gpu,4,2097152,oop,e_op_j,auto/Simple,RING/SIMPLE[0-7],325.12333333333333,0.13851951715551572,False
all_reduce,4gpu,4,2097152,oop,e_op_j,auto/auto,RING/SIMPLE[0-7],322.1233333333333,0.13716920903954802,False
all_reduce,4gpu,4,2097152,oop,e_op_dyn_j,Ring/LL,RING/LL[0-7],712.48,0.23377757122355403,False
all_reduce,4gpu,4,2097152,oop,e_op_dyn_j,Ring/LL128,RING/LL128[0-7],496.84,0.17286879629299398,False
all_reduce,4gpu,4,2097152,oop,e_op_dyn_j,Ring/Simple,RING/SIMPLE[0-7],323.2666666666667,0.10359946117273343,False
all_reduce,4gpu,4,2097152,oop,e_op_dyn_j,Ring/auto,RING/SIMPLE[0-7],323.43333333333334,0.10437449842837576,False
all_reduce,4gpu,4,2097152,oop,e_op_dyn_j,Tree/LL,TREE/LL[0-7],441.94,0.15776965682304003,False
all_reduce,4gpu,4,2097152,oop,e_op_dyn_j,Tree/LL128,TREE/LL128[0-7],298.2133333333333,0.11049781458518332,False
all_reduce,4gpu,4,2097152,oop,e_op_dyn_j,Tree/Simple,TREE/SIMPLE[0-7],264.1933333333333,0.08783752504086599,False
all_reduce,4gpu,4,2097152,oop,e_op_dyn_j,Tree/auto,TREE/SIMPLE[0-7],241.68999999999997,0.0820660231450867,True
all_reduce,4gpu,4,2097152,oop,e_op_dyn_j,auto/LL,RING/LL[0-7],690.6999999999999,0.22648655694763056,False
all_reduce,4gpu,4,2097152,oop,e_op_dyn_j,auto/LL128,RING/LL128[0-7],514.36,0.17965235910821886,False
all_reduce,4gpu,4,2097152,oop,e_op_dyn_j,auto/Simple,RING/SIMPLE[0-7],325.12333333333333,0.10505388377011786,False
all_reduce,4gpu,4,2097152,oop,e_op_dyn_j,auto/auto,RING/SIMPLE[0-7],322.1233333333333,0.10383687900181288,False
all_reduce,4gpu,4,4194304,ip,e_op_j,Ring/LL,RING/LL[0-7],1459.8,0.6411814086814087,False
all_reduce,4gpu,4,4194304,ip,e_op_j,Ring/LL128,RING/LL128[0-7],1014.3733333333333,0.4643681147075525,False
all_reduce,4gpu,4,4194304,ip,e_op_j,Ring/Simple,RING/SIMPLE[0-7],632.1133333333333,0.27275508326432973,False
all_reduce,4gpu,4,4194304,ip,e_op_j,Ring/auto,RING/SIMPLE[0-7],628.15,0.27067519251925193,False
all_reduce,4gpu,4,4194304,ip,e_op_j,Tree/LL,TREE/LL[0-7],822.3166666666666,0.37771221445205,False
all_reduce,4gpu,4,4194304,ip,e_op_j,Tree/LL128,TREE/LL128[0-7],652.5666666666666,0.3083865110246433,False
all_reduce,4gpu,4,4194304,ip,e_op_j,Tree/Simple,TREE/SIMPLE[0-7],452.9633333333333,0.19993624991638237,True
all_reduce,4gpu,4,4194304,ip,e_op_j,Tree/auto,TREE/SIMPLE[0-7],493.3966666666666,0.2185177902621723,False
all_reduce,4gpu,4,4194304,ip,e_op_j,auto/LL,RING/LL[0-7],1447.4333333333332,0.6267521103561869,False
all_reduce,4gpu,4,4194304,ip,e_op_j,auto/LL128,RING/LL128[0-7],1015.9533333333333,0.4672388038548753,False
all_reduce,4gpu,4,4194304,ip,e_op_j,auto/Simple,RING/SIMPLE[0-7],642.2366666666666,0.27968482876184336,False
all_reduce,4gpu,4,4194304,ip,e_op_j,auto/auto,RING/SIMPLE[0-7],636.4633333333333,0.2763784790095876,False
all_reduce,4gpu,4,4194304,ip,e_op_dyn_j,Ring/LL,RING/LL[0-7],1459.8,0.4915690484229616,False
all_reduce,4gpu,4,4194304,ip,e_op_dyn_j,Ring/LL128,RING/LL128[0-7],1014.3733333333333,0.3606282169871382,False
all_reduce,4gpu,4,4194304,ip,e_op_dyn_j,Ring/Simple,RING/SIMPLE[0-7],632.1133333333333,0.2080942866468745,False
all_reduce,4gpu,4,4194304,ip,e_op_dyn_j,Ring/auto,RING/SIMPLE[0-7],628.15,0.2064235497190773,False
all_reduce,4gpu,4,4194304,ip,e_op_dyn_j,Tree/LL,TREE/LL[0-7],822.3166666666666,0.2936014025938632,False
all_reduce,4gpu,4,4194304,ip,e_op_dyn_j,Tree/LL128,TREE/LL128[0-7],652.5666666666666,0.24162615175105917,False
all_reduce,4gpu,4,4194304,ip,e_op_dyn_j,Tree/Simple,TREE/SIMPLE[0-7],452.9633333333333,0.15360000472463323,True
all_reduce,4gpu,4,4194304,ip,e_op_dyn_j,Tree/auto,TREE/SIMPLE[0-7],493.3966666666666,0.16795457724435434,False
all_reduce,4gpu,4,4194304,ip,e_op_dyn_j,auto/LL,RING/LL[0-7],1447.4333333333332,0.47864398606521874,False
all_reduce,4gpu,4,4194304,ip,e_op_dyn_j,auto/LL128,RING/LL128[0-7],1015.9533333333333,0.3632759981977592,False
all_reduce,4gpu,4,4194304,ip,e_op_dyn_j,auto/Simple,RING/SIMPLE[0-7],642.2366666666666,0.2139854748117476,False
all_reduce,4gpu,4,4194304,ip,e_op_dyn_j,auto/auto,RING/SIMPLE[0-7],636.4633333333333,0.21116804798764965,False
all_reduce,4gpu,4,4194304,oop,e_op_j,Ring/LL,RING/LL[0-7],1458.64,0.6343847256347257,False
all_reduce,4gpu,4,4194304,oop,e_op_j,Ring/LL128,RING/LL128[0-7],1017.3866666666667,0.46154585462805225,False
all_reduce,4gpu,4,4194304,oop,e_op_j,Ring/Simple,RING/SIMPLE[0-7],635.8866666666667,0.27193154844051887,False
all_reduce,4gpu,4,4194304,oop,e_op_j,Ring/auto,RING/SIMPLE[0-7],629.21,0.2720433626696002,False
all_reduce,4gpu,4,4194304,oop,e_op_j,Tree/LL,TREE/LL[0-7],818.11,0.3697329063559068,False
all_reduce,4gpu,4,4194304,oop,e_op_j,Tree/LL128,TREE/LL128[0-7],651.6266666666667,0.30000602186399855,False
all_reduce,4gpu,4,4194304,oop,e_op_j,Tree/Simple,TREE/SIMPLE[0-7],454.69666666666666,0.20030389992641648,True
all_reduce,4gpu,4,4194304,oop,e_op_j,Tree/auto,TREE/SIMPLE[0-7],493.31,0.21623047084002142,False
all_reduce,4gpu,4,4194304,oop,e_op_j,auto/LL,RING/LL[0-7],1445.2699999999998,0.6254801317685814,False
all_reduce,4gpu,4,4194304,oop,e_op_j,auto/LL128,RING/LL128[0-7],1014.1233333333333,0.45645464852607703,False
all_reduce,4gpu,4,4194304,oop,e_op_j,auto/Simple,RING/SIMPLE[0-7],642.77,0.27428611529801605,False
all_reduce,4gpu,4,4194304,oop,e_op_j,auto/auto,RING/SIMPLE[0-7],637.5133333333333,0.27328176487014805,False
all_reduce,4gpu,4,4194304,oop,e_op_dyn_j,Ring/LL,RING/LL[0-7],1458.64,0.48388267593028544,False
all_reduce,4gpu,4,4194304,oop,e_op_dyn_j,Ring/LL128,RING/LL128[0-7],1017.3866666666667,0.3565444150864699,False
all_reduce,4gpu,4,4194304,oop,e_op_dyn_j,Ring/Simple,RING/SIMPLE[0-7],635.8866666666667,0.2063168770116344,False
all_reduce,4gpu,4,4194304,oop,e_op_dyn_j,Ring/auto,RING/SIMPLE[0-7],629.21,0.20701187014026826,False
all_reduce,4gpu,4,4194304,oop,e_op_dyn_j,Tree/LL,TREE/LL[0-7],818.11,0.28534220182881637,False
all_reduce,4gpu,4,4194304,oop,e_op_dyn_j,Tree/LL128,TREE/LL128[0-7],651.6266666666667,0.2327783023784696,False
all_reduce,4gpu,4,4194304,oop,e_op_dyn_j,Tree/Simple,TREE/SIMPLE[0-7],454.69666666666666,0.15334976423198107,True
all_reduce,4gpu,4,4194304,oop,e_op_dyn_j,Tree/auto,TREE/SIMPLE[0-7],493.31,0.16532675210529826,False
all_reduce,4gpu,4,4194304,oop,e_op_dyn_j,auto/LL,RING/LL[0-7],1445.2699999999998,0.47662098297681066,False
all_reduce,4gpu,4,4194304,oop,e_op_dyn_j,auto/LL128,RING/LL128[0-7],1014.1233333333333,0.3518065579015759,False
all_reduce,4gpu,4,4194304,oop,e_op_dyn_j,auto/Simple,RING/SIMPLE[0-7],642.77,0.20794266831672717,False
all_reduce,4gpu,4,4194304,oop,e_op_dyn_j,auto/auto,RING/SIMPLE[0-7],637.5133333333333,0.20751461225482515,False
all_reduce,4gpu,4,8388608,ip,e_op_j,Ring/LL,RING/LL[0-7],3151.7433333333333,1.371189723320158,False
all_reduce,4gpu,4,8388608,ip,e_op_j,Ring/LL128,RING/LL128[0-7],2034.2833333333335,0.9354790249433108,False
all_reduce,4gpu,4,8388608,ip,e_op_j,Ring/Simple,RING/SIMPLE[0-7],1270.7833333333333,0.5553703703703703,False
all_reduce,4gpu,4,8388608,ip,e_op_j,Ring/auto,RING/SIMPLE[0-7],1269.6866666666665,0.5572090548340549,False
all_reduce,4gpu,4,8388608,ip,e_op_j,Tree/LL,TREE/LL[0-7],1734.2266666666665,0.7850795908183633,False
all_reduce,4gpu,4,8388608,ip,e_op_j,Tree/LL128,TREE/LL128[0-7],1278.7066666666665,0.6000370572207084,False
all_reduce,4gpu,4,8388608,ip,e_op_j,Tree/Simple,TREE/SIMPLE[0-7],896.0633333333334,0.4002535474234503,True
all_reduce,4gpu,4,8388608,ip,e_op_j,Tree/auto,TREE/SIMPLE[0-7],898.9766666666668,0.39941255716227914,True
all_reduce,4gpu,4,8388608,ip,e_op_j,auto/LL,RING/LL[0-7],2956.74,1.2940452622673435,False
all_reduce,4gpu,4,8388608,ip,e_op_j,auto/LL128,RING/LL128[0-7],2024.6566666666665,0.9293828522920204,False
all_reduce,4gpu,4,8388608,ip,e_op_j,auto/Simple,RING/SIMPLE[0-7],1273.5933333333332,0.5566741307118152,False
all_reduce,4gpu,4,8388608,ip,e_op_j,auto/auto,RING/SIMPLE[0-7],1264.1166666666666,0.553957928802589,False
all_reduce,4gpu,4,8388608,ip,e_op_dyn_j,Ring/LL,RING/LL[0-7],3151.7433333333333,1.048838964584995,False
all_reduce,4gpu,4,8388608,ip,e_op_dyn_j,Ring/LL128,RING/LL128[0-7],2034.2833333333335,0.727211233761469,False
all_reduce,4gpu,4,8388608,ip,e_op_dyn_j,Ring/Simple,RING/SIMPLE[0-7],1270.7833333333333,0.42530006598182873,False
all_reduce,4gpu,4,8388608,ip,e_op_dyn_j,Ring/auto,RING/SIMPLE[0-7],1269.6866666666665,0.4272025839829661,False
all_reduce,4gpu,4,8388608,ip,e_op_dyn_j,Tree/LL,TREE/LL[0-7],1734.2266666666665,0.6076678522057012,False
all_reduce,4gpu,4,8388608,ip,e_op_dyn_j,Tree/LL128,TREE/LL128[0-7],1278.7066666666665,0.4691815295846174,False
all_reduce,4gpu,4,8388608,ip,e_op_dyn_j,Tree/Simple,TREE/SIMPLE[0-7],896.0633333333334,0.30853661943158767,True
all_reduce,4gpu,4,8388608,ip,e_op_dyn_j,Tree/auto,TREE/SIMPLE[0-7],898.9766666666668,0.3073262455123876,True
all_reduce,4gpu,4,8388608,ip,e_op_dyn_j,auto/LL,RING/LL[0-7],2956.74,0.9916802215621875,False
all_reduce,4gpu,4,8388608,ip,e_op_dyn_j,auto/LL128,RING/LL128[0-7],2024.6566666666665,0.7221303036994137,False
all_reduce,4gpu,4,8388608,ip,e_op_dyn_j,auto/Simple,RING/SIMPLE[0-7],1273.5933333333332,0.42628438825043796,False
all_reduce,4gpu,4,8388608,ip,e_op_dyn_j,auto/auto,RING/SIMPLE[0-7],1264.1166666666666,0.4245188109750493,False
all_reduce,4gpu,4,8388608,oop,e_op_j,Ring/LL,RING/LL[0-7],3150.843333333333,1.3510311813790075,False
all_reduce,4gpu,4,8388608,oop,e_op_j,Ring/LL128,RING/LL128[0-7],2035.8666666666668,0.92222052154195,False
all_reduce,4gpu,4,8388608,oop,e_op_j,Ring/Simple,RING/SIMPLE[0-7],1266.8933333333332,0.5543333333333332,False
all_reduce,4gpu,4,8388608,oop,e_op_j,Ring/auto,RING/SIMPLE[0-7],1269.59,0.5515638528138528,False
all_reduce,4gpu,4,8388608,oop,e_op_j,Tree/LL,TREE/LL[0-7],1738.8333333333333,0.7872674650698602,False
all_reduce,4gpu,4,8388608,oop,e_op_j,Tree/LL128,TREE/LL128[0-7],1277.9366666666667,0.5852940962761126,False
all_reduce,4gpu,4,8388608,oop,e_op_j,Tree/Simple,TREE/SIMPLE[0-7],896.3666666666668,0.3985678366940503,False
all_reduce,4gpu,4,8388608,oop,e_op_j,Tree/auto,TREE/SIMPLE[0-7],895.4466666666667,0.3961463354344334,True
all_reduce,4gpu,4,8388608,oop,e_op_j,auto/LL,RING/LL[0-7],2957.8333333333335,1.2570947546531304,False
all_reduce,4gpu,4,8388608,oop,e_op_j,auto/LL128,RING/LL128[0-7],2030.0533333333333,0.9229550084889643,False
all_reduce,4gpu,4,8388608,oop,e_op_j,auto/Simple,RING/SIMPLE[0-7],1274.15,0.5600857454942654,False
all_reduce,4gpu,4,8388608,oop,e_op_j,auto/auto,RING/SIMPLE[0-7],1262.9099999999999,0.5461337648327941,False
all_reduce,4gpu,4,8388608,oop,e_op_dyn_j,Ring/LL,RING/LL[0-7],3150.843333333333,1.0265346336185621,False
all_reduce,4gpu,4,8388608,oop,e_op_dyn_j,Ring/LL128,RING/LL128[0-7],2035.8666666666668,0.712088389029252,False
all_reduce,4gpu,4,8388608,oop,e_op_dyn_j,Ring/Simple,RING/SIMPLE[0-7],1266.8933333333332,0.42358187993112484,False
all_reduce,4gpu,4,8388608,oop,e_op_dyn_j,Ring/auto,RING/SIMPLE[0-7],1269.59,0.4207156815520152,False
all_reduce,4gpu,4,8388608,oop,e_op_dyn_j,Tree/LL,TREE/LL[0-7],1738.8333333333333,0.6078402604866497,False
all_reduce,4gpu,4,8388608,oop,e_op_dyn_j,Tree/LL128,TREE/LL128[0-7],1277.9366666666667,0.45345822522701934,False
all_reduce,4gpu,4,8388608,oop,e_op_dyn_j,Tree/Simple,TREE/SIMPLE[0-7],896.3666666666668,0.30610492902054587,False
all_reduce,4gpu,4,8388608,oop,e_op_dyn_j,Tree/auto,TREE/SIMPLE[0-7],895.4466666666667,0.3038990574614539,True
all_reduce,4gpu,4,8388608,oop,e_op_dyn_j,auto/LL,RING/LL[0-7],2957.8333333333335,0.9513364461095417,False
all_reduce,4gpu,4,8388608,oop,e_op_dyn_j,auto/LL128,RING/LL128[0-7],2030.0533333333333,0.7134138115720242,False
all_reduce,4gpu,4,8388608,oop,e_op_dyn_j,auto/Simple,RING/SIMPLE[0-7],1274.15,0.42867302060918955,False
all_reduce,4gpu,4,8388608,oop,e_op_dyn_j,auto/auto,RING/SIMPLE[0-7],1262.9099999999999,0.4159548365270655,False
all_reduce,4gpu,4,16777216,ip,e_op_j,Ring/LL,RING/LL[0-7],6026.009999999999,2.622882352941177,False
all_reduce,4gpu,4,16777216,ip,e_op_j,Ring/LL128,RING/LL128[0-7],4100.336666666666,1.8910551724137932,False
all_reduce,4gpu,4,16777216,ip,e_op_j,Ring/Simple,RING/SIMPLE[0-7],2545.9933333333333,1.127151171579743,False
all_reduce,4gpu,4,16777216,ip,e_op_j,Ring/auto,RING/SIMPLE[0-7],2500.5866666666666,1.1036530457813092,False
all_reduce,4gpu,4,16777216,ip,e_op_j,Tree/LL,TREE/LL[0-7],3232.76,1.4758457420924576,False
all_reduce,4gpu,4,16777216,ip,e_op_j,Tree/LL128,TREE/LL128[0-7],2516.4933333333333,1.1684236259814418,False
all_reduce,4gpu,4,16777216,ip,e_op_j,Tree/Simple,TREE/SIMPLE[0-7],1688.2466666666667,0.7643389335281228,True
all_reduce,4gpu,4,16777216,ip,e_op_j,Tree/auto,TREE/SIMPLE[0-7],1682.7266666666667,0.7673002894356005,True
all_reduce,4gpu,4,16777216,ip,e_op_j,auto/LL,RING/LL[0-7],6008.206666666668,2.6161169284467714,False
all_reduce,4gpu,4,16777216,ip,e_op_j,auto/LL128,RING/LL128[0-7],3906.233333333333,1.7923899850444178,False
all_reduce,4gpu,4,16777216,ip,e_op_j,auto/Simple,RING/SIMPLE[0-7],2691.6966666666667,1.1953710554951034,False
all_reduce,4gpu,4,16777216,ip,e_op_j,auto/auto,RING/SIMPLE[0-7],2542.6566666666663,1.1344841014648088,False
all_reduce,4gpu,4,16777216,ip,e_op_dyn_j,Ring/LL,RING/LL[0-7],6026.009999999999,2.0063298538461063,False
all_reduce,4gpu,4,16777216,ip,e_op_dyn_j,Ring/LL128,RING/LL128[0-7],4100.336666666666,1.4716853280198332,False
all_reduce,4gpu,4,16777216,ip,e_op_dyn_j,Ring/Simple,RING/SIMPLE[0-7],2545.9933333333333,0.866370719249537,False
all_reduce,4gpu,4,16777216,ip,e_op_dyn_j,Ring/auto,RING/SIMPLE[0-7],2500.5866666666666,0.8478609119148136,False
all_reduce,4gpu,4,16777216,ip,e_op_dyn_j,Tree/LL,TREE/LL[0-7],3232.76,1.1447391817487456,False
all_reduce,4gpu,4,16777216,ip,e_op_dyn_j,Tree/LL128,TREE/LL128[0-7],2516.4933333333333,0.9107183247450573,False
all_reduce,4gpu,4,16777216,ip,e_op_dyn_j,Tree/Simple,TREE/SIMPLE[0-7],1688.2466666666667,0.5915636669142154,True
all_reduce,4gpu,4,16777216,ip,e_op_dyn_j,Tree/auto,TREE/SIMPLE[0-7],1682.7266666666667,0.5950772685144331,True
all_reduce,4gpu,4,16777216,ip,e_op_dyn_j,auto/LL,RING/LL[0-7],6008.206666666668,2.0017196125306183,False
all_reduce,4gpu,4,16777216,ip,e_op_dyn_j,auto/LL128,RING/LL128[0-7],3906.233333333333,1.392099174517356,False
all_reduce,4gpu,4,16777216,ip,e_op_dyn_j,auto/Simple,RING/SIMPLE[0-7],2691.6966666666667,0.9199790830331952,False
all_reduce,4gpu,4,16777216,ip,e_op_dyn_j,auto/auto,RING/SIMPLE[0-7],2542.6566666666663,0.8742983976419912,False
all_reduce,4gpu,4,16777216,oop,e_op_j,Ring/LL,RING/LL[0-7],6032.466666666667,2.599524296675192,False
all_reduce,4gpu,4,16777216,oop,e_op_j,Ring/LL128,RING/LL128[0-7],4114.803333333332,1.8588919540229885,False
all_reduce,4gpu,4,16777216,oop,e_op_j,Ring/Simple,RING/SIMPLE[0-7],2554.433333333333,1.1220963718820862,False
all_reduce,4gpu,4,16777216,oop,e_op_j,Ring/auto,RING/SIMPLE[0-7],2503.226666666667,1.1032758229284902,False
all_reduce,4gpu,4,16777216,oop,e_op_j,Tree/LL,TREE/LL[0-7],3234.47,1.468785401459854,False
all_reduce,4gpu,4,16777216,oop,e_op_j,Tree/LL128,TREE/LL128[0-7],2521.7899999999995,1.1607466095645969,False
all_reduce,4gpu,4,16777216,oop,e_op_j,Tree/Simple,TREE/SIMPLE[0-7],1685.8799999999999,0.7571409788166545,False
all_reduce,4gpu,4,16777216,oop,e_op_j,Tree/auto,TREE/SIMPLE[0-7],1677.58,0.7427011577424024,True
all_reduce,4gpu,4,16777216,oop,e_op_j,auto/LL,RING/LL[0-7],6016.933333333333,2.576687609075044,False
all_reduce,4gpu,4,16777216,oop,e_op_j,auto/LL128,RING/LL128[0-7],3906.2433333333333,1.7572836125237694,False
all_reduce,4gpu,4,16777216,oop,e_op_j,auto/Simple,RING/SIMPLE[0-7],2695.4166666666665,1.1668146536089952,False
all_reduce,4gpu,4,16777216,oop,e_op_j,auto/auto,RING/SIMPLE[0-7],2543.03,1.1145966416577349,False
all_reduce,4gpu,4,16777216,oop,e_op_dyn_j,Ring/LL,RING/LL[0-7],6032.466666666667,1.9772131609939627,False
all_reduce,4gpu,4,16777216,oop,e_op_dyn_j,Ring/LL128,RING/LL128[0-7],4114.803333333332,1.4346930466015795,False
all_reduce,4gpu,4,16777216,oop,e_op_dyn_j,Ring/Simple,RING/SIMPLE[0-7],2554.433333333333,0.8585026773782235,False
all_reduce,4gpu,4,16777216,oop,e_op_dyn_j,Ring/auto,RING/SIMPLE[0-7],2503.226666666667,0.8452799786669832,False
all_reduce,4gpu,4,16777216,oop,e_op_dyn_j,Tree/LL,TREE/LL[0-7],3234.47,1.135499088256431,False
all_reduce,4gpu,4,16777216,oop,e_op_dyn_j,Tree/LL128,TREE/LL128[0-7],2521.7899999999995,0.9001612978319122,False
all_reduce,4gpu,4,16777216,oop,e_op_dyn_j,Tree/Simple,TREE/SIMPLE[0-7],1685.8799999999999,0.5831673968198463,False
all_reduce,4gpu,4,16777216,oop,e_op_dyn_j,Tree/auto,TREE/SIMPLE[0-7],1677.58,0.569893488527857,True
all_reduce,4gpu,4,16777216,oop,e_op_dyn_j,auto/LL,RING/LL[0-7],6016.933333333333,1.9560580497930597,False
all_reduce,4gpu,4,16777216,oop,e_op_dyn_j,auto/LL128,RING/LL128[0-7],3906.2433333333333,1.3551733995694646,False
all_reduce,4gpu,4,16777216,oop,e_op_dyn_j,auto/Simple,RING/SIMPLE[0-7],2695.4166666666665,0.8888732768291122,False
all_reduce,4gpu,4,16777216,oop,e_op_dyn_j,auto/auto,RING/SIMPLE[0-7],2543.03,0.8526703047856502,False
all_reduce,4gpu,4,33554432,ip,e_op_j,Ring/LL,RING/LL[0-7],12122.766666666665,5.186888316151203,False
all_reduce,4gpu,4,33554432,ip,e_op_j,Ring/LL128,RING/LL128[0-7],8073.31,3.705827076222981,False
all_reduce,4gpu,4,33554432,ip,e_op_j,Ring/Simple,RING/SIMPLE[0-7],5165.34,2.2842625482436136,False
all_reduce,4gpu,4,33554432,ip,e_op_j,Ring/auto,RING/SIMPLE[0-7],5226.346666666667,2.3115114054451804,False
all_reduce,4gpu,4,33554432,ip,e_op_j,Tree/LL,TREE/LL[0-7],6602.3933333333325,3.0222810077519378,False
all_reduce,4gpu,4,33554432,ip,e_op_j,Tree/LL128,TREE/LL128[0-7],4953.203333333333,2.286618945868946,False
all_reduce,4gpu,4,33554432,ip,e_op_j,Tree/Simple,TREE/SIMPLE[0-7],3383.56,1.5331136249371544,False
all_reduce,4gpu,4,33554432,ip,e_op_j,Tree/auto,TREE/SIMPLE[0-7],3114.3333333333335,1.443939369191777,True
all_reduce,4gpu,4,33554432,ip,e_op_j,auto/LL,RING/LL[0-7],12431.066666666666,5.393774621212121,False
all_reduce,4gpu,4,33554432,ip,e_op_j,auto/LL128,RING/LL128[0-7],8018.98,3.7007440273037546,False
all_reduce,4gpu,4,33554432,ip,e_op_j,auto/Simple,RING/SIMPLE[0-7],5088.753333333333,2.252075292397661,False
all_reduce,4gpu,4,33554432,ip,e_op_j,auto/auto,RING/SIMPLE[0-7],5042.316666666666,2.229370050395968,False
all_reduce,4gpu,4,33554432,ip,e_op_dyn_j,Ring/LL,RING/LL[0-7],12122.766666666665,3.9473407417691533,False
all_reduce,4gpu,4,33554432,ip,e_op_dyn_j,Ring/LL128,RING/LL128[0-7],8073.31,2.8796797564053995,False
all_reduce,4gpu,4,33554432,ip,e_op_dyn_j,Ring/Simple,RING/SIMPLE[0-7],5165.34,1.7557239608733468,False
all_reduce,4gpu,4,33554432,ip,e_op_dyn_j,Ring/auto,RING/SIMPLE[0-7],5226.346666666667,1.776680795331487,False
all_reduce,4gpu,4,33554432,ip,e_op_dyn_j,Tree/LL,TREE/LL[0-7],6602.3933333333325,2.3466542540966153,False
all_reduce,4gpu,4,33554432,ip,e_op_dyn_j,Tree/LL128,TREE/LL128[0-7],4953.203333333333,1.7796968698542,False
all_reduce,4gpu,4,33554432,ip,e_op_dyn_j,Tree/Simple,TREE/SIMPLE[0-7],3383.56,1.1866383511341694,False
all_reduce,4gpu,4,33554432,ip,e_op_dyn_j,Tree/auto,TREE/SIMPLE[0-7],3114.3333333333335,1.124993784918152,True
all_reduce,4gpu,4,33554432,ip,e_op_dyn_j,auto/LL,RING/LL[0-7],12431.066666666666,4.122491931433742,False
all_reduce,4gpu,4,33554432,ip,e_op_dyn_j,auto/LL128,RING/LL128[0-7],8018.98,2.8805415898526356,False
all_reduce,4gpu,4,33554432,ip,e_op_dyn_j,auto/Simple,RING/SIMPLE[0-7],5088.753333333333,1.7316761538887278,False
all_reduce,4gpu,4,33554432,ip,e_op_dyn_j,auto/auto,RING/SIMPLE[0-7],5042.316666666666,1.7136788833019627,False
all_reduce,4gpu,4,33554432,oop,e_op_j,Ring/LL,RING/LL[0-7],12115.0,5.187190721649485,False
all_reduce,4gpu,4,33554432,oop,e_op_j,Ring/LL128,RING/LL128[0-7],8074.323333333334,3.6379408418657566,False
all_reduce,4gpu,4,33554432,oop,e_op_j,Ring/Simple,RING/SIMPLE[0-7],5158.740000000001,2.25668802871813,False
all_reduce,4gpu,4,33554432,oop,e_op_j,Ring/auto,RING/SIMPLE[0-7],5246.46,2.3194150110375276,False
all_reduce,4gpu,4,33554432,oop,e_op_j,Tree/LL,TREE/LL[0-7],6614.313333333333,2.961781007751938,False
all_reduce,4gpu,4,33554432,oop,e_op_j,Tree/LL128,TREE/LL128[0-7],4956.8,2.2959358974358977,False
all_reduce,4gpu,4,33554432,oop,e_op_j,Tree/Simple,TREE/SIMPLE[0-7],3398.609999999999,1.5132443438914027,False
all_reduce,4gpu,4,33554432,oop,e_op_j,Tree/auto,TREE/SIMPLE[0-7],3118.346666666667,1.410792783722895,True
all_reduce,4gpu,4,33554432,oop,e_op_j,auto/LL,RING/LL[0-7],12478.5,5.335513257575758,False
all_reduce,4gpu,4,33554432,oop,e_op_j,auto/LL128,RING/LL128[0-7],8036.703333333334,3.6459681456200226,False
all_reduce,4gpu,4,33554432,oop,e_op_j,auto/Simple,RING/SIMPLE[0-7],5084.103333333333,2.217329678362573,False
all_reduce,4gpu,4,33554432,oop,e_op_j,auto/auto,RING/SIMPLE[0-7],5047.406666666667,2.2282505399568038,False
all_reduce,4gpu,4,33554432,oop,e_op_dyn_j,Ring/LL,RING/LL[0-7],12115.0,3.9359900914715222,False
all_reduce,4gpu,4,33554432,oop,e_op_dyn_j,Ring/LL128,RING/LL128[0-7],8074.323333333334,2.805101043443089,False
all_reduce,4gpu,4,33554432,oop,e_op_dyn_j,Ring/Simple,RING/SIMPLE[0-7],5158.740000000001,1.725255708824564,False
all_reduce,4gpu,4,33554432,oop,e_op_dyn_j,Ring/auto,RING/SIMPLE[0-7],5246.46,1.779744739182849,False
all_reduce,4gpu,4,33554432,oop,e_op_dyn_j,Tree/LL,TREE/LL[0-7],6614.313333333333,2.2784326720542563,False
all_reduce,4gpu,4,33554432,oop,e_op_dyn_j,Tree/LL128,TREE/LL128[0-7],4956.8,1.7847941479498939,False
all_reduce,4gpu,4,33554432,oop,e_op_dyn_j,Tree/Simple,TREE/SIMPLE[0-7],3398.609999999999,1.162863568129554,False
all_reduce,4gpu,4,33554432,oop,e_op_dyn_j,Tree/auto,TREE/SIMPLE[0-7],3118.346666666667,1.0888813431125979,True
all_reduce,4gpu,4,33554432,oop,e_op_dyn_j,auto/LL,RING/LL[0-7],12478.5,4.047084716327934,False
all_reduce,4gpu,4,33554432,oop,e_op_dyn_j,auto/LL128,RING/LL128[0-7],8036.703333333334,2.817262553354151,False
all_reduce,4gpu,4,33554432,oop,e_op_dyn_j,auto/Simple,RING/SIMPLE[0-7],5084.103333333333,1.6932384572196213,False
all_reduce,4gpu,4,33554432,oop,e_op_dyn_j,auto/auto,RING/SIMPLE[0-7],5047.406666666667,1.7078578409421359,False
all_reduce,4gpu,4,67108864,ip,e_op_j,Ring/LL,RING/LL[0-7],24161.833333333332,10.601307971014492,False
all_reduce,4gpu,4,67108864,ip,e_op_j,Ring/LL128,RING/LL128[0-7],15826.666666666666,7.32772972972973,False
all_reduce,4gpu,4,67108864,ip,e_op_j,Ring/Simple,RING/SIMPLE[0-7],10938.933333333334,4.829481832543443,False
all_reduce,4gpu,4,67108864,ip,e_op_j,Ring/auto,RING/SIMPLE[0-7],10755.133333333331,4.860440129449838,False
all_reduce,4gpu,4,67108864,ip,e_op_j,Tree/LL,TREE/LL[0-7],12933.199999999999,5.9180852272727265,False
all_reduce,4gpu,4,67108864,ip,e_op_j,Tree/LL128,TREE/LL128[0-7],9935.87,4.665408510638298,False
all_reduce,4gpu,4,67108864,ip,e_op_j,Tree/Simple,TREE/SIMPLE[0-7],6309.966666666666,2.8726786476822554,False
all_reduce,4gpu,4,67108864,ip,e_op_j,Tree/auto,TREE/SIMPLE[0-7],5967.323333333333,2.7375451558968176,True
all_reduce,4gpu,4,67108864,ip,e_op_j,auto/LL,RING/LL[0-7],27205.466666666664,11.72596563573883,False
all_reduce,4gpu,4,67108864,ip,e_op_j,auto/LL128,RING/LL128[0-7],15949.033333333335,7.302881431767337,False
all_reduce,4gpu,4,67108864,ip,e_op_j,auto/Simple,RING/SIMPLE[0-7],10809.166666666666,4.796727138643067,False
all_reduce,4gpu,4,67108864,ip,e_op_j,auto/auto,RING/SIMPLE[0-7],10304.666666666666,4.626763157894737,False
all_reduce,4gpu,4,67108864,ip,e_op_dyn_j,Ring/LL,RING/LL[0-7],24161.833333333332,8.129916840340291,False
all_reduce,4gpu,4,67108864,ip,e_op_dyn_j,Ring/LL128,RING/LL128[0-7],15826.666666666666,5.704900236394985,False
all_reduce,4gpu,4,67108864,ip,e_op_dyn_j,Ring/Simple,RING/SIMPLE[0-7],10938.933333333334,3.710240229477987,False
all_reduce,4gpu,4,67108864,ip,e_op_dyn_j,Ring/auto,RING/SIMPLE[0-7],10755.133333333331,3.7584438388853383,False
all_reduce,4gpu,4,67108864,ip,e_op_dyn_j,Tree/LL,TREE/LL[0-7],12933.199999999999,4.594914651877173,False
all_reduce,4gpu,4,67108864,ip,e_op_dyn_j,Tree/LL128,TREE/LL128[0-7],9935.87,3.6477632350553653,False
all_reduce,4gpu,4,67108864,ip,e_op_dyn_j,Tree/Simple,TREE/SIMPLE[0-7],6309.966666666666,2.226482595255136,False
all_reduce,4gpu,4,67108864,ip,e_op_dyn_j,Tree/auto,TREE/SIMPLE[0-7],5967.323333333333,2.1271091562810818,True
all_reduce,4gpu,4,67108864,ip,e_op_dyn_j,auto/LL,RING/LL[0-7],27205.466666666664,8.941076838014814,False
all_reduce,4gpu,4,67108864,ip,e_op_dyn_j,auto/LL128,RING/LL128[0-7],15949.033333333335,5.670541740936419,False
all_reduce,4gpu,4,67108864,ip,e_op_dyn_j,auto/Simple,RING/SIMPLE[0-7],10809.166666666666,3.690082238810677,False
all_reduce,4gpu,4,67108864,ip,e_op_dyn_j,auto/auto,RING/SIMPLE[0-7],10304.666666666666,3.571533042715119,False
all_reduce,4gpu,4,67108864,oop,e_op_j,Ring/LL,RING/LL[0-7],24113.2,10.271184782608696,False
all_reduce,4gpu,4,67108864,oop,e_op_j,Ring/LL128,RING/LL128[0-7],15875.5,7.227245495495495,False
all_reduce,4gpu,4,67108864,oop,e_op_j,Ring/Simple,RING/SIMPLE[0-7],10969.333333333334,4.797650868878357,False
all_reduce,4gpu,4,67108864,oop,e_op_j,Ring/auto,RING/SIMPLE[0-7],10725.533333333333,4.71431067961165,False
all_reduce,4gpu,4,67108864,oop,e_op_j,Tree/LL,TREE/LL[0-7],12913.299999999997,5.8714469696969696,False
all_reduce,4gpu,4,67108864,oop,e_op_j,Tree/LL128,TREE/LL128[0-7],9915.486666666666,4.585802836879433,False
all_reduce,4gpu,4,67108864,oop,e_op_j,Tree/Simple,TREE/SIMPLE[0-7],6314.036666666667,2.87765983476531,False
all_reduce,4gpu,4,67108864,oop,e_op_j,Tree/auto,TREE/SIMPLE[0-7],5988.19,2.754974119317645,True
all_reduce,4gpu,4,67108864,oop,e_op_j,auto/LL,RING/LL[0-7],27184.100000000002,11.706412371134022,False
all_reduce,4gpu,4,67108864,oop,e_op_j,auto/LL128,RING/LL128[0-7],15992.333333333334,7.230120805369128,False
all_reduce,4gpu,4,67108864,oop,e_op_j,auto/Simple,RING/SIMPLE[0-7],10814.533333333333,4.729964601769912,False
all_reduce,4gpu,4,67108864,oop,e_op_j,auto/auto,RING/SIMPLE[0-7],10351.799999999997,4.523906432748538,False
all_reduce,4gpu,4,67108864,oop,e_op_dyn_j,Ring/LL,RING/LL[0-7],24113.2,7.786134402493651,False
all_reduce,4gpu,4,67108864,oop,e_op_dyn_j,Ring/LL128,RING/LL128[0-7],15875.5,5.5922046225595965,False
all_reduce,4gpu,4,67108864,oop,e_op_dyn_j,Ring/Simple,RING/SIMPLE[0-7],10969.333333333334,3.6675937713910916,False
all_reduce,4gpu,4,67108864,oop,e_op_dyn_j,Ring/auto,RING/SIMPLE[0-7],10725.533333333333,3.6052626004291017,False
all_reduce,4gpu,4,67108864,oop,e_op_dyn_j,Tree/LL,TREE/LL[0-7],12913.299999999997,4.539644098044228,False
all_reduce,4gpu,4,67108864,oop,e_op_dyn_j,Tree/LL128,TREE/LL128[0-7],9915.486666666666,3.5631656486849863,False
all_reduce,4gpu,4,67108864,oop,e_op_dyn_j,Tree/Simple,TREE/SIMPLE[0-7],6314.036666666667,2.227647064571352,False
all_reduce,4gpu,4,67108864,oop,e_op_dyn_j,Tree/auto,TREE/SIMPLE[0-7],5988.19,2.1375784707161682,True
all_reduce,4gpu,4,67108864,oop,e_op_dyn_j,auto/LL,RING/LL[0-7],27184.100000000002,8.899876351850065,False
all_reduce,4gpu,4,67108864,oop,e_op_dyn_j,auto/LL128,RING/LL128[0-7],15992.333333333334,5.582140825102059,False
all_reduce,4gpu,4,67108864,oop,e_op_dyn_j,auto/Simple,RING/SIMPLE[0-7],10814.533333333333,3.6141924998166552,False
all_reduce,4gpu,4,67108864,oop,e_op_dyn_j,auto/auto,RING/SIMPLE[0-7],10351.799999999997,3.458028661186965,False
all_reduce,4gpu,4,134217728,ip,e_op_j,Ring/LL,RING/LL[0-7],58753.56666666666,25.79020138888889,False
all_reduce,4gpu,4,134217728,ip,e_op_j,Ring/LL128,RING/LL128[0-7],31698.100000000002,14.634032863849763,False
all_reduce,4gpu,4,134217728,ip,e_op_j,Ring/Simple,RING/SIMPLE[0-7],20718.866666666665,9.220950292397662,False
all_reduce,4gpu,4,134217728,ip,e_op_j,Ring/auto,RING/SIMPLE[0-7],21691.63333333333,9.637296636085628,False
all_reduce,4gpu,4,134217728,ip,e_op_j,Tree/LL,TREE/LL[0-7],25096.0,11.608527884398285,False
all_reduce,4gpu,4,134217728,ip,e_op_j,Tree/LL128,TREE/LL128[0-7],18036.2,8.364881841355526,False
all_reduce,4gpu,4,134217728,ip,e_op_j,Tree/Simple,TREE/SIMPLE[0-7],13626.366666666667,6.266593049272824,False
all_reduce,4gpu,4,134217728,ip,e_op_j,Tree/auto,TREE/SIMPLE[0-7],13564.700000000003,6.219969171483623,False
all_reduce,4gpu,4,134217728,ip,e_op_j,auto/LL,RING/LL[0-7],48461.26666666666,20.941847222222222,False
all_reduce,4gpu,4,134217728,ip,e_op_j,auto/LL128,RING/LL128[0-7],31582.03333333333,14.577207207207207,False
all_reduce,4gpu,4,134217728,ip,e_op_j,auto/Simple,TREE/SIMPLE[0-7],12701.0,5.885355739058629,True
all_reduce,4gpu,4,134217728,ip,e_op_j,auto/auto,TREE/SIMPLE[0-7],13439.133333333331,6.155701149425288,False
all_reduce,4gpu,4,134217728,ip,e_op_dyn_j,Ring/LL,RING/LL[0-7],58753.56666666666,19.770280584378224,False
all_reduce,4gpu,4,134217728,ip,e_op_dyn_j,Ring/LL128,RING/LL128[0-7],31698.100000000002,11.391305534020978,False
all_reduce,4gpu,4,134217728,ip,e_op_dyn_j,Ring/Simple,RING/SIMPLE[0-7],20718.866666666665,7.101204781341781,False
all_reduce,4gpu,4,134217728,ip,e_op_dyn_j,Ring/auto,RING/SIMPLE[0-7],21691.63333333333,7.417715547391087,False
all_reduce,4gpu,4,134217728,ip,e_op_dyn_j,Tree/LL,TREE/LL[0-7],25096.0,9.03792423258002,False
all_reduce,4gpu,4,134217728,ip,e_op_dyn_j,Tree/LL128,TREE/LL128[0-7],18036.2,6.5166475136030195,False
all_reduce,4gpu,4,134217728,ip,e_op_dyn_j,Tree/Simple,TREE/SIMPLE[0-7],13626.366666666667,4.872802259124724,False
all_reduce,4gpu,4,134217728,ip,e_op_dyn_j,Tree/auto,TREE/SIMPLE[0-7],13564.700000000003,4.832635970344904,False
all_reduce,4gpu,4,134217728,ip,e_op_dyn_j,auto/LL,RING/LL[0-7],48461.26666666666,15.969827695221717,False
all_reduce,4gpu,4,134217728,ip,e_op_dyn_j,auto/LL128,RING/LL128[0-7],31582.03333333333,11.347895984802093,False
all_reduce,4gpu,4,134217728,ip,e_op_dyn_j,auto/Simple,TREE/SIMPLE[0-7],12701.0,4.5865626756093585,True
all_reduce,4gpu,4,134217728,ip,e_op_dyn_j,auto/auto,TREE/SIMPLE[0-7],13439.133333333331,4.779620223551379,False
all_reduce,4gpu,4,134217728,oop,e_op_j,Ring/LL,RING/LL[0-7],58899.73333333334,24.98877777777778,False
all_reduce,4gpu,4,134217728,oop,e_op_j,Ring/LL128,RING/LL128[0-7],31860.13333333333,14.49882159624413,False
all_reduce,4gpu,4,134217728,oop,e_op_j,Ring/Simple,RING/SIMPLE[0-7],20717.166666666668,9.084628654970759,False
all_reduce,4gpu,4,134217728,oop,e_op_j,Ring/auto,RING/SIMPLE[0-7],21681.466666666664,9.450798165137615,False
all_reduce,4gpu,4,134217728,oop,e_op_j,Tree/LL,TREE/LL[0-7],25111.566666666666,11.404828968164372,False
all_reduce,4gpu,4,134217728,oop,e_op_j,Tree/LL128,TREE/LL128[0-7],18062.53333333333,8.388197330934174,False
all_reduce,4gpu,4,134217728,oop,e_op_j,Tree/Simple,TREE/SIMPLE[0-7],13604.266666666668,6.098187265917603,False
all_reduce,4gpu,4,134217728,oop,e_op_j,Tree/auto,TREE/SIMPLE[0-7],13593.566666666666,6.037838150289017,False
all_reduce,4gpu,4,134217728,oop,e_op_j,auto/LL,RING/LL[0-7],48282.56666666666,20.70423611111111,False
all_reduce,4gpu,4,134217728,oop,e_op_j,auto/LL128,RING/LL128[0-7],31626.733333333326,14.376063063063063,False
all_reduce,4gpu,4,134217728,oop,e_op_j,auto/Simple,TREE/SIMPLE[0-7],12718.266666666668,5.699686017065786,True
all_reduce,4gpu,4,134217728,oop,e_op_j,auto/auto,TREE/SIMPLE[0-7],13445.6,6.031622605363984,False
all_reduce,4gpu,4,134217728,oop,e_op_dyn_j,Ring/LL,RING/LL[0-7],58899.73333333334,18.94078361906648,False
all_reduce,4gpu,4,134217728,oop,e_op_dyn_j,Ring/LL128,RING/LL128[0-7],31860.13333333333,11.210546697278787,False
all_reduce,4gpu,4,134217728,oop,e_op_dyn_j,Ring/Simple,RING/SIMPLE[0-7],20717.166666666668,6.945983054812792,False
all_reduce,4gpu,4,134217728,oop,e_op_dyn_j,Ring/auto,RING/SIMPLE[0-7],21681.466666666664,7.214257135186924,False
all_reduce,4gpu,4,134217728,oop,e_op_dyn_j,Tree/LL,TREE/LL[0-7],25111.566666666666,8.81678898265519,False
all_reduce,4gpu,4,134217728,oop,e_op_dyn_j,Tree/LL128,TREE/LL128[0-7],18062.53333333333,6.523624457651555,False
all_reduce,4gpu,4,134217728,oop,e_op_dyn_j,Tree/Simple,TREE/SIMPLE[0-7],13604.266666666668,4.695504091079859,False
all_reduce,4gpu,4,134217728,oop,e_op_dyn_j,Tree/auto,TREE/SIMPLE[0-7],13593.566666666666,4.637725390819033,False
all_reduce,4gpu,4,134217728,oop,e_op_dyn_j,auto/LL,RING/LL[0-7],48282.56666666666,15.72841366523518,False
all_reduce,4gpu,4,134217728,oop,e_op_dyn_j,auto/LL128,RING/LL128[0-7],31626.733333333326,11.116024180805857,False
all_reduce,4gpu,4,134217728,oop,e_op_dyn_j,auto/Simple,TREE/SIMPLE[0-7],12718.266666666668,4.388116356375952,True
all_reduce,4gpu,4,134217728,oop,e_op_dyn_j,auto/auto,TREE/SIMPLE[0-7],13445.6,4.64657229954171,False
all_reduce,4gpu,4,268435456,ip,e_op_j,Ring/LL,RING/LL[0-7],97580.33333333333,42.26453333333333,False
all_reduce,4gpu,4,268435456,ip,e_op_j,Ring/LL128,RING/LL128[0-7],64579.899999999994,29.23680555555556,False
all_reduce,4gpu,4,268435456,ip,e_op_j,Ring/Simple,RING/SIMPLE[0-7],40028.033333333326,17.869496969696968,False
all_reduce,4gpu,4,268435456,ip,e_op_j,Ring/auto,RING/SIMPLE[0-7],40289.43333333333,17.788561403508773,False
all_reduce,4gpu,4,268435456,ip,e_op_j,Tree/LL,TREE/LL[0-7],51200.36666666667,23.397721555174385,False
all_reduce,4gpu,4,268435456,ip,e_op_j,Tree/LL128,TREE/LL128[0-7],40579.13333333333,19.007910714285714,False
all_reduce,4gpu,4,268435456,ip,e_op_j,Tree/Simple,TREE/SIMPLE[0-7],25753.199999999997,11.917119135400853,True
all_reduce,4gpu,4,268435456,ip,e_op_j,Tree/auto,TREE/SIMPLE[0-7],27062.466666666664,12.516763052208836,False
all_reduce,4gpu,4,268435456,ip,e_op_j,auto/LL,RING/LL[0-7],112816.93333333333,48.45821333333333,False
all_reduce,4gpu,4,268435456,ip,e_op_j,auto/LL128,RING/LL128[0-7],63376.0,29.54042342342342,False
all_reduce,4gpu,4,268435456,ip,e_op_j,auto/Simple,TREE/SIMPLE[0-7],26398.766666666663,12.016489457831325,False
all_reduce,4gpu,4,268435456,ip,e_op_j,auto/auto,TREE/SIMPLE[0-7],25787.7,11.879093612890701,True
all_reduce,4gpu,4,268435456,ip,e_op_dyn_j,Ring/LL,RING/LL[0-7],97580.33333333333,32.24055861206353,False
all_reduce,4gpu,4,268435456,ip,e_op_dyn_j,Ring/LL128,RING/LL128[0-7],64579.899999999994,22.63502803167202,False
all_reduce,4gpu,4,268435456,ip,e_op_dyn_j,Ring/Simple,RING/SIMPLE[0-7],40028.033333333326,13.775508461073045,False
all_reduce,4gpu,4,268435456,ip,e_op_dyn_j,Ring/auto,RING/SIMPLE[0-7],40289.43333333333,13.668661852176824,False
all_reduce,4gpu,4,268435456,ip,e_op_dyn_j,Tree/LL,TREE/LL[0-7],51200.36666666667,18.159561971455982,False
all_reduce,4gpu,4,268435456,ip,e_op_dyn_j,Tree/LL128,TREE/LL128[0-7],40579.13333333333,14.84486289229905,False
all_reduce,4gpu,4,268435456,ip,e_op_dyn_j,Tree/Simple,TREE/SIMPLE[0-7],25753.199999999997,9.28379202092624,True
all_reduce,4gpu,4,268435456,ip,e_op_dyn_j,Tree/auto,TREE/SIMPLE[0-7],27062.466666666664,9.741419655079392,False
all_reduce,4gpu,4,268435456,ip,e_op_dyn_j,auto/LL,RING/LL[0-7],112816.93333333333,36.900556341936294,False
all_reduce,4gpu,4,268435456,ip,e_op_dyn_j,auto/LL128,RING/LL128[0-7],63376.0,23.04033151197217,False
all_reduce,4gpu,4,268435456,ip,e_op_dyn_j,auto/Simple,TREE/SIMPLE[0-7],26398.766666666663,9.312363711839538,False
all_reduce,4gpu,4,268435456,ip,e_op_dyn_j,auto/auto,TREE/SIMPLE[0-7],25787.7,9.241556864725686,True
all_reduce,4gpu,4,268435456,oop,e_op_j,Ring/LL,RING/LL[0-7],97437.89999999998,41.89389333333333,False
all_reduce,4gpu,4,268435456,oop,e_op_j,Ring/LL128,RING/LL128[0-7],64604.833333333336,29.064777777777778,False
all_reduce,4gpu,4,268435456,oop,e_op_j,Ring/Simple,RING/SIMPLE[0-7],40144.566666666666,17.50813333333333,False
all_reduce,4gpu,4,268435456,oop,e_op_j,Ring/auto,RING/SIMPLE[0-7],40443.166666666664,17.867748538011696,False
all_reduce,4gpu,4,268435456,oop,e_op_j,Tree/LL,TREE/LL[0-7],51102.56666666667,22.968480131503714,False
all_reduce,4gpu,4,268435456,oop,e_op_j,Tree/LL128,TREE/LL128[0-7],40594.19999999999,18.64460119047619,False
all_reduce,4gpu,4,268435456,oop,e_op_j,Tree/Simple,TREE/SIMPLE[0-7],25773.43333333333,11.630913359358056,True
all_reduce,4gpu,4,268435456,oop,e_op_j,Tree/auto,TREE/SIMPLE[0-7],27019.266666666666,12.087068273092369,False
all_reduce,4gpu,4,268435456,oop,e_op_j,auto/LL,RING/LL[0-7],112222.2,48.03741333333334,False
all_reduce,4gpu,4,268435456,oop,e_op_j,auto/LL128,RING/LL128[0-7],63472.0,28.82341441441441,False
all_reduce,4gpu,4,268435456,oop,e_op_j,auto/Simple,TREE/SIMPLE[0-7],26483.43333333333,11.989503053882196,False
all_reduce,4gpu,4,268435456,oop,e_op_j,auto/auto,TREE/SIMPLE[0-7],25736.766666666663,11.634216152203456,True
all_reduce,4gpu,4,268435456,oop,e_op_dyn_j,Ring/LL,RING/LL[0-7],97437.89999999998,31.861568952834762,False
all_reduce,4gpu,4,268435456,oop,e_op_dyn_j,Ring/LL128,RING/LL128[0-7],64604.833333333336,22.41191706816878,False
all_reduce,4gpu,4,268435456,oop,e_op_dyn_j,Ring/Simple,RING/SIMPLE[0-7],40144.566666666666,13.372412193515379,False
all_reduce,4gpu,4,268435456,oop,e_op_dyn_j,Ring/auto,RING/SIMPLE[0-7],40443.166666666664,13.703709931219201,False
all_reduce,4gpu,4,268435456,oop,e_op_dyn_j,Tree/LL,TREE/LL[0-7],51102.56666666667,17.704274768084222,False
all_reduce,4gpu,4,268435456,oop,e_op_dyn_j,Tree/LL128,TREE/LL128[0-7],40594.19999999999,14.452742980708756,False
all_reduce,4gpu,4,268435456,oop,e_op_dyn_j,Tree/Simple,TREE/SIMPLE[0-7],25773.43333333333,8.977164649051607,True
all_reduce,4gpu,4,268435456,oop,e_op_dyn_j,Tree/auto,TREE/SIMPLE[0-7],27019.266666666666,9.304106264411194,False
all_reduce,4gpu,4,268435456,oop,e_op_dyn_j,auto/LL,RING/LL[0-7],112222.2,36.466986015709914,False
all_reduce,4gpu,4,268435456,oop,e_op_dyn_j,auto/LL128,RING/LL128[0-7],63472.0,22.28494297042538,False
all_reduce,4gpu,4,268435456,oop,e_op_dyn_j,auto/Simple,TREE/SIMPLE[0-7],26483.43333333333,9.253845068088026,False
all_reduce,4gpu,4,268435456,oop,e_op_dyn_j,auto/auto,TREE/SIMPLE[0-7],25736.766666666663,8.979303302962856,True
all_reduce,4gpu,4,536870912,ip,e_op_j,Ring/LL,RING/LL[0-7],195004.33333333334,83.71197435897436,False
all_reduce,4gpu,4,536870912,ip,e_op_j,Ring/LL128,RING/LL128[0-7],130194.66666666667,58.74099999999999,False
all_reduce,4gpu,4,536870912,ip,e_op_j,Ring/Simple,RING/SIMPLE[0-7],79906.86666666665,35.03708888888889,False
all_reduce,4gpu,4,536870912,ip,e_op_j,Ring/auto,RING/SIMPLE[0-7],81783.16666666664,36.464724137931036,False
all_reduce,4gpu,4,536870912,ip,e_op_j,Tree/LL,TREE/LL[0-7],103127.33333333333,47.17952173913044,False
all_reduce,4gpu,4,536870912,ip,e_op_j,Tree/LL128,TREE/LL128[0-7],80985.4,37.17909195402299,False
all_reduce,4gpu,4,536870912,ip,e_op_j,Tree/Simple,TREE/SIMPLE[0-7],53993.46666666667,24.599587301587302,False
all_reduce,4gpu,4,536870912,ip,e_op_j,Tree/auto,TREE/SIMPLE[0-7],53910.6,24.552880952380956,False
all_reduce,4gpu,4,536870912,ip,e_op_j,auto/LL,RING/LL[0-7],204227.0,88.45494871794874,False
all_reduce,4gpu,4,536870912,ip,e_op_j,auto/LL128,RING/LL128[0-7],126177.33333333331,58.00480701754386,False
all_reduce,4gpu,4,536870912,ip,e_op_j,auto/Simple,TREE/SIMPLE[0-7],51965.86666666666,23.734984848484846,True
all_reduce,4gpu,4,536870912,ip,e_op_j,auto/auto,TREE/SIMPLE[0-7],53968.399999999994,24.80773484848484,False
all_reduce,4gpu,4,536870912,ip,e_op_dyn_j,Ring/LL,RING/LL[0-7],195004.33333333334,63.7437757913661,False
all_reduce,4gpu,4,536870912,ip,e_op_dyn_j,Ring/LL128,RING/LL128[0-7],130194.66666666667,45.43300901267335,False
all_reduce,4gpu,4,536870912,ip,e_op_dyn_j,Ring/Simple,RING/SIMPLE[0-7],79906.86666666665,26.855594519917716,False
all_reduce,4gpu,4,536870912,ip,e_op_dyn_j,Ring/auto,RING/SIMPLE[0-7],81783.16666666664,28.10479691220084,False
all_reduce,4gpu,4,536870912,ip,e_op_dyn_j,Tree/LL,TREE/LL[0-7],103127.33333333333,36.622787822007076,False
all_reduce,4gpu,4,536870912,ip,e_op_dyn_j,Tree/LL128,TREE/LL128[0-7],80985.4,28.897619135341955,False
all_reduce,4gpu,4,536870912,ip,e_op_dyn_j,Tree/Simple,TREE/SIMPLE[0-7],53993.46666666667,19.0701560448274,False
all_reduce,4gpu,4,536870912,ip,e_op_dyn_j,Tree/auto,TREE/SIMPLE[0-7],53910.6,19.039541836863155,False
all_reduce,4gpu,4,536870912,ip,e_op_dyn_j,auto/LL,RING/LL[0-7],204227.0,67.50060129412152,False
all_reduce,4gpu,4,536870912,ip,e_op_dyn_j,auto/LL128,RING/LL128[0-7],126177.33333333331,45.091315312816675,False
all_reduce,4gpu,4,536870912,ip,e_op_dyn_j,auto/Simple,TREE/SIMPLE[0-7],51965.86666666666,18.41652290080412,True
all_reduce,4gpu,4,536870912,ip,e_op_dyn_j,auto/auto,TREE/SIMPLE[0-7],53968.399999999994,19.284457924613182,False
all_reduce,4gpu,4,536870912,oop,e_op_j,Ring/LL,RING/LL[0-7],193283.0,83.28128205128205,False
all_reduce,4gpu,4,536870912,oop,e_op_j,Ring/LL128,RING/LL128[0-7],130320.66666666664,58.85622807017543,False
all_reduce,4gpu,4,536870912,oop,e_op_j,Ring/Simple,RING/SIMPLE[0-7],79532.49999999999,34.47978888888889,False
all_reduce,4gpu,4,536870912,oop,e_op_j,Ring/auto,RING/SIMPLE[0-7],81983.49999999999,35.484264367816095,False
all_reduce,4gpu,4,536870912,oop,e_op_j,Tree/LL,TREE/LL[0-7],103686.33333333333,46.807362318840575,False
all_reduce,4gpu,4,536870912,oop,e_op_j,Tree/LL128,TREE/LL128[0-7],80929.13333333333,37.27556321839081,False
all_reduce,4gpu,4,536870912,oop,e_op_j,Tree/Simple,TREE/SIMPLE[0-7],54015.9,24.47261111111111,False
all_reduce,4gpu,4,536870912,oop,e_op_j,Tree/auto,TREE/SIMPLE[0-7],54134.0,24.459079365079365,False
all_reduce,4gpu,4,536870912,oop,e_op_j,auto/LL,RING/LL[0-7],205487.33333333334,87.23671794871795,False
all_reduce,4gpu,4,536870912,oop,e_op_j,auto/LL128,RING/LL128[0-7],126672.33333333333,58.1870701754386,False
all_reduce,4gpu,4,536870912,oop,e_op_j,auto/Simple,TREE/SIMPLE[0-7],52029.13333333334,23.610492424242423,True
all_reduce,4gpu,4,536870912,oop,e_op_j,auto/auto,TREE/SIMPLE[0-7],54019.06666666667,24.438909090909092,False
all_reduce,4gpu,4,536870912,oop,e_op_dyn_j,Ring/LL,RING/LL[0-7],193283.0,63.342602718359636,False
all_reduce,4gpu,4,536870912,oop,e_op_dyn_j,Ring/LL128,RING/LL128[0-7],130320.66666666664,45.4052066973837,False
all_reduce,4gpu,4,536870912,oop,e_op_dyn_j,Ring/Simple,RING/SIMPLE[0-7],79532.49999999999,26.269061342562278,False
all_reduce,4gpu,4,536870912,oop,e_op_dyn_j,Ring/auto,RING/SIMPLE[0-7],81983.49999999999,27.048278223533845,False
all_reduce,4gpu,4,536870912,oop,e_op_dyn_j,Tree/LL,TREE/LL[0-7],103686.33333333333,36.12763107219493,False
all_reduce,4gpu,4,536870912,oop,e_op_dyn_j,Tree/LL128,TREE/LL128[0-7],80929.13333333333,28.938416084106326,False
all_reduce,4gpu,4,536870912,oop,e_op_dyn_j,Tree/Simple,TREE/SIMPLE[0-7],54015.9,18.898911542648396,False
all_reduce,4gpu,4,536870912,oop,e_op_dyn_j,Tree/auto,TREE/SIMPLE[0-7],54134.0,18.863837116926074,False
all_reduce,4gpu,4,536870912,oop,e_op_dyn_j,auto/LL,RING/LL[0-7],205487.33333333334,66.09810067093416,False
all_reduce,4gpu,4,536870912,oop,e_op_dyn_j,auto/LL128,RING/LL128[0-7],126672.33333333333,45.14053825085123,False
all_reduce,4gpu,4,536870912,oop,e_op_dyn_j,auto/Simple,TREE/SIMPLE[0-7],52029.13333333334,18.237438753397626,True
all_reduce,4gpu,4,536870912,oop,e_op_dyn_j,auto/auto,TREE/SIMPLE[0-7],54019.06666666667,18.865024453577423,False
all_reduce,4gpu,4,1073741824,ip,e_op_j,Ring/LL,RING/LL[0-7],423679.6666666667,184.78009523809524,False
all_reduce,4gpu,4,1073741824,ip,e_op_j,Ring/LL128,RING/LL128[0-7],275110.3333333333,125.76993333333333,False
all_reduce,4gpu,4,1073741824,ip,e_op_j,Ring/Simple,RING/SIMPLE[0-7],161919.66666666666,71.98086666666666,False
all_reduce,4gpu,4,1073741824,ip,e_op_j,Ring/auto,RING/SIMPLE[0-7],159405.0,70.30133333333333,False
all_reduce,4gpu,4,1073741824,ip,e_op_j,Tree/LL,TREE/LL[0-7],206845.0,95.24852777777778,False
all_reduce,4gpu,4,1073741824,ip,e_op_j,Tree/LL128,TREE/LL128[0-7],142045.33333333334,66.2200361111111,False
all_reduce,4gpu,4,1073741824,ip,e_op_j,Tree/Simple,TREE/SIMPLE[0-7],107732.33333333333,49.26651515151516,False
all_reduce,4gpu,4,1073741824,ip,e_op_j,Tree/auto,TREE/SIMPLE[0-7],107332.33333333333,48.77375757575758,True
all_reduce,4gpu,4,1073741824,ip,e_op_j,auto/LL,RING/LL[0-7],482351.0,209.10671428571428,False
all_reduce,4gpu,4,1073741824,ip,e_op_j,auto/LL128,RING/LL128[0-7],267026.3333333333,122.354,False
all_reduce,4gpu,4,1073741824,ip,e_op_j,auto/Simple,TREE/SIMPLE[0-7],107665.0,49.21036363636364,False
all_reduce,4gpu,4,1073741824,ip,e_op_j,auto/auto,TREE/SIMPLE[0-7],108123.0,49.29336363636364,False
all_reduce,4gpu,4,1073741824,ip,e_op_dyn_j,Ring/LL,RING/LL[0-7],423679.6666666667,141.345380234783,False
all_reduce,4gpu,4,1073741824,ip,e_op_dyn_j,Ring/LL128,RING/LL128[0-7],275110.3333333333,97.67936998538443,False
all_reduce,4gpu,4,1073741824,ip,e_op_dyn_j,Ring/Simple,RING/SIMPLE[0-7],161919.66666666666,55.41235458191144,False
all_reduce,4gpu,4,1073741824,ip,e_op_dyn_j,Ring/auto,RING/SIMPLE[0-7],159405.0,53.97738993535052,False
all_reduce,4gpu,4,1073741824,ip,e_op_dyn_j,Tree/LL,TREE/LL[0-7],206845.0,74.07731832421923,False
all_reduce,4gpu,4,1073741824,ip,e_op_dyn_j,Tree/LL128,TREE/LL128[0-7],142045.33333333334,51.70896480899642,False
all_reduce,4gpu,4,1073741824,ip,e_op_dyn_j,Tree/Simple,TREE/SIMPLE[0-7],107732.33333333333,38.2288083562903,False
all_reduce,4gpu,4,1073741824,ip,e_op_dyn_j,Tree/auto,TREE/SIMPLE[0-7],107332.33333333333,37.78619137146208,True
all_reduce,4gpu,4,1073741824,ip,e_op_dyn_j,auto/LL,RING/LL[0-7],482351.0,159.6414025426433,False
all_reduce,4gpu,4,1073741824,ip,e_op_dyn_j,auto/LL128,RING/LL128[0-7],267026.3333333333,95.06431470028288,False
all_reduce,4gpu,4,1073741824,ip,e_op_dyn_j,auto/Simple,TREE/SIMPLE[0-7],107665.0,38.17582517048533,False
all_reduce,4gpu,4,1073741824,ip,e_op_dyn_j,auto/auto,TREE/SIMPLE[0-7],108123.0,38.21979657488277,False
all_reduce,4gpu,4,1073741824,oop,e_op_j,Ring/LL,RING/LL[0-7],420604.3333333333,183.933,False
all_reduce,4gpu,4,1073741824,oop,e_op_j,Ring/LL128,RING/LL128[0-7],275125.6666666667,124.35840000000002,False
all_reduce,4gpu,4,1073741824,oop,e_op_j,Ring/Simple,RING/SIMPLE[0-7],162181.66666666666,70.02393333333335,False
all_reduce,4gpu,4,1073741824,oop,e_op_j,Ring/auto,RING/SIMPLE[0-7],159723.0,70.14746666666666,False
all_reduce,4gpu,4,1073741824,oop,e_op_j,Tree/LL,TREE/LL[0-7],207344.0,93.9933611111111,False
all_reduce,4gpu,4,1073741824,oop,e_op_j,Tree/LL128,TREE/LL128[0-7],141895.66666666666,65.30595833333334,False
all_reduce,4gpu,4,1073741824,oop,e_op_j,Tree/Simple,TREE/SIMPLE[0-7],107865.66666666667,48.571318181818185,True
all_reduce,4gpu,4,1073741824,oop,e_op_j,Tree/auto,TREE/SIMPLE[0-7],107740.66666666667,48.69457575757576,True
all_reduce,4gpu,4,1073741824,oop,e_op_j,auto/LL,RING/LL[0-7],485390.6666666667,209.09480952380954,False
all_reduce,4gpu,4,1073741824,oop,e_op_j,auto/LL128,RING/LL128[0-7],267272.0,119.77896666666668,False
all_reduce,4gpu,4,1073741824,oop,e_op_j,auto/Simple,TREE/SIMPLE[0-7],107894.33333333333,49.0029090909091,False
all_reduce,4gpu,4,1073741824,oop,e_op_j,auto/auto,TREE/SIMPLE[0-7],107842.66666666667,49.05131818181818,False
all_reduce,4gpu,4,1073741824,oop,e_op_dyn_j,Ring/LL,RING/LL[0-7],420604.3333333333,140.55711698560432,False
all_reduce,4gpu,4,1073741824,oop,e_op_dyn_j,Ring/LL128,RING/LL128[0-7],275125.6666666667,95.97984197860843,False
all_reduce,4gpu,4,1073741824,oop,e_op_dyn_j,Ring/Simple,RING/SIMPLE[0-7],162181.66666666666,53.30867847569673,False
all_reduce,4gpu,4,1073741824,oop,e_op_dyn_j,Ring/auto,RING/SIMPLE[0-7],159723.0,53.66047077021627,False
all_reduce,4gpu,4,1073741824,oop,e_op_dyn_j,Tree/LL,TREE/LL[0-7],207344.0,72.63106856305313,False
all_reduce,4gpu,4,1073741824,oop,e_op_dyn_j,Tree/LL128,TREE/LL128[0-7],141895.66666666666,50.65208717780041,False
all_reduce,4gpu,4,1073741824,oop,e_op_dyn_j,Tree/Simple,TREE/SIMPLE[0-7],107865.66666666667,37.45779143549954,True
all_reduce,4gpu,4,1073741824,oop,e_op_dyn_j,Tree/auto,TREE/SIMPLE[0-7],107740.66666666667,37.607493386693676,True
all_reduce,4gpu,4,1073741824,oop,e_op_dyn_j,auto/LL,RING/LL[0-7],485390.6666666667,159.19703878437653,False
all_reduce,4gpu,4,1073741824,oop,e_op_dyn_j,auto/LL128,RING/LL128[0-7],267272.0,92.30593237919254,False
all_reduce,4gpu,4,1073741824,oop,e_op_dyn_j,auto/Simple,TREE/SIMPLE[0-7],107894.33333333333,37.864270205921336,False
all_reduce,4gpu,4,1073741824,oop,e_op_dyn_j,auto/auto,TREE/SIMPLE[0-7],107842.66666666667,37.915459136017176,False
reduce_scatter,2gpu_nvlink,2,1024,ip,e_op_j,Ring/LL,RING/LL[0-0],5.523333333333333,0.0010878591544771562,False
reduce_scatter,2gpu_nvlink,2,1024,ip,e_op_j,Ring/LL128,RING/LL128[0-0],12.673333333333332,0.002550392938043033,False
reduce_scatter,2gpu_nvlink,2,1024,ip,e_op_j,Ring/Simple,RING/SIMPLE[0-0],12.593333333333334,0.00248782337131961,False
reduce_scatter,2gpu_nvlink,2,1024,ip,e_op_j,Ring/auto,RING/LL[0-0],5.533333333333332,0.001082153667710209,False
reduce_scatter,2gpu_nvlink,2,1024,ip,e_op_j,auto/LL,RING/LL[0-0],5.523333333333333,0.0010938074944073907,False
reduce_scatter,2gpu_nvlink,2,1024,ip,e_op_j,auto/LL128,RING/LL128[0-0],12.673333333333332,0.002505668568846116,False
reduce_scatter,2gpu_nvlink,2,1024,ip,e_op_j,auto/Simple,RING/SIMPLE[0-0],12.616666666666665,0.0024646449859615934,False
reduce_scatter,2gpu_nvlink,2,1024,ip,e_op_j,auto/auto,RING/LL[0-0],5.513333333333333,0.0010792837432484377,True
reduce_scatter,2gpu_nvlink,2,1024,ip,e_op_dyn_j,Ring/LL,RING/LL[0-0],5.523333333333333,0.0008121967522348586,False
reduce_scatter,2gpu_nvlink,2,1024,ip,e_op_dyn_j,Ring/LL128,RING/LL128[0-0],12.673333333333332,0.0019180619548930151,False
reduce_scatter,2gpu_nvlink,2,1024,ip,e_op_dyn_j,Ring/Simple,RING/SIMPLE[0-0],12.593333333333334,0.0018594179910837807,False
reduce_scatter,2gpu_nvlink,2,1024,ip,e_op_dyn_j,Ring/auto,RING/LL[0-0],5.533333333333332,0.0008060625782570635,False
reduce_scatter,2gpu_nvlink,2,1024,ip,e_op_dyn_j,auto/LL,RING/LL[0-0],5.523333333333333,0.0008182815401292868,False
reduce_scatter,2gpu_nvlink,2,1024,ip,e_op_dyn_j,auto/LL128,RING/LL128[0-0],12.673333333333332,0.0018734330163357414,False
reduce_scatter,2gpu_nvlink,2,1024,ip,e_op_dyn_j,auto/Simple,RING/SIMPLE[0-0],12.616666666666665,0.0018349806791197788,False
reduce_scatter,2gpu_nvlink,2,1024,ip,e_op_dyn_j,auto/auto,RING/LL[0-0],5.513333333333333,0.0008041316223354442,True
reduce_scatter,2gpu_nvlink,2,1024,oop,e_op_j,Ring/LL,RING/LL[0-0],5.526666666666666,0.0011020802758939699,False
reduce_scatter,2gpu_nvlink,2,1024,oop,e_op_j,Ring/LL128,RING/LL128[0-0],12.696666666666665,0.002549942860529684,False
reduce_scatter,2gpu_nvlink,2,1024,oop,e_op_j,Ring/Simple,RING/SIMPLE[0-0],12.63,0.00250341576205276,False
reduce_scatter,2gpu_nvlink,2,1024,oop,e_op_j,Ring/auto,RING/LL[0-0],5.539999999999999,0.001098970746997891,False
reduce_scatter,2gpu_nvlink,2,1024,oop,e_op_j,auto/LL,RING/LL[0-0],5.53,0.0010750219402590332,True
reduce_scatter,2gpu_nvlink,2,1024,oop,e_op_j,auto/LL128,RING/LL128[0-0],12.699999999999998,0.002559555627172828,False
reduce_scatter,2gpu_nvlink,2,1024,oop,e_op_j,auto/Simple,RING/SIMPLE[0-0],12.633333333333333,0.0025236738585349004,False
reduce_scatter,2gpu_nvlink,2,1024,oop,e_op_j,auto/auto,RING/LL[0-0],5.5200000000000005,0.0010990479203072956,True
reduce_scatter,2gpu_nvlink,2,1024,oop,e_op_dyn_j,Ring/LL,RING/LL[0-0],5.526666666666666,0.0008251075346358182,False
reduce_scatter,2gpu_nvlink,2,1024,oop,e_op_dyn_j,Ring/LL128,RING/LL128[0-0],12.696666666666665,0.0019126533503421635,False
reduce_scatter,2gpu_nvlink,2,1024,oop,e_op_dyn_j,Ring/Simple,RING/SIMPLE[0-0],12.63,0.0018696684739879174,False
reduce_scatter,2gpu_nvlink,2,1024,oop,e_op_dyn_j,Ring/auto,RING/LL[0-0],5.539999999999999,0.0008209201756490496,False
reduce_scatter,2gpu_nvlink,2,1024,oop,e_op_dyn_j,auto/LL,RING/LL[0-0],5.53,0.0007975032180227364,True
reduce_scatter,2gpu_nvlink,2,1024,oop,e_op_dyn_j,auto/LL128,RING/LL128[0-0],12.699999999999998,0.001922879568795257,False
reduce_scatter,2gpu_nvlink,2,1024,oop,e_op_dyn_j,auto/Simple,RING/SIMPLE[0-0],12.633333333333333,0.0018901529490846659,False
reduce_scatter,2gpu_nvlink,2,1024,oop,e_op_dyn_j,auto/auto,RING/LL[0-0],5.5200000000000005,0.0008223820248727719,True
reduce_scatter,2gpu_nvlink,2,2048,ip,e_op_j,Ring/LL,RING/LL[0-0],5.543333333333333,0.0011036761186740721,False
reduce_scatter,2gpu_nvlink,2,2048,ip,e_op_j,Ring/LL128,RING/LL128[0-0],12.693333333333333,0.002493872439727697,False
reduce_scatter,2gpu_nvlink,2,2048,ip,e_op_j,Ring/Simple,RING/SIMPLE[0-0],12.816666666666665,0.002547146544903135,False
reduce_scatter,2gpu_nvlink,2,2048,ip,e_op_j,Ring/auto,RING/LL[0-0],5.539999999999999,0.0011019273001261357,False
reduce_scatter,2gpu_nvlink,2,2048,ip,e_op_j,auto/LL,RING/LL[0-0],5.536666666666666,0.0010973502390156625,False
reduce_scatter,2gpu_nvlink,2,2048,ip,e_op_j,auto/LL128,RING/LL128[0-0],12.69,0.002551272332709058,False
reduce_scatter,2gpu_nvlink,2,2048,ip,e_op_j,auto/Simple,RING/SIMPLE[0-0],12.803333333333333,0.0025503813608132174,False
reduce_scatter,2gpu_nvlink,2,2048,ip,e_op_j,auto/auto,RING/LL[0-0],5.53,0.0010839603155158098,True
reduce_scatter,2gpu_nvlink,2,2048,ip,e_op_dyn_j,Ring/LL,RING/LL[0-0],5.543333333333333,0.0008270159118359609,False
reduce_scatter,2gpu_nvlink,2,2048,ip,e_op_dyn_j,Ring/LL128,RING/LL128[0-0],12.693333333333333,0.001860535865747146,False
reduce_scatter,2gpu_nvlink,2,2048,ip,e_op_dyn_j,Ring/Simple,RING/SIMPLE[0-0],12.816666666666665,0.0019076639725387201,False
reduce_scatter,2gpu_nvlink,2,2048,ip,e_op_dyn_j,Ring/auto,RING/LL[0-0],5.539999999999999,0.0008255609783699128,False
reduce_scatter,2gpu_nvlink,2,2048,ip,e_op_dyn_j,auto/LL,RING/LL[0-0],5.536666666666666,0.0008209584121487493,False
reduce_scatter,2gpu_nvlink,2,2048,ip,e_op_dyn_j,auto/LL128,RING/LL128[0-0],12.69,0.0019181244742044752,False
reduce_scatter,2gpu_nvlink,2,2048,ip,e_op_dyn_j,auto/Simple,RING/SIMPLE[0-0],12.803333333333333,0.0019115301350732478,False
reduce_scatter,2gpu_nvlink,2,2048,ip,e_op_dyn_j,auto/auto,RING/LL[0-0],5.53,0.0008079691770108219,True
reduce_scatter,2gpu_nvlink,2,2048,oop,e_op_j,Ring/LL,RING/LL[0-0],5.55,0.0011044974568924701,False
reduce_scatter,2gpu_nvlink,2,2048,oop,e_op_j,Ring/LL128,RING/LL128[0-0],12.713333333333333,0.002567224798596867,False
reduce_scatter,2gpu_nvlink,2,2048,oop,e_op_j,Ring/Simple,RING/SIMPLE[0-0],12.826666666666666,0.0025038117197399307,False
reduce_scatter,2gpu_nvlink,2,2048,oop,e_op_j,Ring/auto,RING/LL[0-0],5.546666666666667,0.001103308192162104,False
reduce_scatter,2gpu_nvlink,2,2048,oop,e_op_j,auto/LL,RING/LL[0-0],5.546666666666666,0.001108780506430739,False
reduce_scatter,2gpu_nvlink,2,2048,oop,e_op_j,auto/LL128,RING/LL128[0-0],12.733333333333334,0.0025630573887452063,False
reduce_scatter,2gpu_nvlink,2,2048,oop,e_op_j,auto/Simple,RING/SIMPLE[0-0],12.816666666666665,0.0025520601415161145,False
reduce_scatter,2gpu_nvlink,2,2048,oop,e_op_j,auto/auto,RING/LL[0-0],5.543333333333332,0.0010942013080702901,True
reduce_scatter,2gpu_nvlink,2,2048,oop,e_op_dyn_j,Ring/LL,RING/LL[0-0],5.55,0.0008259148638542548,False
reduce_scatter,2gpu_nvlink,2,2048,oop,e_op_dyn_j,Ring/LL128,RING/LL128[0-0],12.713333333333333,0.0019287099980353974,False
reduce_scatter,2gpu_nvlink,2,2048,oop,e_op_dyn_j,Ring/Simple,RING/SIMPLE[0-0],12.826666666666666,0.0018594383684346644,False
reduce_scatter,2gpu_nvlink,2,2048,oop,e_op_dyn_j,Ring/auto,RING/LL[0-0],5.546666666666667,0.0008243068299314092,False
reduce_scatter,2gpu_nvlink,2,2048,oop,e_op_dyn_j,auto/LL,RING/LL[0-0],5.546666666666666,0.0008303827740764749,False
reduce_scatter,2gpu_nvlink,2,2048,oop,e_op_dyn_j,auto/LL128,RING/LL128[0-0],12.733333333333334,0.0019243453969614006,False
reduce_scatter,2gpu_nvlink,2,2048,oop,e_op_dyn_j,auto/Simple,RING/SIMPLE[0-0],12.816666666666665,0.0019089234554882752,False
reduce_scatter,2gpu_nvlink,2,2048,oop,e_op_dyn_j,auto/auto,RING/LL[0-0],5.543333333333332,0.0008149661585199307,True
reduce_scatter,2gpu_nvlink,2,4096,ip,e_op_j,Ring/LL,RING/LL[0-0],5.766666666666666,0.0011332204815069382,False
reduce_scatter,2gpu_nvlink,2,4096,ip,e_op_j,Ring/LL128,RING/LL128[0-0],12.743333333333334,0.0025129014683706236,False
reduce_scatter,2gpu_nvlink,2,4096,ip,e_op_j,Ring/Simple,RING/SIMPLE[0-0],13.209999999999999,0.002636587628439581,False
reduce_scatter,2gpu_nvlink,2,4096,ip,e_op_j,Ring/auto,RING/LL[0-0],5.756666666666667,0.0011592807178575648,False
reduce_scatter,2gpu_nvlink,2,4096,ip,e_op_j,auto/LL,RING/LL[0-0],5.73,0.0011230608084486179,True
reduce_scatter,2gpu_nvlink,2,4096,ip,e_op_j,auto/LL128,RING/LL128[0-0],12.746666666666668,0.0025492873089472783,False
reduce_scatter,2gpu_nvlink,2,4096,ip,e_op_j,auto/Simple,RING/SIMPLE[0-0],13.196666666666667,0.00260713745682198,False
reduce_scatter,2gpu_nvlink,2,4096,ip,e_op_j,auto/auto,RING/LL[0-0],5.753333333333333,0.001133946187862768,False
reduce_scatter,2gpu_nvlink,2,4096,ip,e_op_dyn_j,Ring/LL,RING/LL[0-0],5.766666666666666,0.0008454101674353389,False
reduce_scatter,2gpu_nvlink,2,4096,ip,e_op_dyn_j,Ring/LL128,RING/LL128[0-0],12.743333333333334,0.001877130739206815,False
reduce_scatter,2gpu_nvlink,2,4096,ip,e_op_dyn_j,Ring/Simple,RING/SIMPLE[0-0],13.209999999999999,0.0019774673830271192,False
reduce_scatter,2gpu_nvlink,2,4096,ip,e_op_dyn_j,Ring/auto,RING/LL[0-0],5.756666666666667,0.000871911606752243,False
reduce_scatter,2gpu_nvlink,2,4096,ip,e_op_dyn_j,auto/LL,RING/LL[0-0],5.73,0.000837121379468952,True
reduce_scatter,2gpu_nvlink,2,4096,ip,e_op_dyn_j,auto/LL128,RING/LL128[0-0],12.746666666666668,0.0019133040085829885,False
reduce_scatter,2gpu_nvlink,2,4096,ip,e_op_dyn_j,auto/Simple,RING/SIMPLE[0-0],13.196666666666667,0.001948799211219573,False
reduce_scatter,2gpu_nvlink,2,4096,ip,e_op_dyn_j,auto/auto,RING/LL[0-0],5.753333333333333,0.0008469096262306085,False
reduce_scatter,2gpu_nvlink,2,4096,oop,e_op_j,Ring/LL,RING/LL[0-0],5.789999999999999,0.0011491834751107416,False
reduce_scatter,2gpu_nvlink,2,4096,oop,e_op_j,Ring/LL128,RING/LL128[0-0],12.769999999999998,0.0025785662886500175,False
reduce_scatter,2gpu_nvlink,2,4096,oop,e_op_j,Ring/Simple,RING/SIMPLE[0-0],13.263333333333334,0.0026082457373914035,False
reduce_scatter,2gpu_nvlink,2,4096,oop,e_op_j,Ring/auto,RING/LL[0-0],5.760000000000001,0.0011529219218198328,False
reduce_scatter,2gpu_nvlink,2,4096,oop,e_op_j,auto/LL,RING/LL[0-0],5.739999999999999,0.0011345222594986207,True
reduce_scatter,2gpu_nvlink,2,4096,oop,e_op_j,auto/LL128,RING/LL128[0-0],12.780000000000001,0.0025627272659394158,False
reduce_scatter,2gpu_nvlink,2,4096,oop,e_op_j,auto/Simple,RING/SIMPLE[0-0],13.243333333333334,0.0026274544458387093,False
reduce_scatter,2gpu_nvlink,2,4096,oop,e_op_j,auto/auto,RING/LL[0-0],5.763333333333333,0.0011474068280823244,False
reduce_scatter,2gpu_nvlink,2,4096,oop,e_op_dyn_j,Ring/LL,RING/LL[0-0],5.789999999999999,0.0008588442576399701,False
reduce_scatter,2gpu_nvlink,2,4096,oop,e_op_dyn_j,Ring/LL128,RING/LL128[0-0],12.769999999999998,0.0019369517258425578,False
reduce_scatter,2gpu_nvlink,2,4096,oop,e_op_dyn_j,Ring/Simple,RING/SIMPLE[0-0],13.263333333333334,0.0019418354633476606,False
reduce_scatter,2gpu_nvlink,2,4096,oop,e_op_dyn_j,Ring/auto,RING/LL[0-0],5.760000000000001,0.0008631626777370438,False
reduce_scatter,2gpu_nvlink,2,4096,oop,e_op_dyn_j,auto/LL,RING/LL[0-0],5.739999999999999,0.0008462252860398298,True
reduce_scatter,2gpu_nvlink,2,4096,oop,e_op_dyn_j,auto/LL128,RING/LL128[0-0],12.780000000000001,0.0019215445394740241,False
reduce_scatter,2gpu_nvlink,2,4096,oop,e_op_dyn_j,auto/Simple,RING/SIMPLE[0-0],13.243333333333334,0.001963207729931959,False
reduce_scatter,2gpu_nvlink,2,4096,oop,e_op_dyn_j,auto/auto,RING/LL[0-0],5.763333333333333,0.000858307175910013,False
reduce_scatter,2gpu_nvlink,2,8192,ip,e_op_j,Ring/LL,RING/LL[0-0],6.27,0.001239084322181532,True
reduce_scatter,2gpu_nvlink,2,8192,ip,e_op_j,Ring/LL128,RING/LL128[0-0],17.77,0.0035863870045404027,False
reduce_scatter,2gpu_nvlink,2,8192,ip,e_op_j,Ring/Simple,RING/SIMPLE[0-0],14.236666666666665,0.002847361173328024,False
reduce_scatter,2gpu_nvlink,2,8192,ip,e_op_j,Ring/auto,RING/LL[0-0],6.256666666666665,0.0012527723473348415,False
reduce_scatter,2gpu_nvlink,2,8192,ip,e_op_j,auto/LL,RING/LL[0-0],6.243333333333332,0.0012518702049609904,True
reduce_scatter,2gpu_nvlink,2,8192,ip,e_op_j,auto/LL128,RING/LL128[0-0],17.75333333333333,0.0035758357981536255,False
reduce_scatter,2gpu_nvlink,2,8192,ip,e_op_j,auto/Simple,RING/SIMPLE[0-0],14.229999999999999,0.002831205708936022,False
reduce_scatter,2gpu_nvlink,2,8192,ip,e_op_j,auto/auto,RING/LL[0-0],6.260000000000001,0.001240085789425821,True
reduce_scatter,2gpu_nvlink,2,8192,ip,e_op_dyn_j,Ring/LL,RING/LL[0-0],6.27,0.0009260579619151028,True
reduce_scatter,2gpu_nvlink,2,8192,ip,e_op_dyn_j,Ring/LL128,RING/LL128[0-0],17.77,0.0026995854477147433,False
reduce_scatter,2gpu_nvlink,2,8192,ip,e_op_dyn_j,Ring/Simple,RING/SIMPLE[0-0],14.236666666666665,0.0021372035674115703,False
reduce_scatter,2gpu_nvlink,2,8192,ip,e_op_dyn_j,Ring/auto,RING/LL[0-0],6.256666666666665,0.0009406053695531546,False
reduce_scatter,2gpu_nvlink,2,8192,ip,e_op_dyn_j,auto/LL,RING/LL[0-0],6.243333333333332,0.0009401238867875575,True
reduce_scatter,2gpu_nvlink,2,8192,ip,e_op_dyn_j,auto/LL128,RING/LL128[0-0],17.75333333333333,0.0026898661462492882,False
reduce_scatter,2gpu_nvlink,2,8192,ip,e_op_dyn_j,auto/Simple,RING/SIMPLE[0-0],14.229999999999999,0.00212123814948407,False
reduce_scatter,2gpu_nvlink,2,8192,ip,e_op_dyn_j,auto/auto,RING/LL[0-0],6.260000000000001,0.0009276724786360241,True
reduce_scatter,2gpu_nvlink,2,8192,oop,e_op_j,Ring/LL,RING/LL[0-0],6.266666666666666,0.0012521623732237675,False
reduce_scatter,2gpu_nvlink,2,8192,oop,e_op_j,Ring/LL128,RING/LL128[0-0],17.766666666666666,0.0035707638092158113,False
reduce_scatter,2gpu_nvlink,2,8192,oop,e_op_j,Ring/Simple,RING/SIMPLE[0-0],14.270000000000001,0.0028179636819139586,False
reduce_scatter,2gpu_nvlink,2,8192,oop,e_op_j,Ring/auto,RING/LL[0-0],6.260000000000001,0.0012452609166749892,False
reduce_scatter,2gpu_nvlink,2,8192,oop,e_op_j,auto/LL,RING/LL[0-0],6.246666666666666,0.0012397809462020468,True
reduce_scatter,2gpu_nvlink,2,8192,oop,e_op_j,auto/LL128,RING/LL128[0-0],17.74,0.003621047644656142,False
reduce_scatter,2gpu_nvlink,2,8192,oop,e_op_j,auto/Simple,RING/SIMPLE[0-0],14.276666666666666,0.0028549206093334404,False
reduce_scatter,2gpu_nvlink,2,8192,oop,e_op_j,auto/auto,RING/LL[0-0],6.263333333333333,0.001250958367497534,False
reduce_scatter,2gpu_nvlink,2,8192,oop,e_op_dyn_j,Ring/LL,RING/LL[0-0],6.266666666666666,0.0009376750371997167,False
reduce_scatter,2gpu_nvlink,2,8192,oop,e_op_dyn_j,Ring/LL128,RING/LL128[0-0],17.766666666666666,0.002678851148960612,False
reduce_scatter,2gpu_nvlink,2,8192,oop,e_op_dyn_j,Ring/Simple,RING/SIMPLE[0-0],14.270000000000001,0.002100795526341024,False
reduce_scatter,2gpu_nvlink,2,8192,oop,e_op_dyn_j,Ring/auto,RING/LL[0-0],6.260000000000001,0.0009301796530056818,False
reduce_scatter,2gpu_nvlink,2,8192,oop,e_op_dyn_j,auto/LL,RING/LL[0-0],6.246666666666666,0.0009264384146696205,True
reduce_scatter,2gpu_nvlink,2,8192,oop,e_op_dyn_j,auto/LL128,RING/LL128[0-0],17.74,0.002730902754214916,False
reduce_scatter,2gpu_nvlink,2,8192,oop,e_op_dyn_j,auto/Simple,RING/SIMPLE[0-0],14.276666666666666,0.00213874735048808,False
reduce_scatter,2gpu_nvlink,2,8192,oop,e_op_dyn_j,auto/auto,RING/LL[0-0],6.263333333333333,0.0009362493623820276,False
reduce_scatter,2gpu_nvlink,2,16384,ip,e_op_j,Ring/LL,RING/LL[0-1],6.623333333333332,0.0013373297001401932,True
reduce_scatter,2gpu_nvlink,2,16384,ip,e_op_j,Ring/LL128,RING/LL128[0-0],18.09,0.0036740846305634727,False
reduce_scatter,2gpu_nvlink,2,16384,ip,e_op_j,Ring/Simple,RING/SIMPLE[0-0],16.64,0.003303302154604155,False
reduce_scatter,2gpu_nvlink,2,16384,ip,e_op_j,Ring/auto,RING/LL[0-1],6.653333333333332,0.0013522706974063434,False
reduce_scatter,2gpu_nvlink,2,16384,ip,e_op_j,auto/LL,RING/LL[0-1],6.646666666666666,0.0013431960907009446,False
reduce_scatter,2gpu_nvlink,2,16384,ip,e_op_j,auto/LL128,RING/LL128[0-0],18.09,0.0036251142016038985,False
reduce_scatter,2gpu_nvlink,2,16384,ip,e_op_j,auto/Simple,RING/SIMPLE[0-0],16.61,0.003303597337305203,False
reduce_scatter,2gpu_nvlink,2,16384,ip,e_op_j,auto/auto,RING/LL[0-1],6.64,0.001349322883804946,False
reduce_scatter,2gpu_nvlink,2,16384,ip,e_op_dyn_j,Ring/LL,RING/LL[0-1],6.623333333333332,0.0010068739202955849,True
reduce_scatter,2gpu_nvlink,2,16384,ip,e_op_dyn_j,Ring/LL128,RING/LL128[0-0],18.09,0.0027714592272572026,False
reduce_scatter,2gpu_nvlink,2,16384,ip,e_op_dyn_j,Ring/Simple,RING/SIMPLE[0-0],16.64,0.0024729136409738354,False
reduce_scatter,2gpu_nvlink,2,16384,ip,e_op_dyn_j,Ring/auto,RING/LL[0-1],6.653333333333332,0.0010201701330758383,False
reduce_scatter,2gpu_nvlink,2,16384,ip,e_op_dyn_j,auto/LL,RING/LL[0-1],6.646666666666666,0.0010115244471537485,False
reduce_scatter,2gpu_nvlink,2,16384,ip,e_op_dyn_j,auto/LL128,RING/LL128[0-0],18.09,0.002722432380016248,False
reduce_scatter,2gpu_nvlink,2,16384,ip,e_op_dyn_j,auto/Simple,RING/SIMPLE[0-0],16.61,0.002474776765001478,False
reduce_scatter,2gpu_nvlink,2,16384,ip,e_op_dyn_j,auto/auto,RING/LL[0-1],6.64,0.0010179801300363356,False
reduce_scatter,2gpu_nvlink,2,16384,oop,e_op_j,Ring/LL,RING/LL[0-1],6.623333333333334,0.0013400433244418555,True
reduce_scatter,2gpu_nvlink,2,16384,oop,e_op_j,Ring/LL128,RING/LL128[0-0],18.093333333333334,0.0036168812186132947,False
reduce_scatter,2gpu_nvlink,2,16384,oop,e_op_j,Ring/Simple,RING/SIMPLE[0-0],16.68,0.0033084697402734876,False
reduce_scatter,2gpu_nvlink,2,16384,oop,e_op_j,Ring/auto,RING/LL[0-1],6.6499999999999995,0.0013371481717005154,True
reduce_scatter,2gpu_nvlink,2,16384,oop,e_op_j,auto/LL,RING/LL[0-1],6.653333333333333,0.0013447673990352536,False
reduce_scatter,2gpu_nvlink,2,16384,oop,e_op_j,auto/LL128,RING/LL128[0-0],18.049999999999997,0.003675526889109266,False
reduce_scatter,2gpu_nvlink,2,16384,oop,e_op_j,auto/Simple,RING/SIMPLE[0-0],16.636666666666667,0.0032699280339729773,False
reduce_scatter,2gpu_nvlink,2,16384,oop,e_op_j,auto/auto,RING/LL[0-1],6.639999999999998,0.0013432132830351292,False
reduce_scatter,2gpu_nvlink,2,16384,oop,e_op_dyn_j,Ring/LL,RING/LL[0-1],6.623333333333334,0.0010071998400419965,True
reduce_scatter,2gpu_nvlink,2,16384,oop,e_op_dyn_j,Ring/LL128,RING/LL128[0-0],18.093333333333334,0.0027088075219106767,False
reduce_scatter,2gpu_nvlink,2,16384,oop,e_op_dyn_j,Ring/Simple,RING/SIMPLE[0-0],16.68,0.002471122268039876,False
reduce_scatter,2gpu_nvlink,2,16384,oop,e_op_dyn_j,Ring/auto,RING/LL[0-1],6.6499999999999995,0.0010029556614823097,True
reduce_scatter,2gpu_nvlink,2,16384,oop,e_op_dyn_j,auto/LL,RING/LL[0-1],6.653333333333333,0.0010104545676923678,False
reduce_scatter,2gpu_nvlink,2,16384,oop,e_op_dyn_j,auto/LL128,RING/LL128[0-0],18.049999999999997,0.0027705187070777002,False
reduce_scatter,2gpu_nvlink,2,16384,oop,e_op_dyn_j,auto/Simple,RING/SIMPLE[0-0],16.636666666666667,0.00243407723910328,False
reduce_scatter,2gpu_nvlink,2,16384,oop,e_op_dyn_j,auto/auto,RING/LL[0-1],6.639999999999998,0.0010098113705083863,False
reduce_scatter,2gpu_nvlink,2,32768,ip,e_op_j,Ring/LL,RING/LL[0-3],7.046666666666667,0.001431693270086432,True
reduce_scatter,2gpu_nvlink,2,32768,ip,e_op_j,Ring/LL128,RING/LL128[0-1],18.429999999999996,0.003792126072551994,False
reduce_scatter,2gpu_nvlink,2,32768,ip,e_op_j,Ring/Simple,RING/SIMPLE[0-0],20.486666666666665,0.0041130778811199,False
reduce_scatter,2gpu_nvlink,2,32768,ip,e_op_j,Ring/auto,RING/LL[0-3],7.053333333333334,0.0014283626411697693,True
reduce_scatter,2gpu_nvlink,2,32768,ip,e_op_j,auto/LL,RING/LL[0-3],7.0233333333333325,0.0014366879028123336,True
reduce_scatter,2gpu_nvlink,2,32768,ip,e_op_j,auto/LL128,RING/LL128[0-1],18.416666666666664,0.0037872257520695334,False
reduce_scatter,2gpu_nvlink,2,32768,ip,e_op_j,auto/Simple,RING/SIMPLE[0-0],20.453333333333333,0.0041497631199640846,False
reduce_scatter,2gpu_nvlink,2,32768,ip,e_op_j,auto/auto,RING/LL[0-3],7.036666666666666,0.001450540236363042,False
reduce_scatter,2gpu_nvlink,2,32768,ip,e_op_dyn_j,Ring/LL,RING/LL[0-3],7.046666666666667,0.0010799454810381545,True
reduce_scatter,2gpu_nvlink,2,32768,ip,e_op_dyn_j,Ring/LL128,RING/LL128[0-1],18.429999999999996,0.0028723489386325274,False
reduce_scatter,2gpu_nvlink,2,32768,ip,e_op_dyn_j,Ring/Simple,RING/SIMPLE[0-0],20.486666666666665,0.0030906168916554765,False
reduce_scatter,2gpu_nvlink,2,32768,ip,e_op_dyn_j,Ring/auto,RING/LL[0-3],7.053333333333334,0.0010763310221575321,True
reduce_scatter,2gpu_nvlink,2,32768,ip,e_op_dyn_j,auto/LL,RING/LL[0-3],7.0233333333333325,0.0010862191200752215,True
reduce_scatter,2gpu_nvlink,2,32768,ip,e_op_dyn_j,auto/LL128,RING/LL128[0-1],18.416666666666664,0.002868295141534244,False
reduce_scatter,2gpu_nvlink,2,32768,ip,e_op_dyn_j,auto/Simple,RING/SIMPLE[0-0],20.453333333333333,0.0031290850233334313,False
reduce_scatter,2gpu_nvlink,2,32768,ip,e_op_dyn_j,auto/auto,RING/LL[0-3],7.036666666666666,0.0010993338374905859,False
reduce_scatter,2gpu_nvlink,2,32768,oop,e_op_j,Ring/LL,RING/LL[0-3],7.056666666666666,0.0014393442569687394,True
reduce_scatter,2gpu_nvlink,2,32768,oop,e_op_j,Ring/LL128,RING/LL128[0-1],18.419999999999998,0.003779861794321796,False
reduce_scatter,2gpu_nvlink,2,32768,oop,e_op_j,Ring/Simple,RING/SIMPLE[0-0],20.430000000000003,0.00411874336772456,False
reduce_scatter,2gpu_nvlink,2,32768,oop,e_op_j,Ring/auto,RING/LL[0-3],7.053333333333334,0.0014518942760598037,False
reduce_scatter,2gpu_nvlink,2,32768,oop,e_op_j,auto/LL,RING/LL[0-3],7.026666666666666,0.0014482483629592539,True
reduce_scatter,2gpu_nvlink,2,32768,oop,e_op_j,auto/LL128,RING/LL128[0-1],18.37333333333333,0.003794584092095881,False
reduce_scatter,2gpu_nvlink,2,32768,oop,e_op_j,auto/Simple,RING/SIMPLE[0-0],20.5,0.004081431204366627,False
reduce_scatter,2gpu_nvlink,2,32768,oop,e_op_j,auto/auto,RING/LL[0-3],7.036666666666666,0.0014394297305785272,True
reduce_scatter,2gpu_nvlink,2,32768,oop,e_op_dyn_j,Ring/LL,RING/LL[0-3],7.056666666666666,0.001084658349269979,True
reduce_scatter,2gpu_nvlink,2,32768,oop,e_op_dyn_j,Ring/LL128,RING/LL128[0-1],18.419999999999998,0.0028547141584622667,False
reduce_scatter,2gpu_nvlink,2,32768,oop,e_op_dyn_j,Ring/Simple,RING/SIMPLE[0-0],20.430000000000003,0.0030941222556455004,False
reduce_scatter,2gpu_nvlink,2,32768,oop,e_op_dyn_j,Ring/auto,RING/LL[0-3],7.053333333333334,0.001097826557412253,False
reduce_scatter,2gpu_nvlink,2,32768,oop,e_op_dyn_j,auto/LL,RING/LL[0-3],7.026666666666666,0.0010951031701778677,True
reduce_scatter,2gpu_nvlink,2,32768,oop,e_op_dyn_j,auto/LL128,RING/LL128[0-1],18.37333333333333,0.002873753140796308,False
reduce_scatter,2gpu_nvlink,2,32768,oop,e_op_dyn_j,auto/Simple,RING/SIMPLE[0-0],20.5,0.0030521384444563014,False
reduce_scatter,2gpu_nvlink,2,32768,oop,e_op_dyn_j,auto/auto,RING/LL[0-3],7.036666666666666,0.0010864876465177288,True
reduce_scatter,2gpu_nvlink,2,65536,ip,e_op_j,Ring/LL,RING/LL[0-3],7.7299999999999995,0.0016050056592352088,False
reduce_scatter,2gpu_nvlink,2,65536,ip,e_op_j,Ring/LL128,RING/LL128[0-3],18.543333333333337,0.003957965269157357,False
reduce_scatter,2gpu_nvlink,2,65536,ip,e_op_j,Ring/Simple,RING/SIMPLE[0-1],21.186666666666664,0.0043232795085886636,False
reduce_scatter,2gpu_nvlink,2,65536,ip,e_op_j,Ring/auto,RING/LL[0-3],7.743333333333333,0.0016085706371393989,False
reduce_scatter,2gpu_nvlink,2,65536,ip,e_op_j,auto/LL,RING/LL[0-3],7.739999999999999,0.0016109644020914405,False
reduce_scatter,2gpu_nvlink,2,65536,ip,e_op_j,auto/LL128,RING/LL128[0-3],18.57,0.004060865734993793,False
reduce_scatter,2gpu_nvlink,2,65536,ip,e_op_j,auto/Simple,RING/SIMPLE[0-1],21.246666666666663,0.004356519844397875,False
reduce_scatter,2gpu_nvlink,2,65536,ip,e_op_j,auto/auto,RING/LL[0-3],7.726666666666667,0.0015926057490718876,True
reduce_scatter,2gpu_nvlink,2,65536,ip,e_op_dyn_j,Ring/LL,RING/LL[0-3],7.7299999999999995,0.0012191823055200017,False
reduce_scatter,2gpu_nvlink,2,65536,ip,e_op_dyn_j,Ring/LL128,RING/LL128[0-3],18.543333333333337,0.0030324679524178916,False
reduce_scatter,2gpu_nvlink,2,65536,ip,e_op_dyn_j,Ring/Simple,RING/SIMPLE[0-1],21.186666666666664,0.003265957914159284,False
reduce_scatter,2gpu_nvlink,2,65536,ip,e_op_dyn_j,Ring/auto,RING/LL[0-3],7.743333333333333,0.0012221218722332152,False
reduce_scatter,2gpu_nvlink,2,65536,ip,e_op_dyn_j,auto/LL,RING/LL[0-3],7.739999999999999,0.0012246615598230576,False
reduce_scatter,2gpu_nvlink,2,65536,ip,e_op_dyn_j,auto/LL128,RING/LL128[0-3],18.57,0.003134175054845328,False
reduce_scatter,2gpu_nvlink,2,65536,ip,e_op_dyn_j,auto/Simple,RING/SIMPLE[0-1],21.246666666666663,0.0032961120307966663,False
reduce_scatter,2gpu_nvlink,2,65536,ip,e_op_dyn_j,auto/auto,RING/LL[0-3],7.726666666666667,0.0012069498533906593,True
reduce_scatter,2gpu_nvlink,2,65536,oop,e_op_j,Ring/LL,RING/LL[0-3],7.736666666666667,0.001597577717097445,True
reduce_scatter,2gpu_nvlink,2,65536,oop,e_op_j,Ring/LL128,RING/LL128[0-3],18.506666666666668,0.003991516170797795,False
reduce_scatter,2gpu_nvlink,2,65536,oop,e_op_j,Ring/Simple,RING/SIMPLE[0-1],21.176666666666662,0.004286481896985079,False
reduce_scatter,2gpu_nvlink,2,65536,oop,e_op_j,Ring/auto,RING/LL[0-3],7.746666666666667,0.0016029615971462968,False
reduce_scatter,2gpu_nvlink,2,65536,oop,e_op_j,auto/LL,RING/LL[0-3],7.743333333333333,0.0016011152765672033,False
reduce_scatter,2gpu_nvlink,2,65536,oop,e_op_j,auto/LL128,RING/LL128[0-3],18.603333333333335,0.003924222159932727,False
reduce_scatter,2gpu_nvlink,2,65536,oop,e_op_j,auto/Simple,RING/SIMPLE[0-1],21.249999999999996,0.004424868141938874,False
reduce_scatter,2gpu_nvlink,2,65536,oop,e_op_j,auto/auto,RING/LL[0-3],7.7299999999999995,0.0016162595510235353,True
reduce_scatter,2gpu_nvlink,2,65536,oop,e_op_dyn_j,Ring/LL,RING/LL[0-3],7.736666666666667,0.0012100975302905663,True
reduce_scatter,2gpu_nvlink,2,65536,oop,e_op_dyn_j,Ring/LL128,RING/LL128[0-3],18.506666666666668,0.0030625340084817353,False
reduce_scatter,2gpu_nvlink,2,65536,oop,e_op_dyn_j,Ring/Simple,RING/SIMPLE[0-1],21.176666666666662,0.0032236505987817796,False
reduce_scatter,2gpu_nvlink,2,65536,oop,e_op_dyn_j,Ring/auto,RING/LL[0-3],7.746666666666667,0.0012139264628457747,False
reduce_scatter,2gpu_nvlink,2,65536,oop,e_op_dyn_j,auto/LL,RING/LL[0-3],7.743333333333333,0.0012132106582779566,False
reduce_scatter,2gpu_nvlink,2,65536,oop,e_op_dyn_j,auto/LL128,RING/LL128[0-3],18.603333333333335,0.002990869265247163,False
reduce_scatter,2gpu_nvlink,2,65536,oop,e_op_dyn_j,auto/Simple,RING/SIMPLE[0-1],21.249999999999996,0.0033575326461407757,False
reduce_scatter,2gpu_nvlink,2,65536,oop,e_op_dyn_j,auto/auto,RING/LL[0-3],7.7299999999999995,0.0012282636858095026,True
reduce_scatter,2gpu_nvlink,2,131072,ip,e_op_j,Ring/LL,RING/LL[0-3],9.11,0.001919664785441928,True
reduce_scatter,2gpu_nvlink,2,131072,ip,e_op_j,Ring/LL128,RING/LL128[0-3],19.126666666666665,0.004143129031992289,False
reduce_scatter,2gpu_nvlink,2,131072,ip,e_op_j,Ring/Simple,RING/SIMPLE[0-3],21.55333333333333,0.004539730228189505,False
reduce_scatter,2gpu_nvlink,2,131072,ip,e_op_j,Ring/auto,RING/LL[0-3],9.12,0.001922073449364962,False
reduce_scatter,2gpu_nvlink,2,131072,ip,e_op_j,auto/LL,RING/LL[0-3],9.113333333333332,0.0019049463742152873,True
reduce_scatter,2gpu_nvlink,2,131072,ip,e_op_j,auto/LL128,RING/LL128[0-3],19.173333333333336,0.004127029899565801,False
reduce_scatter,2gpu_nvlink,2,131072,ip,e_op_j,auto/Simple,RING/SIMPLE[0-3],21.583333333333332,0.004544285665457958,False
reduce_scatter,2gpu_nvlink,2,131072,ip,e_op_j,auto/auto,RING/LL[0-3],9.116666666666667,0.0019093588167797642,False
reduce_scatter,2gpu_nvlink,2,131072,ip,e_op_dyn_j,Ring/LL,RING/LL[0-3],9.11,0.0014649443233998825,True
reduce_scatter,2gpu_nvlink,2,131072,ip,e_op_dyn_j,Ring/LL128,RING/LL128[0-3],19.126666666666665,0.0031885332017707424,False
reduce_scatter,2gpu_nvlink,2,131072,ip,e_op_dyn_j,Ring/Simple,RING/SIMPLE[0-3],21.55333333333333,0.0034641851045668095,False
reduce_scatter,2gpu_nvlink,2,131072,ip,e_op_dyn_j,Ring/auto,RING/LL[0-3],9.12,0.0014670499490239877,False
reduce_scatter,2gpu_nvlink,2,131072,ip,e_op_dyn_j,auto/LL,RING/LL[0-3],9.113333333333332,0.0014501581063602919,True
reduce_scatter,2gpu_nvlink,2,131072,ip,e_op_dyn_j,auto/LL128,RING/LL128[0-3],19.173333333333336,0.0031701992465242457,False
reduce_scatter,2gpu_nvlink,2,131072,ip,e_op_dyn_j,auto/Simple,RING/SIMPLE[0-3],21.583333333333332,0.0034672289105955683,False
reduce_scatter,2gpu_nvlink,2,131072,ip,e_op_dyn_j,auto/auto,RING/LL[0-3],9.116666666666667,0.0014543440782762145,False
reduce_scatter,2gpu_nvlink,2,131072,oop,e_op_j,Ring/LL,RING/LL[0-3],9.12,0.001888583333998547,True
reduce_scatter,2gpu_nvlink,2,131072,oop,e_op_j,Ring/LL128,RING/LL128[0-3],19.14,0.004135897879539381,False
reduce_scatter,2gpu_nvlink,2,131072,oop,e_op_j,Ring/Simple,RING/SIMPLE[0-3],21.55666666666666,0.004471683912282175,False
reduce_scatter,2gpu_nvlink,2,131072,oop,e_op_j,Ring/auto,RING/LL[0-3],9.12,0.0019199440561790202,False
reduce_scatter,2gpu_nvlink,2,131072,oop,e_op_j,auto/LL,RING/LL[0-3],9.133333333333335,0.001907139621010279,False
reduce_scatter,2gpu_nvlink,2,131072,oop,e_op_j,auto/LL128,RING/LL128[0-3],19.126666666666665,0.004175610171400009,False
reduce_scatter,2gpu_nvlink,2,131072,oop,e_op_j,auto/Simple,RING/SIMPLE[0-3],21.569999999999997,0.004570206101960346,False
reduce_scatter,2gpu_nvlink,2,131072,oop,e_op_j,auto/auto,RING/LL[0-3],9.133333333333333,0.0018926715330774976,False
reduce_scatter,2gpu_nvlink,2,131072,oop,e_op_dyn_j,Ring/LL,RING/LL[0-3],9.12,0.0014305688522963924,True
reduce_scatter,2gpu_nvlink,2,131072,oop,e_op_dyn_j,Ring/LL128,RING/LL128[0-3],19.14,0.0031756444873004574,False
reduce_scatter,2gpu_nvlink,2,131072,oop,e_op_dyn_j,Ring/Simple,RING/SIMPLE[0-3],21.55666666666666,0.003390571822073583,False
reduce_scatter,2gpu_nvlink,2,131072,oop,e_op_dyn_j,Ring/auto,RING/LL[0-3],9.12,0.0014620493070037176,False
reduce_scatter,2gpu_nvlink,2,131072,oop,e_op_dyn_j,auto/LL,RING/LL[0-3],9.133333333333335,0.0014485788266935201,False
reduce_scatter,2gpu_nvlink,2,131072,oop,e_op_dyn_j,auto/LL128,RING/LL128[0-3],19.126666666666665,0.003216480341998389,False
reduce_scatter,2gpu_nvlink,2,131072,oop,e_op_dyn_j,auto/Simple,RING/SIMPLE[0-3],21.569999999999997,0.0034879443966323916,False
reduce_scatter,2gpu_nvlink,2,131072,oop,e_op_dyn_j,auto/auto,RING/LL[0-3],9.133333333333333,0.0014343317240417437,False
reduce_scatter,2gpu_nvlink,2,262144,ip,e_op_j,Ring/LL,RING/LL[0-3],12.833333333333334,0.0027398120807359586,False
reduce_scatter,2gpu_nvlink,2,262144,ip,e_op_j,Ring/LL128,RING/LL128[0-3],21.733333333333334,0.004804921335682842,False
reduce_scatter,2gpu_nvlink,2,262144,ip,e_op_j,Ring/Simple,RING/SIMPLE[0-3],23.486666666666668,0.0048997732712369865,False
reduce_scatter,2gpu_nvlink,2,262144,ip,e_op_j,Ring/auto,RING/LL[0-3],12.853333333333333,0.002706286973604394,True
reduce_scatter,2gpu_nvlink,2,262144,ip,e_op_j,auto/LL,RING/LL[0-3],12.819999999999999,0.002712687290553078,True
reduce_scatter,2gpu_nvlink,2,262144,ip,e_op_j,auto/LL128,RING/LL128[0-3],21.713333333333335,0.004817686243162333,False
reduce_scatter,2gpu_nvlink,2,262144,ip,e_op_j,auto/Simple,RING/SIMPLE[0-3],23.51,0.0049097175532601236,False
reduce_scatter,2gpu_nvlink,2,262144,ip,e_op_j,auto/auto,RING/LL[0-3],12.833333333333334,0.0027204652712231416,False
reduce_scatter,2gpu_nvlink,2,262144,ip,e_op_dyn_j,Ring/LL,RING/LL[0-3],12.833333333333334,0.0020995610028674986,False
reduce_scatter,2gpu_nvlink,2,262144,ip,e_op_dyn_j,Ring/LL128,RING/LL128[0-3],21.733333333333334,0.003720297546808519,False
reduce_scatter,2gpu_nvlink,2,262144,ip,e_op_dyn_j,Ring/Simple,RING/SIMPLE[0-3],23.486666666666668,0.0037279472414331236,False
reduce_scatter,2gpu_nvlink,2,262144,ip,e_op_dyn_j,Ring/auto,RING/LL[0-3],12.853333333333333,0.002064918728672541,True
reduce_scatter,2gpu_nvlink,2,262144,ip,e_op_dyn_j,auto/LL,RING/LL[0-3],12.819999999999999,0.0020730498070157585,True
reduce_scatter,2gpu_nvlink,2,262144,ip,e_op_dyn_j,auto/LL128,RING/LL128[0-3],21.713333333333335,0.0037340837339578394,False
reduce_scatter,2gpu_nvlink,2,262144,ip,e_op_dyn_j,auto/Simple,RING/SIMPLE[0-3],23.51,0.003736332126149137,False
reduce_scatter,2gpu_nvlink,2,262144,ip,e_op_dyn_j,auto/auto,RING/LL[0-3],12.833333333333334,0.0020801442586738067,False
reduce_scatter,2gpu_nvlink,2,262144,oop,e_op_j,Ring/LL,RING/LL[0-3],12.806666666666665,0.002744978099564957,True
reduce_scatter,2gpu_nvlink,2,262144,oop,e_op_j,Ring/LL128,RING/LL128[0-3],21.75,0.004731736046636477,False
reduce_scatter,2gpu_nvlink,2,262144,oop,e_op_j,Ring/Simple,RING/SIMPLE[0-3],23.53333333333333,0.004943069003339606,False
reduce_scatter,2gpu_nvlink,2,262144,oop,e_op_j,Ring/auto,RING/LL[0-3],12.846666666666666,0.0026787282471381108,True
reduce_scatter,2gpu_nvlink,2,262144,oop,e_op_j,auto/LL,RING/LL[0-3],12.826666666666666,0.002735619132024261,False
reduce_scatter,2gpu_nvlink,2,262144,oop,e_op_j,auto/LL128,RING/LL128[0-3],21.74,0.004753289133399163,False
reduce_scatter,2gpu_nvlink,2,262144,oop,e_op_j,auto/Simple,RING/SIMPLE[0-3],23.546666666666667,0.004915411989215547,False
reduce_scatter,2gpu_nvlink,2,262144,oop,e_op_j,auto/auto,RING/LL[0-3],12.826666666666666,0.002729432013769363,True
reduce_scatter,2gpu_nvlink,2,262144,oop,e_op_dyn_j,Ring/LL,RING/LL[0-3],12.806666666666665,0.002102381232815462,True
reduce_scatter,2gpu_nvlink,2,262144,oop,e_op_dyn_j,Ring/LL128,RING/LL128[0-3],21.75,0.0036382979803275223,False
reduce_scatter,2gpu_nvlink,2,262144,oop,e_op_dyn_j,Ring/Simple,RING/SIMPLE[0-3],23.53333333333333,0.003761278061599192,False
reduce_scatter,2gpu_nvlink,2,262144,oop,e_op_dyn_j,Ring/auto,RING/LL[0-3],12.846666666666666,0.002033979211499787,True
reduce_scatter,2gpu_nvlink,2,262144,oop,e_op_dyn_j,auto/LL,RING/LL[0-3],12.826666666666666,0.002091230940064082,False
reduce_scatter,2gpu_nvlink,2,262144,oop,e_op_dyn_j,auto/LL128,RING/LL128[0-3],21.74,0.00365895199611563,False
reduce_scatter,2gpu_nvlink,2,262144,oop,e_op_dyn_j,auto/Simple,RING/SIMPLE[0-3],23.546666666666667,0.003732244705496235,False
reduce_scatter,2gpu_nvlink,2,262144,oop,e_op_dyn_j,auto/auto,RING/LL[0-3],12.826666666666666,0.002084499730800507,True
reduce_scatter,2gpu_nvlink,2,524288,ip,e_op_j,Ring/LL,RING/LL[0-3],20.326666666666664,0.004429966967628276,True
reduce_scatter,2gpu_nvlink,2,524288,ip,e_op_j,Ring/LL128,RING/LL128[0-3],27.093333333333334,0.006173730975424055,False
reduce_scatter,2gpu_nvlink,2,524288,ip,e_op_j,Ring/Simple,RING/SIMPLE[0-3],27.456666666666663,0.005843696899841963,False
reduce_scatter,2gpu_nvlink,2,524288,ip,e_op_j,Ring/auto,RING/SIMPLE[0-3],27.439999999999998,0.005881468317195736,False
reduce_scatter,2gpu_nvlink,2,524288,ip,e_op_j,auto/LL,RING/LL[0-3],20.316666666666666,0.0044507765052526045,True
reduce_scatter,2gpu_nvlink,2,524288,ip,e_op_j,auto/LL128,RING/LL128[0-3],27.21666666666667,0.006095638552230193,False
reduce_scatter,2gpu_nvlink,2,524288,ip,e_op_j,auto/Simple,RING/SIMPLE[0-3],27.45,0.005883864467556783,False
reduce_scatter,2gpu_nvlink,2,524288,ip,e_op_j,auto/auto,RING/SIMPLE[0-3],27.45666666666666,0.0058400163066924735,False
reduce_scatter,2gpu_nvlink,2,524288,ip,e_op_dyn_j,Ring/LL,RING/LL[0-3],20.326666666666664,0.003415323120736517,True
reduce_scatter,2gpu_nvlink,2,524288,ip,e_op_dyn_j,Ring/LL128,RING/LL128[0-3],27.093333333333334,0.004821638786629018,False
reduce_scatter,2gpu_nvlink,2,524288,ip,e_op_dyn_j,Ring/Simple,RING/SIMPLE[0-3],27.456666666666663,0.004473443621952765,False
reduce_scatter,2gpu_nvlink,2,524288,ip,e_op_dyn_j,Ring/auto,RING/SIMPLE[0-3],27.439999999999998,0.0045119917320556,False
reduce_scatter,2gpu_nvlink,2,524288,ip,e_op_dyn_j,auto/LL,RING/LL[0-3],20.316666666666666,0.003436809898290299,True
reduce_scatter,2gpu_nvlink,2,524288,ip,e_op_dyn_j,auto/LL128,RING/LL128[0-3],27.21666666666667,0.004737450139324028,False
reduce_scatter,2gpu_nvlink,2,524288,ip,e_op_dyn_j,auto/Simple,RING/SIMPLE[0-3],27.45,0.004513929674304127,False
reduce_scatter,2gpu_nvlink,2,524288,ip,e_op_dyn_j,auto/auto,RING/SIMPLE[0-3],27.45666666666666,0.004469759533741271,False
reduce_scatter,2gpu_nvlink,2,524288,oop,e_op_j,Ring/LL,RING/LL[0-3],20.323333333333334,0.0044330441165675695,True
reduce_scatter,2gpu_nvlink,2,524288,oop,e_op_j,Ring/LL128,RING/LL128[0-3],27.213333333333335,0.006034913383725402,False
reduce_scatter,2gpu_nvlink,2,524288,oop,e_op_j,Ring/Simple,RING/SIMPLE[0-3],27.479999999999993,0.005901988743261602,False
reduce_scatter,2gpu_nvlink,2,524288,oop,e_op_j,Ring/auto,RING/SIMPLE[0-3],27.519999999999996,0.0057893573558851176,False
reduce_scatter,2gpu_nvlink,2,524288,oop,e_op_j,auto/LL,RING/LL[0-3],20.30333333333333,0.004437003890931654,True
reduce_scatter,2gpu_nvlink,2,524288,oop,e_op_j,auto/LL128,RING/LL128[0-3],27.116666666666664,0.006221837469425894,False
reduce_scatter,2gpu_nvlink,2,524288,oop,e_op_j,auto/Simple,RING/SIMPLE[0-3],27.47666666666667,0.005841092097643018,False
reduce_scatter,2gpu_nvlink,2,524288,oop,e_op_j,auto/auto,RING/SIMPLE[0-3],27.52,0.005824457663947565,False
reduce_scatter,2gpu_nvlink,2,524288,oop,e_op_dyn_j,Ring/LL,RING/LL[0-3],20.323333333333334,0.0034130658150093307,True
reduce_scatter,2gpu_nvlink,2,524288,oop,e_op_dyn_j,Ring/LL128,RING/LL128[0-3],27.213333333333335,0.004666310825767964,False
reduce_scatter,2gpu_nvlink,2,524288,oop,e_op_dyn_j,Ring/Simple,RING/SIMPLE[0-3],27.479999999999993,0.004523116813257525,False
reduce_scatter,2gpu_nvlink,2,524288,oop,e_op_dyn_j,Ring/auto,RING/SIMPLE[0-3],27.519999999999996,0.004407125745049049,False
reduce_scatter,2gpu_nvlink,2,524288,oop,e_op_dyn_j,auto/LL,RING/LL[0-3],20.30333333333333,0.0034186727017429808,True
reduce_scatter,2gpu_nvlink,2,524288,oop,e_op_dyn_j,auto/LL128,RING/LL128[0-3],27.116666666666664,0.00486017507731915,False
reduce_scatter,2gpu_nvlink,2,524288,oop,e_op_dyn_j,auto/Simple,RING/SIMPLE[0-3],27.47666666666667,0.004461503498991206,False
reduce_scatter,2gpu_nvlink,2,524288,oop,e_op_dyn_j,auto/auto,RING/SIMPLE[0-3],27.52,0.004441309109023803,False
reduce_scatter,2gpu_nvlink,2,1048576,ip,e_op_j,Ring/LL,RING/LL[0-3],33.18333333333333,0.0075450940141286215,True
reduce_scatter,2gpu_nvlink,2,1048576,ip,e_op_j,Ring/LL128,RING/LL128[0-3],37.74666666666666,0.008840975737618979,False
reduce_scatter,2gpu_nvlink,2,1048576,ip,e_op_j,Ring/Simple,RING/SIMPLE[0-3],35.93333333333334,0.007985412675917418,False
reduce_scatter,2gpu_nvlink,2,1048576,ip,e_op_j,Ring/auto,RING/SIMPLE[0-3],35.916666666666664,0.007917454434079312,False
reduce_scatter,2gpu_nvlink,2,1048576,ip,e_op_j,auto/LL,RING/LL[0-3],33.19333333333333,0.00753028220302605,True
reduce_scatter,2gpu_nvlink,2,1048576,ip,e_op_j,auto/LL128,RING/LL128[0-3],37.64,0.008750086007765272,False
reduce_scatter,2gpu_nvlink,2,1048576,ip,e_op_j,auto/Simple,RING/SIMPLE[0-3],35.91,0.007916177877615541,False
reduce_scatter,2gpu_nvlink,2,1048576,ip,e_op_j,auto/auto,RING/SIMPLE[0-3],35.949999999999996,0.008058055237124781,False
reduce_scatter,2gpu_nvlink,2,1048576,ip,e_op_dyn_j,Ring/LL,RING/LL[0-3],33.18333333333333,0.005889048811919476,True
reduce_scatter,2gpu_nvlink,2,1048576,ip,e_op_dyn_j,Ring/LL128,RING/LL128[0-3],37.74666666666666,0.006957415309202605,False
reduce_scatter,2gpu_nvlink,2,1048576,ip,e_op_dyn_j,Ring/Simple,RING/SIMPLE[0-3],35.93333333333334,0.006192216181911031,False
reduce_scatter,2gpu_nvlink,2,1048576,ip,e_op_dyn_j,Ring/auto,RING/SIMPLE[0-3],35.916666666666664,0.0061249697030375016,False
reduce_scatter,2gpu_nvlink,2,1048576,ip,e_op_dyn_j,auto/LL,RING/LL[0-3],33.19333333333333,0.005873975011988518,True
reduce_scatter,2gpu_nvlink,2,1048576,ip,e_op_dyn_j,auto/LL128,RING/LL128[0-3],37.64,0.006871638495808157,False
reduce_scatter,2gpu_nvlink,2,1048576,ip,e_op_dyn_j,auto/Simple,RING/SIMPLE[0-3],35.91,0.006124148936672656,False
reduce_scatter,2gpu_nvlink,2,1048576,ip,e_op_dyn_j,auto/auto,RING/SIMPLE[0-3],35.949999999999996,0.0062640100580245274,False
reduce_scatter,2gpu_nvlink,2,1048576,oop,e_op_j,Ring/LL,RING/LL[0-3],33.333333333333336,0.007416481144167847,True
reduce_scatter,2gpu_nvlink,2,1048576,oop,e_op_j,Ring/LL128,RING/LL128[0-3],37.88,0.00858324732556806,False
reduce_scatter,2gpu_nvlink,2,1048576,oop,e_op_j,Ring/Simple,RING/SIMPLE[0-3],35.95333333333334,0.007838122232431619,False
reduce_scatter,2gpu_nvlink,2,1048576,oop,e_op_j,Ring/auto,RING/SIMPLE[0-3],35.96666666666667,0.007929321559649696,False
reduce_scatter,2gpu_nvlink,2,1048576,oop,e_op_j,auto/LL,RING/LL[0-3],33.29333333333333,0.007451611658539643,True
reduce_scatter,2gpu_nvlink,2,1048576,oop,e_op_j,auto/LL128,RING/LL128[0-3],37.779999999999994,0.008639548281755978,False
reduce_scatter,2gpu_nvlink,2,1048576,oop,e_op_j,auto/Simple,RING/SIMPLE[0-3],35.90333333333333,0.007910208411331587,False
reduce_scatter,2gpu_nvlink,2,1048576,oop,e_op_j,auto/auto,RING/SIMPLE[0-3],35.97666666666667,0.007901992315204007,False
reduce_scatter,2gpu_nvlink,2,1048576,oop,e_op_dyn_j,Ring/LL,RING/LL[0-3],33.333333333333336,0.005742869770285233,True
reduce_scatter,2gpu_nvlink,2,1048576,oop,e_op_dyn_j,Ring/LL128,RING/LL128[0-3],37.88,0.006680654712830314,False
reduce_scatter,2gpu_nvlink,2,1048576,oop,e_op_dyn_j,Ring/Simple,RING/SIMPLE[0-3],35.95333333333334,0.00603358015228114,False
reduce_scatter,2gpu_nvlink,2,1048576,oop,e_op_dyn_j,Ring/auto,RING/SIMPLE[0-3],35.96666666666667,0.006124251868526924,False
reduce_scatter,2gpu_nvlink,2,1048576,oop,e_op_dyn_j,auto/LL,RING/LL[0-3],33.29333333333333,0.00578087287866304,True
reduce_scatter,2gpu_nvlink,2,1048576,oop,e_op_dyn_j,auto/LL128,RING/LL128[0-3],37.779999999999994,0.006744226570324721,False
reduce_scatter,2gpu_nvlink,2,1048576,oop,e_op_dyn_j,auto/Simple,RING/SIMPLE[0-3],35.90333333333333,0.006109475813187443,False
reduce_scatter,2gpu_nvlink,2,1048576,oop,e_op_dyn_j,auto/auto,RING/SIMPLE[0-3],35.97666666666667,0.0060931472153084925,False
reduce_scatter,2gpu_nvlink,2,2097152,ip,e_op_j,Ring/LL,RING/LL[0-3],55.919999999999995,0.013218427238090823,False
reduce_scatter,2gpu_nvlink,2,2097152,ip,e_op_j,Ring/LL128,RING/LL128[0-3],57.833333333333336,0.013822932423884044,False
reduce_scatter,2gpu_nvlink,2,2097152,ip,e_op_j,Ring/Simple,RING/SIMPLE[0-3],50.88999999999999,0.011891312105659135,True
reduce_scatter,2gpu_nvlink,2,2097152,ip,e_op_j,Ring/auto,RING/SIMPLE[0-3],51.03666666666666,0.011951741078163776,False
reduce_scatter,2gpu_nvlink,2,2097152,ip,e_op_j,auto/LL,RING/LL[0-3],56.01333333333333,0.013335115118365845,False
reduce_scatter,2gpu_nvlink,2,2097152,ip,e_op_j,auto/LL128,RING/LL128[0-3],57.849999999999994,0.01391977634172052,False
reduce_scatter,2gpu_nvlink,2,2097152,ip,e_op_j,auto/Simple,RING/SIMPLE[0-3],51.01666666666666,0.011978056804477277,False
reduce_scatter,2gpu_nvlink,2,2097152,ip,e_op_j,auto/auto,RING/SIMPLE[0-3],51.026666666666664,0.011959970016045754,False
reduce_scatter,2gpu_nvlink,2,2097152,ip,e_op_dyn_j,Ring/LL,RING/LL[0-3],55.919999999999995,0.010427591581754075,False
reduce_scatter,2gpu_nvlink,2,2097152,ip,e_op_dyn_j,Ring/LL128,RING/LL128[0-3],57.833333333333336,0.010936796455817131,False
reduce_scatter,2gpu_nvlink,2,2097152,ip,e_op_dyn_j,Ring/Simple,RING/SIMPLE[0-3],50.88999999999999,0.009351617696538554,True
reduce_scatter,2gpu_nvlink,2,2097152,ip,e_op_dyn_j,Ring/auto,RING/SIMPLE[0-3],51.03666666666666,0.009404842681679059,False
reduce_scatter,2gpu_nvlink,2,2097152,ip,e_op_dyn_j,auto/LL,RING/LL[0-3],56.01333333333333,0.010539757546493186,False
reduce_scatter,2gpu_nvlink,2,2097152,ip,e_op_dyn_j,auto/LL128,RING/LL128[0-3],57.849999999999994,0.011032684414556572,False
reduce_scatter,2gpu_nvlink,2,2097152,ip,e_op_dyn_j,auto/Simple,RING/SIMPLE[0-3],51.01666666666666,0.009432128193985248,False
reduce_scatter,2gpu_nvlink,2,2097152,ip,e_op_dyn_j,auto/auto,RING/SIMPLE[0-3],51.026666666666664,0.00941339975709878,False
reduce_scatter,2gpu_nvlink,2,2097152,oop,e_op_j,Ring/LL,RING/LL[0-3],55.806666666666665,0.013082560519528762,False
reduce_scatter,2gpu_nvlink,2,2097152,oop,e_op_j,Ring/LL128,RING/LL128[0-3],58.413333333333334,0.014194174757281554,False
reduce_scatter,2gpu_nvlink,2,2097152,oop,e_op_j,Ring/Simple,RING/SIMPLE[0-3],51.60999999999999,0.0121465079074468,False
reduce_scatter,2gpu_nvlink,2,2097152,oop,e_op_j,Ring/auto,RING/SIMPLE[0-3],51.56,0.012049650017131827,True
reduce_scatter,2gpu_nvlink,2,2097152,oop,e_op_j,auto/LL,RING/LL[0-3],56.04,0.013234749954602826,False
reduce_scatter,2gpu_nvlink,2,2097152,oop,e_op_j,auto/LL128,RING/LL128[0-3],58.4,0.014175040102662817,False
reduce_scatter,2gpu_nvlink,2,2097152,oop,e_op_j,auto/Simple,RING/SIMPLE[0-3],51.59333333333333,0.012003836418719658,True
reduce_scatter,2gpu_nvlink,2,2097152,oop,e_op_j,auto/auto,RING/SIMPLE[0-3],51.61000000000001,0.012214461571602308,False
reduce_scatter,2gpu_nvlink,2,2097152,oop,e_op_dyn_j,Ring/LL,RING/LL[0-3],55.806666666666665,0.01028443930222552,False
reduce_scatter,2gpu_nvlink,2,2097152,oop,e_op_dyn_j,Ring/LL128,RING/LL128[0-3],58.413333333333334,0.011262667686532847,False
reduce_scatter,2gpu_nvlink,2,2097152,oop,e_op_dyn_j,Ring/Simple,RING/SIMPLE[0-3],51.60999999999999,0.009559882626808104,False
reduce_scatter,2gpu_nvlink,2,2097152,oop,e_op_dyn_j,Ring/auto,RING/SIMPLE[0-3],51.56,0.009465033501332714,True
reduce_scatter,2gpu_nvlink,2,2097152,oop,e_op_dyn_j,auto/LL,RING/LL[0-3],56.04,0.01042773208808565,False
reduce_scatter,2gpu_nvlink,2,2097152,oop,e_op_dyn_j,auto/LL128,RING/LL128[0-3],58.4,0.011243867758072104,False
reduce_scatter,2gpu_nvlink,2,2097152,oop,e_op_dyn_j,auto/Simple,RING/SIMPLE[0-3],51.59333333333333,0.009417274516896718,True
reduce_scatter,2gpu_nvlink,2,2097152,oop,e_op_dyn_j,auto/auto,RING/SIMPLE[0-3],51.61000000000001,0.009625108103832172,False
reduce_scatter,2gpu_nvlink,2,4194304,ip,e_op_j,Ring/LL,RING/LL[0-3],107.61,0.02691618931952876,False
reduce_scatter,2gpu_nvlink,2,4194304,ip,e_op_j,Ring/LL128,RING/LL128[0-3],101.95,0.027391217744230284,False
reduce_scatter,2gpu_nvlink,2,4194304,ip,e_op_j,Ring/Simple,RING/SIMPLE[0-3],84.12,0.022182375863266327,True
reduce_scatter,2gpu_nvlink,2,4194304,ip,e_op_j,Ring/auto,RING/SIMPLE[0-3],84.12666666666667,0.02232756452637447,False
reduce_scatter,2gpu_nvlink,2,4194304,ip,e_op_j,auto/LL,RING/LL[0-3],107.67333333333333,0.026805334598345987,False
reduce_scatter,2gpu_nvlink,2,4194304,ip,e_op_j,auto/LL128,RING/LL128[0-3],101.93333333333332,0.02701618951797311,False
reduce_scatter,2gpu_nvlink,2,4194304,ip,e_op_j,auto/Simple,RING/SIMPLE[0-3],84.10666666666665,0.022336078370150652,True
reduce_scatter,2gpu_nvlink,2,4194304,ip,e_op_j,auto/auto,RING/SIMPLE[0-3],84.26333333333332,0.022353220551870317,False
reduce_scatter,2gpu_nvlink,2,4194304,ip,e_op_dyn_j,Ring/LL,RING/LL[0-3],107.61,0.02154582583891106,False
reduce_scatter,2gpu_nvlink,2,4194304,ip,e_op_dyn_j,Ring/LL128,RING/LL128[0-3],101.95,0.022303648401606844,False
reduce_scatter,2gpu_nvlink,2,4194304,ip,e_op_dyn_j,Ring/Simple,RING/SIMPLE[0-3],84.12,0.017984059505399195,True
reduce_scatter,2gpu_nvlink,2,4194304,ip,e_op_dyn_j,Ring/auto,RING/SIMPLE[0-3],84.12666666666667,0.01812927681704812,False
reduce_scatter,2gpu_nvlink,2,4194304,ip,e_op_dyn_j,auto/LL,RING/LL[0-3],107.67333333333333,0.021432002950053097,False
reduce_scatter,2gpu_nvlink,2,4194304,ip,e_op_dyn_j,auto/LL128,RING/LL128[0-3],101.93333333333332,0.021929115188742243,False
reduce_scatter,2gpu_nvlink,2,4194304,ip,e_op_dyn_j,auto/Simple,RING/SIMPLE[0-3],84.10666666666665,0.018138891859157336,True
reduce_scatter,2gpu_nvlink,2,4194304,ip,e_op_dyn_j,auto/auto,RING/SIMPLE[0-3],84.26333333333332,0.018147992273016816,False
reduce_scatter,2gpu_nvlink,2,4194304,oop,e_op_j,Ring/LL,RING/LL[0-3],125.32,0.031866973505123415,False
reduce_scatter,2gpu_nvlink,2,4194304,oop,e_op_j,Ring/LL128,RING/LL128[0-3],102.04,0.027459465935810456,False
reduce_scatter,2gpu_nvlink,2,4194304,oop,e_op_j,Ring/Simple,RING/SIMPLE[0-3],86.26333333333332,0.022858970896510927,False
reduce_scatter,2gpu_nvlink,2,4194304,oop,e_op_j,Ring/auto,RING/SIMPLE[0-3],86.24333333333334,0.02261793645237817,True
reduce_scatter,2gpu_nvlink,2,4194304,oop,e_op_j,auto/LL,RING/LL[0-3],125.64666666666666,0.03207882082468444,False
reduce_scatter,2gpu_nvlink,2,4194304,oop,e_op_j,auto/LL128,RING/LL128[0-3],102.01666666666665,0.027266014207750235,False
reduce_scatter,2gpu_nvlink,2,4194304,oop,e_op_j,auto/Simple,RING/SIMPLE[0-3],86.28333333333335,0.02265945931881456,False
reduce_scatter,2gpu_nvlink,2,4194304,oop,e_op_j,auto/auto,RING/SIMPLE[0-3],86.27333333333333,0.022705721500438304,False
reduce_scatter,2gpu_nvlink,2,4194304,oop,e_op_dyn_j,Ring/LL,RING/LL[0-3],125.32,0.02558552807037744,False
reduce_scatter,2gpu_nvlink,2,4194304,oop,e_op_dyn_j,Ring/LL128,RING/LL128[0-3],102.04,0.022337607061295905,False
reduce_scatter,2gpu_nvlink,2,4194304,oop,e_op_dyn_j,Ring/Simple,RING/SIMPLE[0-3],86.26333333333332,0.018530728761064645,False
reduce_scatter,2gpu_nvlink,2,4194304,oop,e_op_dyn_j,Ring/auto,RING/SIMPLE[0-3],86.24333333333334,0.018289966893661237,True
reduce_scatter,2gpu_nvlink,2,4194304,oop,e_op_dyn_j,auto/LL,RING/LL[0-3],125.64666666666666,0.0257865322657797,False
reduce_scatter,2gpu_nvlink,2,4194304,oop,e_op_dyn_j,auto/LL128,RING/LL128[0-3],102.01666666666665,0.022143886629906517,False
reduce_scatter,2gpu_nvlink,2,4194304,oop,e_op_dyn_j,auto/Simple,RING/SIMPLE[0-3],86.28333333333335,0.01833087650725736,False
reduce_scatter,2gpu_nvlink,2,4194304,oop,e_op_dyn_j,auto/auto,RING/SIMPLE[0-3],86.27333333333333,0.018370609165605196,False
reduce_scatter,2gpu_nvlink,2,8388608,ip,e_op_j,Ring/LL,RING/LL[0-3],237.87666666666667,0.06120515613652869,False
reduce_scatter,2gpu_nvlink,2,8388608,ip,e_op_j,Ring/LL128,RING/LL128[0-3],187.54333333333332,0.05139554747341158,False
reduce_scatter,2gpu_nvlink,2,8388608,ip,e_op_j,Ring/Simple,RING/SIMPLE[0-3],149.9933333333333,0.04117950097518327,False
reduce_scatter,2gpu_nvlink,2,8388608,ip,e_op_j,Ring/auto,RING/SIMPLE[0-3],149.99666666666667,0.04050230539734201,True
reduce_scatter,2gpu_nvlink,2,8388608,ip,e_op_j,auto/LL,RING/LL[0-3],237.7933333333333,0.060671304851976665,False
reduce_scatter,2gpu_nvlink,2,8388608,ip,e_op_j,auto/LL128,RING/LL128[0-3],187.51,0.05055612373208149,False
reduce_scatter,2gpu_nvlink,2,8388608,ip,e_op_j,auto/Simple,RING/SIMPLE[0-3],150.01666666666665,0.04056966954799208,False
reduce_scatter,2gpu_nvlink,2,8388608,ip,e_op_j,auto/auto,RING/SIMPLE[0-3],149.88999999999996,0.04075066204929721,True
reduce_scatter,2gpu_nvlink,2,8388608,ip,e_op_dyn_j,Ring/LL,RING/LL[0-3],237.87666666666667,0.049333400657126554,False
reduce_scatter,2gpu_nvlink,2,8388608,ip,e_op_dyn_j,Ring/LL128,RING/LL128[0-3],187.54333333333332,0.04203613460165156,False
reduce_scatter,2gpu_nvlink,2,8388608,ip,e_op_dyn_j,Ring/Simple,RING/SIMPLE[0-3],149.9933333333333,0.03369386913371487,False
reduce_scatter,2gpu_nvlink,2,8388608,ip,e_op_dyn_j,Ring/auto,RING/SIMPLE[0-3],149.99666666666667,0.03301648566988491,True
reduce_scatter,2gpu_nvlink,2,8388608,ip,e_op_dyn_j,auto/LL,RING/LL[0-3],237.7933333333333,0.04880427655957642,False
reduce_scatter,2gpu_nvlink,2,8388608,ip,e_op_dyn_j,auto/LL128,RING/LL128[0-3],187.51,0.041198237082042705,False
reduce_scatter,2gpu_nvlink,2,8388608,ip,e_op_dyn_j,auto/Simple,RING/SIMPLE[0-3],150.01666666666665,0.03308294707662832,False
reduce_scatter,2gpu_nvlink,2,8388608,ip,e_op_dyn_j,auto/auto,RING/SIMPLE[0-3],149.88999999999996,0.03327053705154643,True
reduce_scatter,2gpu_nvlink,2,8388608,oop,e_op_j,Ring/LL,RING/LL[0-3],238.96666666666667,0.06143071895424837,False
reduce_scatter,2gpu_nvlink,2,8388608,oop,e_op_j,Ring/LL128,RING/LL128[0-3],187.97333333333333,0.050585523778034935,False
reduce_scatter,2gpu_nvlink,2,8388608,oop,e_op_j,Ring/Simple,RING/SIMPLE[0-3],151.69000000000003,0.040922904476875833,True
reduce_scatter,2gpu_nvlink,2,8388608,oop,e_op_j,Ring/auto,RING/SIMPLE[0-3],151.73,0.041058719826417144,False
reduce_scatter,2gpu_nvlink,2,8388608,oop,e_op_j,auto/LL,RING/LL[0-3],238.84666666666666,0.062263688082037895,False
reduce_scatter,2gpu_nvlink,2,8388608,oop,e_op_j,auto/LL128,RING/LL128[0-3],187.86666666666665,0.051231340989744883,False
reduce_scatter,2gpu_nvlink,2,8388608,oop,e_op_j,auto/Simple,RING/SIMPLE[0-3],151.83999999999997,0.04122319016747703,False
reduce_scatter,2gpu_nvlink,2,8388608,oop,e_op_j,auto/auto,RING/SIMPLE[0-3],151.83666666666667,0.040947103958715286,False
reduce_scatter,2gpu_nvlink,2,8388608,oop,e_op_dyn_j,Ring/LL,RING/LL[0-3],238.96666666666667,0.04942843646584725,False
reduce_scatter,2gpu_nvlink,2,8388608,oop,e_op_dyn_j,Ring/LL128,RING/LL128[0-3],187.97333333333333,0.041147609509150355,False
reduce_scatter,2gpu_nvlink,2,8388608,oop,e_op_dyn_j,Ring/Simple,RING/SIMPLE[0-3],151.69000000000003,0.03331575135365226,True
reduce_scatter,2gpu_nvlink,2,8388608,oop,e_op_dyn_j,Ring/auto,RING/SIMPLE[0-3],151.73,0.03344628194240629,False
reduce_scatter,2gpu_nvlink,2,8388608,oop,e_op_dyn_j,auto/LL,RING/LL[0-3],238.84666666666666,0.050261179550352565,False
reduce_scatter,2gpu_nvlink,2,8388608,oop,e_op_dyn_j,auto/LL128,RING/LL128[0-3],187.86666666666665,0.04180978529439039,False
reduce_scatter,2gpu_nvlink,2,8388608,oop,e_op_dyn_j,auto/Simple,RING/SIMPLE[0-3],151.83999999999997,0.033607643143630905,False
reduce_scatter,2gpu_nvlink,2,8388608,oop,e_op_dyn_j,auto/auto,RING/SIMPLE[0-3],151.83666666666667,0.03332840302933951,False
reduce_scatter,2gpu_nvlink,2,16777216,ip,e_op_j,Ring/LL,RING/LL[0-3],462.42333333333335,0.12081374002683047,False
reduce_scatter,2gpu_nvlink,2,16777216,ip,e_op_j,Ring/LL128,RING/LL128[0-3],349.43,0.09678966431996734,False
reduce_scatter,2gpu_nvlink,2,16777216,ip,e_op_j,Ring/Simple,RING/SIMPLE[0-3],278.8066666666666,0.0774091208972456,False
reduce_scatter,2gpu_nvlink,2,16777216,ip,e_op_j,Ring/auto,RING/SIMPLE[0-3],278.8299999999999,0.07639251675198734,True
reduce_scatter,2gpu_nvlink,2,16777216,ip,e_op_j,auto/LL,RING/LL[0-3],462.35999999999996,0.11911745964316056,False
reduce_scatter,2gpu_nvlink,2,16777216,ip,e_op_j,auto/LL128,RING/LL128[0-3],349.5533333333333,0.09658484609313338,False
reduce_scatter,2gpu_nvlink,2,16777216,ip,e_op_j,auto/Simple,RING/SIMPLE[0-3],278.8,0.07708359069384395,True
reduce_scatter,2gpu_nvlink,2,16777216,ip,e_op_j,auto/auto,RING/SIMPLE[0-3],278.83,0.07757360173376678,False
reduce_scatter,2gpu_nvlink,2,16777216,ip,e_op_dyn_j,Ring/LL,RING/LL[0-3],462.42333333333335,0.09773690477202056,False
reduce_scatter,2gpu_nvlink,2,16777216,ip,e_op_dyn_j,Ring/LL128,RING/LL128[0-3],349.43,0.0793503982587576,False
reduce_scatter,2gpu_nvlink,2,16777216,ip,e_op_dyn_j,Ring/Simple,RING/SIMPLE[0-3],278.8066666666666,0.06349527558005306,False
reduce_scatter,2gpu_nvlink,2,16777216,ip,e_op_dyn_j,Ring/auto,RING/SIMPLE[0-3],278.8299999999999,0.062476115488341484,True
reduce_scatter,2gpu_nvlink,2,16777216,ip,e_op_dyn_j,auto/LL,RING/LL[0-3],462.35999999999996,0.09604310178687751,False
reduce_scatter,2gpu_nvlink,2,16777216,ip,e_op_dyn_j,auto/LL128,RING/LL128[0-3],349.5533333333333,0.07913944738335987,False
reduce_scatter,2gpu_nvlink,2,16777216,ip,e_op_dyn_j,auto/Simple,RING/SIMPLE[0-3],278.8,0.063170196766243,True
reduce_scatter,2gpu_nvlink,2,16777216,ip,e_op_dyn_j,auto/auto,RING/SIMPLE[0-3],278.83,0.06365840923588956,False
reduce_scatter,2gpu_nvlink,2,16777216,oop,e_op_j,Ring/LL,RING/LL[0-3],463.66,0.12034343006425192,False
reduce_scatter,2gpu_nvlink,2,16777216,oop,e_op_j,Ring/LL128,RING/LL128[0-3],350.73333333333335,0.09723859810223445,False
reduce_scatter,2gpu_nvlink,2,16777216,oop,e_op_j,Ring/Simple,RING/SIMPLE[0-3],279.19,0.0762000659739403,False
reduce_scatter,2gpu_nvlink,2,16777216,oop,e_op_j,Ring/auto,RING/SIMPLE[0-3],279.01666666666665,0.07658176218420944,False
reduce_scatter,2gpu_nvlink,2,16777216,oop,e_op_j,auto/LL,RING/LL[0-3],464.4966666666666,0.11964259416595867,False
reduce_scatter,2gpu_nvlink,2,16777216,oop,e_op_j,auto/LL128,RING/LL128[0-3],350.9866666666667,0.0966091028676664,False
reduce_scatter,2gpu_nvlink,2,16777216,oop,e_op_j,auto/Simple,RING/SIMPLE[0-3],278.91666666666663,0.07550195593988059,True
reduce_scatter,2gpu_nvlink,2,16777216,oop,e_op_j,auto/auto,RING/SIMPLE[0-3],279.0466666666667,0.07626060681837125,False
reduce_scatter,2gpu_nvlink,2,16777216,oop,e_op_dyn_j,Ring/LL,RING/LL[0-3],463.66,0.09708378182348816,False
reduce_scatter,2gpu_nvlink,2,16777216,oop,e_op_dyn_j,Ring/LL128,RING/LL128[0-3],350.73333333333335,0.079640407870601,False
reduce_scatter,2gpu_nvlink,2,16777216,oop,e_op_dyn_j,Ring/Simple,RING/SIMPLE[0-3],279.19,0.06218743427728651,False
reduce_scatter,2gpu_nvlink,2,16777216,oop,e_op_dyn_j,Ring/auto,RING/SIMPLE[0-3],279.01666666666665,0.06258984561091378,False
reduce_scatter,2gpu_nvlink,2,16777216,oop,e_op_dyn_j,auto/LL,RING/LL[0-3],464.4966666666666,0.09629570311836162,False
reduce_scatter,2gpu_nvlink,2,16777216,oop,e_op_dyn_j,auto/LL128,RING/LL128[0-3],350.9866666666667,0.07897867654557317,False
reduce_scatter,2gpu_nvlink,2,16777216,oop,e_op_dyn_j,auto/Simple,RING/SIMPLE[0-3],278.91666666666663,0.06151281654300222,True
reduce_scatter,2gpu_nvlink,2,16777216,oop,e_op_dyn_j,auto/auto,RING/SIMPLE[0-3],279.0466666666667,0.06225572238760254,False
reduce_scatter,2gpu_nvlink,2,33554432,ip,e_op_j,Ring/LL,RING/LL[0-3],915.7033333333333,0.24189428172942817,False
reduce_scatter,2gpu_nvlink,2,33554432,ip,e_op_j,Ring/LL128,RING/LL128[0-3],639.7833333333333,0.17991084695393758,False
reduce_scatter,2gpu_nvlink,2,33554432,ip,e_op_j,Ring/Simple,RING/SIMPLE[0-3],539.64,0.149431012557622,False
reduce_scatter,2gpu_nvlink,2,33554432,ip,e_op_j,Ring/auto,RING/SIMPLE[0-3],539.3966666666666,0.15370273752012883,True
reduce_scatter,2gpu_nvlink,2,33554432,ip,e_op_j,auto/LL,RING/LL[0-3],916.9899999999999,0.24115413533834584,False
reduce_scatter,2gpu_nvlink,2,33554432,ip,e_op_j,auto/LL128,RING/LL128[0-3],639.3366666666666,0.18231844979221032,False
reduce_scatter,2gpu_nvlink,2,33554432,ip,e_op_j,auto/Simple,RING/SIMPLE[0-3],539.66,0.14959112595419846,False
reduce_scatter,2gpu_nvlink,2,33554432,ip,e_op_j,auto/auto,RING/SIMPLE[0-3],539.47,0.1488881124497992,True
reduce_scatter,2gpu_nvlink,2,33554432,ip,e_op_dyn_j,Ring/LL,RING/LL[0-3],915.7033333333333,0.19619679232588705,False
reduce_scatter,2gpu_nvlink,2,33554432,ip,e_op_dyn_j,Ring/LL128,RING/LL128[0-3],639.7833333333333,0.14798363237759346,False
reduce_scatter,2gpu_nvlink,2,33554432,ip,e_op_dyn_j,Ring/Simple,RING/SIMPLE[0-3],539.64,0.1224990411778652,False
reduce_scatter,2gpu_nvlink,2,33554432,ip,e_op_dyn_j,Ring/auto,RING/SIMPLE[0-3],539.3966666666666,0.12678132575507245,True
reduce_scatter,2gpu_nvlink,2,33554432,ip,e_op_dyn_j,auto/LL,RING/LL[0-3],916.9899999999999,0.1953924869095519,False
reduce_scatter,2gpu_nvlink,2,33554432,ip,e_op_dyn_j,auto/LL128,RING/LL128[0-3],639.3366666666666,0.15041237308121627,False
reduce_scatter,2gpu_nvlink,2,33554432,ip,e_op_dyn_j,auto/Simple,RING/SIMPLE[0-3],539.66,0.12265722038989846,False
reduce_scatter,2gpu_nvlink,2,33554432,ip,e_op_dyn_j,auto/auto,RING/SIMPLE[0-3],539.47,0.12196491181689184,True
reduce_scatter,2gpu_nvlink,2,33554432,oop,e_op_j,Ring/LL,RING/LL[0-3],917.9599999999999,0.23678856345885638,False
reduce_scatter,2gpu_nvlink,2,33554432,oop,e_op_j,Ring/LL128,RING/LL128[0-3],642.1599999999999,0.17990856859831597,False
reduce_scatter,2gpu_nvlink,2,33554432,oop,e_op_j,Ring/Simple,RING/SIMPLE[0-3],540.0433333333334,0.15025003973931012,True
reduce_scatter,2gpu_nvlink,2,33554432,oop,e_op_j,Ring/auto,RING/SIMPLE[0-3],540.0966666666665,0.14651296296296296,True
reduce_scatter,2gpu_nvlink,2,33554432,oop,e_op_j,auto/LL,RING/LL[0-3],919.2066666666666,0.24059816207184628,False
reduce_scatter,2gpu_nvlink,2,33554432,oop,e_op_j,auto/LL128,RING/LL128[0-3],642.62,0.17941722238329952,False
reduce_scatter,2gpu_nvlink,2,33554432,oop,e_op_j,auto/Simple,RING/SIMPLE[0-3],540.2733333333334,0.1482286100508906,False
reduce_scatter,2gpu_nvlink,2,33554432,oop,e_op_j,auto/auto,RING/SIMPLE[0-3],539.7433333333332,0.15105084337349398,True
reduce_scatter,2gpu_nvlink,2,33554432,oop,e_op_dyn_j,Ring/LL,RING/LL[0-3],917.9599999999999,0.19071697668702758,False
reduce_scatter,2gpu_nvlink,2,33554432,oop,e_op_dyn_j,Ring/LL128,RING/LL128[0-3],642.1599999999999,0.14764836381113203,False
reduce_scatter,2gpu_nvlink,2,33554432,oop,e_op_dyn_j,Ring/Simple,RING/SIMPLE[0-3],540.0433333333334,0.12315694779184433,True
reduce_scatter,2gpu_nvlink,2,33554432,oop,e_op_dyn_j,Ring/auto,RING/SIMPLE[0-3],540.0966666666665,0.11940462299014802,True
reduce_scatter,2gpu_nvlink,2,33554432,oop,e_op_dyn_j,auto/LL,RING/LL[0-3],919.2066666666666,0.19446822640023984,False
reduce_scatter,2gpu_nvlink,2,33554432,oop,e_op_dyn_j,auto/LL128,RING/LL128[0-3],642.62,0.1471860239967577,False
reduce_scatter,2gpu_nvlink,2,33554432,oop,e_op_dyn_j,auto/Simple,RING/SIMPLE[0-3],540.2733333333334,0.12107254432835675,False
reduce_scatter,2gpu_nvlink,2,33554432,oop,e_op_dyn_j,auto/auto,RING/SIMPLE[0-3],539.7433333333332,0.12396254286733739,True
reduce_scatter,2gpu_nvlink,2,67108864,ip,e_op_j,Ring/LL,RING/LL[0-3],1818.9733333333334,0.48049265724577445,False
reduce_scatter,2gpu_nvlink,2,67108864,ip,e_op_j,Ring/LL128,RING/LL128[0-3],1143.6266666666668,0.3253,False
reduce_scatter,2gpu_nvlink,2,67108864,ip,e_op_j,Ring/Simple,RING/SIMPLE[0-3],1044.07,0.29897031225965237,True
reduce_scatter,2gpu_nvlink,2,67108864,ip,e_op_j,Ring/auto,RING/SIMPLE[0-3],1044.6266666666668,0.29173787313432836,False
reduce_scatter,2gpu_nvlink,2,67108864,ip,e_op_j,auto/LL,RING/LL[0-3],1820.34,0.48240122426266,False
reduce_scatter,2gpu_nvlink,2,67108864,ip,e_op_j,auto/LL128,RING/LL128[0-3],1147.3766666666663,0.33159495002630196,False
reduce_scatter,2gpu_nvlink,2,67108864,ip,e_op_j,auto/Simple,RING/SIMPLE[0-3],1044.26,0.2984344465058751,True
reduce_scatter,2gpu_nvlink,2,67108864,ip,e_op_j,auto/auto,RING/SIMPLE[0-3],1044.4099999999999,0.2902747831474597,True
reduce_scatter,2gpu_nvlink,2,67108864,ip,e_op_dyn_j,Ring/LL,RING/LL[0-3],1818.9733333333334,0.389717096067759,False
reduce_scatter,2gpu_nvlink,2,67108864,ip,e_op_dyn_j,Ring/LL128,RING/LL128[0-3],1143.6266666666668,0.2682288396806321,False
reduce_scatter,2gpu_nvlink,2,67108864,ip,e_op_dyn_j,Ring/Simple,RING/SIMPLE[0-3],1044.07,0.24686580547024142,True
reduce_scatter,2gpu_nvlink,2,67108864,ip,e_op_dyn_j,Ring/auto,RING/SIMPLE[0-3],1044.6266666666668,0.23960584535713056,False
reduce_scatter,2gpu_nvlink,2,67108864,ip,e_op_dyn_j,auto/LL,RING/LL[0-3],1820.34,0.3915567776550141,False
reduce_scatter,2gpu_nvlink,2,67108864,ip,e_op_dyn_j,auto/LL128,RING/LL128[0-3],1147.3766666666663,0.27433942390910854,False
reduce_scatter,2gpu_nvlink,2,67108864,ip,e_op_dyn_j,auto/Simple,RING/SIMPLE[0-3],1044.26,0.2463211143706787,True
reduce_scatter,2gpu_nvlink,2,67108864,ip,e_op_dyn_j,auto/auto,RING/SIMPLE[0-3],1044.4099999999999,0.23815204910111776,True
reduce_scatter,2gpu_nvlink,2,67108864,oop,e_op_j,Ring/LL,RING/LL[0-3],1824.12,0.471968689387642,False
reduce_scatter,2gpu_nvlink,2,67108864,oop,e_op_j,Ring/LL128,RING/LL128[0-3],1152.84,0.33419103214890017,False
reduce_scatter,2gpu_nvlink,2,67108864,oop,e_op_j,Ring/Simple,RING/SIMPLE[0-3],1046.5533333333333,0.28829333948623287,True
reduce_scatter,2gpu_nvlink,2,67108864,oop,e_op_j,Ring/auto,RING/SIMPLE[0-3],1046.63,0.29392117537313434,False
reduce_scatter,2gpu_nvlink,2,67108864,oop,e_op_j,auto/LL,RING/LL[0-3],1827.3166666666666,0.47298135781858647,False
reduce_scatter,2gpu_nvlink,2,67108864,oop,e_op_j,auto/LL128,RING/LL128[0-3],1152.1299999999999,0.330885849552867,False
reduce_scatter,2gpu_nvlink,2,67108864,oop,e_op_j,auto/Simple,RING/SIMPLE[0-3],1047.3966666666665,0.2857280457637601,True
reduce_scatter,2gpu_nvlink,2,67108864,oop,e_op_j,auto/auto,RING/SIMPLE[0-3],1047.3133333333333,0.29539498141263937,False
reduce_scatter,2gpu_nvlink,2,67108864,oop,e_op_dyn_j,Ring/LL,RING/LL[0-3],1824.12,0.38046038292654316,False
reduce_scatter,2gpu_nvlink,2,67108864,oop,e_op_dyn_j,Ring/LL128,RING/LL128[0-3],1152.84,0.27629822015032807,False
reduce_scatter,2gpu_nvlink,2,67108864,oop,e_op_dyn_j,Ring/Simple,RING/SIMPLE[0-3],1046.5533333333333,0.23579209089712486,True
reduce_scatter,2gpu_nvlink,2,67108864,oop,e_op_dyn_j,Ring/auto,RING/SIMPLE[0-3],1046.63,0.2414351354527079,False
reduce_scatter,2gpu_nvlink,2,67108864,oop,e_op_dyn_j,auto/LL,RING/LL[0-3],1827.3166666666666,0.38130258217966534,False
reduce_scatter,2gpu_nvlink,2,67108864,oop,e_op_dyn_j,auto/LL128,RING/LL128[0-3],1152.1299999999999,0.27306852325777003,False
reduce_scatter,2gpu_nvlink,2,67108864,oop,e_op_dyn_j,auto/Simple,RING/SIMPLE[0-3],1047.3966666666665,0.2331679185233242,True
reduce_scatter,2gpu_nvlink,2,67108864,oop,e_op_dyn_j,auto/auto,RING/SIMPLE[0-3],1047.3133333333333,0.24284731633378523,False
reduce_scatter,2gpu_nvlink,2,134217728,ip,e_op_j,Ring/LL,RING/LL[0-3],3626.1999999999994,0.9453,False
reduce_scatter,2gpu_nvlink,2,134217728,ip,e_op_j,Ring/LL128,RING/LL128[0-3],2133.7899999999995,0.6270420560747664,False
reduce_scatter,2gpu_nvlink,2,134217728,ip,e_op_j,Ring/Simple,RING/SIMPLE[0-3],1952.8333333333333,0.5598400116144019,True
reduce_scatter,2gpu_nvlink,2,134217728,ip,e_op_j,Ring/auto,RING/SIMPLE[0-3],1953.993333333333,0.5576332461493753,False
reduce_scatter,2gpu_nvlink,2,134217728,ip,e_op_j,auto/LL,RING/LL[0-3],3635.0766666666664,0.9619819376026273,False
reduce_scatter,2gpu_nvlink,2,134217728,ip,e_op_j,auto/LL128,RING/LL128[0-3],2130.0466666666666,0.6185003261578604,False
reduce_scatter,2gpu_nvlink,2,134217728,ip,e_op_j,auto/Simple,RING/SIMPLE[0-3],1956.033333333333,0.5560128429655576,True
reduce_scatter,2gpu_nvlink,2,134217728,ip,e_op_j,auto/auto,RING/SIMPLE[0-3],1953.67,0.5561652072387623,True
reduce_scatter,2gpu_nvlink,2,134217728,ip,e_op_dyn_j,Ring/LL,RING/LL[0-3],3626.1999999999994,0.7643328637592873,False
reduce_scatter,2gpu_nvlink,2,134217728,ip,e_op_dyn_j,Ring/LL128,RING/LL128[0-3],2133.7899999999995,0.5205586007919331,False
reduce_scatter,2gpu_nvlink,2,134217728,ip,e_op_dyn_j,Ring/Simple,RING/SIMPLE[0-3],1952.8333333333333,0.46237430366311744,True
reduce_scatter,2gpu_nvlink,2,134217728,ip,e_op_dyn_j,Ring/auto,RING/SIMPLE[0-3],1953.993333333333,0.4601136618876549,False
reduce_scatter,2gpu_nvlink,2,134217728,ip,e_op_dyn_j,auto/LL,RING/LL[0-3],3635.0766666666664,0.7805756611883502,False
reduce_scatter,2gpu_nvlink,2,134217728,ip,e_op_dyn_j,auto/LL128,RING/LL128[0-3],2130.0466666666666,0.5122001832393892,False
reduce_scatter,2gpu_nvlink,2,134217728,ip,e_op_dyn_j,auto/Simple,RING/SIMPLE[0-3],1956.033333333333,0.45839119116988436,True
reduce_scatter,2gpu_nvlink,2,134217728,ip,e_op_dyn_j,auto/auto,RING/SIMPLE[0-3],1953.67,0.4586773189455438,True
reduce_scatter,2gpu_nvlink,2,134217728,oop,e_op_j,Ring/LL,RING/LL[0-3],3632.9500000000003,0.9482699453551913,False
reduce_scatter,2gpu_nvlink,2,134217728,oop,e_op_j,Ring/LL128,RING/LL128[0-3],2147.9266666666667,0.624881308411215,False
reduce_scatter,2gpu_nvlink,2,134217728,oop,e_op_j,Ring/Simple,RING/SIMPLE[0-3],1952.2666666666664,0.5510879790940767,True
reduce_scatter,2gpu_nvlink,2,134217728,oop,e_op_j,Ring/auto,RING/SIMPLE[0-3],1954.0533333333333,0.550752688172043,True
reduce_scatter,2gpu_nvlink,2,134217728,oop,e_op_j,auto/LL,RING/LL[0-3],3643.843333333333,0.9334657909140668,False
reduce_scatter,2gpu_nvlink,2,134217728,oop,e_op_j,auto/LL128,RING/LL128[0-3],2144.2366666666667,0.6320567514677103,False
reduce_scatter,2gpu_nvlink,2,134217728,oop,e_op_j,auto/Simple,RING/SIMPLE[0-3],1956.0666666666666,0.5611050788091069,False
reduce_scatter,2gpu_nvlink,2,134217728,oop,e_op_j,auto/auto,RING/SIMPLE[0-3],1954.1699999999998,0.5597638645650904,False
reduce_scatter,2gpu_nvlink,2,134217728,oop,e_op_dyn_j,Ring/LL,RING/LL[0-3],3632.9500000000003,0.7659201079825907,False
reduce_scatter,2gpu_nvlink,2,134217728,oop,e_op_dyn_j,Ring/LL128,RING/LL128[0-3],2147.9266666666667,0.5171137220618212,False
reduce_scatter,2gpu_nvlink,2,134217728,oop,e_op_dyn_j,Ring/Simple,RING/SIMPLE[0-3],1952.2666666666664,0.45302939374491213,True
reduce_scatter,2gpu_nvlink,2,134217728,oop,e_op_dyn_j,Ring/auto,RING/SIMPLE[0-3],1954.0533333333333,0.4527839478605267,True
reduce_scatter,2gpu_nvlink,2,134217728,oop,e_op_dyn_j,auto/LL,RING/LL[0-3],3643.843333333333,0.7504040617062667,False
reduce_scatter,2gpu_nvlink,2,134217728,oop,e_op_dyn_j,auto/LL128,RING/LL128[0-3],2144.2366666666667,0.5244623468303825,False
reduce_scatter,2gpu_nvlink,2,134217728,oop,e_op_dyn_j,auto/Simple,RING/SIMPLE[0-3],1956.0666666666666,0.4629499835810065,False
reduce_scatter,2gpu_nvlink,2,134217728,oop,e_op_dyn_j,auto/auto,RING/SIMPLE[0-3],1954.1699999999998,0.4617800704049417,False
reduce_scatter,2gpu_nvlink,2,268435456,ip,e_op_j,Ring/LL,RING/LL[0-3],7273.21,1.91538779956427,False
reduce_scatter,2gpu_nvlink,2,268435456,ip,e_op_j,Ring/LL128,RING/LL128[0-3],4082.433333333333,1.2128087625814092,False
reduce_scatter,2gpu_nvlink,2,268435456,ip,e_op_j,Ring/Simple,RING/SIMPLE[0-3],3707.9066666666663,1.0784314994606257,True
reduce_scatter,2gpu_nvlink,2,268435456,ip,e_op_j,Ring/auto,RING/SIMPLE[0-3],3711.026666666666,1.0702455555555555,True
reduce_scatter,2gpu_nvlink,2,268435456,ip,e_op_j,auto/LL,RING/LL[0-3],7274.096666666667,1.9294172113289758,False
reduce_scatter,2gpu_nvlink,2,268435456,ip,e_op_j,auto/LL128,RING/LL128[0-3],4071.836666666666,1.2175601935874167,False
reduce_scatter,2gpu_nvlink,2,268435456,ip,e_op_j,auto/Simple,RING/SIMPLE[0-3],3707.9100000000003,1.072111111111111,True
reduce_scatter,2gpu_nvlink,2,268435456,ip,e_op_j,auto/auto,RING/SIMPLE[0-3],3711.0833333333335,1.048479541734861,True
reduce_scatter,2gpu_nvlink,2,268435456,ip,e_op_dyn_j,Ring/LL,RING/LL[0-3],7273.21,1.552416987719786,False
reduce_scatter,2gpu_nvlink,2,268435456,ip,e_op_dyn_j,Ring/LL128,RING/LL128[0-3],4082.433333333333,1.0090704452569417,False
reduce_scatter,2gpu_nvlink,2,268435456,ip,e_op_dyn_j,Ring/Simple,RING/SIMPLE[0-3],3707.9066666666663,0.8933700408075893,True
reduce_scatter,2gpu_nvlink,2,268435456,ip,e_op_dyn_j,Ring/auto,RING/SIMPLE[0-3],3711.026666666666,0.8850491071646758,True
reduce_scatter,2gpu_nvlink,2,268435456,ip,e_op_dyn_j,auto/LL,RING/LL[0-3],7274.096666666667,1.5663612200150148,False
reduce_scatter,2gpu_nvlink,2,268435456,ip,e_op_dyn_j,auto/LL128,RING/LL128[0-3],4071.836666666666,1.0143024084604804,False
reduce_scatter,2gpu_nvlink,2,268435456,ip,e_op_dyn_j,auto/Simple,RING/SIMPLE[0-3],3707.9100000000003,0.8870544175097388,True
reduce_scatter,2gpu_nvlink,2,268435456,ip,e_op_dyn_j,auto/auto,RING/SIMPLE[0-3],3711.0833333333335,0.8633226881875123,True
reduce_scatter,2gpu_nvlink,2,268435456,oop,e_op_j,Ring/LL,RING/LL[0-3],7290.399999999999,1.8776122004357296,False
reduce_scatter,2gpu_nvlink,2,268435456,oop,e_op_j,Ring/LL128,RING/LL128[0-3],4088.0733333333333,1.2193102427471878,False
reduce_scatter,2gpu_nvlink,2,268435456,oop,e_op_j,Ring/Simple,RING/SIMPLE[0-3],3712.34,1.0646963322545846,True
reduce_scatter,2gpu_nvlink,2,268435456,oop,e_op_j,Ring/auto,RING/SIMPLE[0-3],3720.233333333333,1.0600688888888887,True
reduce_scatter,2gpu_nvlink,2,268435456,oop,e_op_j,auto/LL,RING/LL[0-3],7295.996666666666,1.8963278867102396,False
reduce_scatter,2gpu_nvlink,2,268435456,oop,e_op_j,auto/LL128,RING/LL128[0-3],4081.8033333333333,1.1936969147005445,False
reduce_scatter,2gpu_nvlink,2,268435456,oop,e_op_j,auto/Simple,RING/SIMPLE[0-3],3712.846666666667,1.0693366834170854,False
reduce_scatter,2gpu_nvlink,2,268435456,oop,e_op_j,auto/auto,RING/SIMPLE[0-3],3717.78,1.0691811238406983,False
reduce_scatter,2gpu_nvlink,2,268435456,oop,e_op_dyn_j,Ring/LL,RING/LL[0-3],7290.399999999999,1.511651997697063,False
reduce_scatter,2gpu_nvlink,2,268435456,oop,e_op_dyn_j,Ring/LL128,RING/LL128[0-3],4088.0733333333333,1.0141224475042279,False
reduce_scatter,2gpu_nvlink,2,268435456,oop,e_op_dyn_j,Ring/Simple,RING/SIMPLE[0-3],3712.34,0.8778827783361643,True
reduce_scatter,2gpu_nvlink,2,268435456,oop,e_op_dyn_j,Ring/auto,RING/SIMPLE[0-3],3720.233333333333,0.8733209083750367,True
reduce_scatter,2gpu_nvlink,2,268435456,oop,e_op_dyn_j,auto/LL,RING/LL[0-3],7295.996666666666,1.5297329579952184,False
reduce_scatter,2gpu_nvlink,2,268435456,oop,e_op_dyn_j,auto/LL128,RING/LL128[0-3],4081.8033333333333,0.9885385183081562,False
reduce_scatter,2gpu_nvlink,2,268435456,oop,e_op_dyn_j,auto/Simple,RING/SIMPLE[0-3],3712.846666666667,0.8827132411180659,False
reduce_scatter,2gpu_nvlink,2,268435456,oop,e_op_dyn_j,auto/auto,RING/SIMPLE[0-3],3717.78,0.8826110092817595,False
reduce_scatter,2gpu_nvlink,2,536870912,ip,e_op_j,Ring/LL,RING/LL[0-3],14484.4,3.8372860215053763,False
reduce_scatter,2gpu_nvlink,2,536870912,ip,e_op_j,Ring/LL128,RING/LL128[0-3],7949.866666666666,2.3711904761904763,False
reduce_scatter,2gpu_nvlink,2,536870912,ip,e_op_j,Ring/Simple,RING/SIMPLE[0-3],7192.156666666667,2.0937505376344085,True
reduce_scatter,2gpu_nvlink,2,536870912,ip,e_op_j,Ring/auto,RING/SIMPLE[0-3],7170.283333333333,2.1495897435897438,True
reduce_scatter,2gpu_nvlink,2,536870912,ip,e_op_j,auto/LL,RING/LL[0-3],14507.066666666666,3.8177505241090146,False
reduce_scatter,2gpu_nvlink,2,536870912,ip,e_op_j,auto/LL128,RING/LL128[0-3],7959.173333333333,2.3873274021352313,False
reduce_scatter,2gpu_nvlink,2,536870912,ip,e_op_j,auto/Simple,RING/SIMPLE[0-3],7174.046666666666,2.0987375,True
reduce_scatter,2gpu_nvlink,2,536870912,ip,e_op_j,auto/auto,RING/SIMPLE[0-3],7174.083333333333,2.107849358974359,False
reduce_scatter,2gpu_nvlink,2,536870912,ip,e_op_dyn_j,Ring/LL,RING/LL[0-3],14484.4,3.1144485787797422,False
reduce_scatter,2gpu_nvlink,2,536870912,ip,e_op_dyn_j,Ring/LL128,RING/LL128[0-3],7949.866666666666,1.9744676691262268,False
reduce_scatter,2gpu_nvlink,2,536870912,ip,e_op_dyn_j,Ring/Simple,RING/SIMPLE[0-3],7192.156666666667,1.7347928591111559,True
reduce_scatter,2gpu_nvlink,2,536870912,ip,e_op_dyn_j,Ring/auto,RING/SIMPLE[0-3],7170.283333333333,1.7917453794815055,True
reduce_scatter,2gpu_nvlink,2,536870912,ip,e_op_dyn_j,auto/LL,RING/LL[0-3],14507.066666666666,3.093784175868139,False
reduce_scatter,2gpu_nvlink,2,536870912,ip,e_op_dyn_j,auto/LL128,RING/LL128[0-3],7959.173333333333,1.9900625000877719,False
reduce_scatter,2gpu_nvlink,2,536870912,ip,e_op_dyn_j,auto/Simple,RING/SIMPLE[0-3],7174.046666666666,1.7406783348976358,True
reduce_scatter,2gpu_nvlink,2,536870912,ip,e_op_dyn_j,auto/auto,RING/SIMPLE[0-3],7174.083333333333,1.7499202154219227,False
reduce_scatter,2gpu_nvlink,2,536870912,oop,e_op_j,Ring/LL,RING/LL[0-3],14551.733333333332,3.755563440860215,False
reduce_scatter,2gpu_nvlink,2,536870912,oop,e_op_j,Ring/LL128,RING/LL128[0-3],7976.446666666667,2.364540069686411,False
reduce_scatter,2gpu_nvlink,2,536870912,oop,e_op_j,Ring/Simple,RING/SIMPLE[0-3],7186.043333333332,2.0486956989247314,True
reduce_scatter,2gpu_nvlink,2,536870912,oop,e_op_j,Ring/auto,RING/SIMPLE[0-3],7191.806666666666,2.0389679487179486,True
reduce_scatter,2gpu_nvlink,2,536870912,oop,e_op_j,auto/LL,RING/LL[0-3],14558.666666666666,3.810354297693921,False
reduce_scatter,2gpu_nvlink,2,536870912,oop,e_op_j,auto/LL128,RING/LL128[0-3],7978.706666666666,2.367915776986951,False
reduce_scatter,2gpu_nvlink,2,536870912,oop,e_op_j,auto/Simple,RING/SIMPLE[0-3],7213.31,2.0809322916666666,False
reduce_scatter,2gpu_nvlink,2,536870912,oop,e_op_j,auto/auto,RING/SIMPLE[0-3],7185.906666666667,2.067054487179487,True
reduce_scatter,2gpu_nvlink,2,536870912,oop,e_op_dyn_j,Ring/LL,RING/LL[0-3],14551.733333333332,3.0246782048308343,False
reduce_scatter,2gpu_nvlink,2,536870912,oop,e_op_dyn_j,Ring/LL128,RING/LL128[0-3],7976.446666666667,1.9647777247181153,False
reduce_scatter,2gpu_nvlink,2,536870912,oop,e_op_dyn_j,Ring/Simple,RING/SIMPLE[0-3],7186.043333333332,1.6875029022513193,True
reduce_scatter,2gpu_nvlink,2,536870912,oop,e_op_dyn_j,Ring/auto,RING/SIMPLE[0-3],7191.806666666666,1.6778279787351131,True
reduce_scatter,2gpu_nvlink,2,536870912,oop,e_op_dyn_j,auto/LL,RING/LL[0-3],14558.666666666666,3.079291169940722,False
reduce_scatter,2gpu_nvlink,2,536870912,oop,e_op_dyn_j,auto/LL128,RING/LL128[0-3],7978.706666666666,1.967192397862564,False
reduce_scatter,2gpu_nvlink,2,536870912,oop,e_op_dyn_j,auto/Simple,RING/SIMPLE[0-3],7213.31,1.7191173768073023,False
reduce_scatter,2gpu_nvlink,2,536870912,oop,e_op_dyn_j,auto/auto,RING/SIMPLE[0-3],7185.906666666667,1.7065840057603505,True
reduce_scatter,2gpu_nvlink,2,1073741824,ip,e_op_j,Ring/LL,RING/LL[0-3],29051.099999999995,7.642216666666667,False
reduce_scatter,2gpu_nvlink,2,1073741824,ip,e_op_j,Ring/LL128,RING/LL128[0-3],15661.799999999997,4.684771689497717,False
reduce_scatter,2gpu_nvlink,2,1073741824,ip,e_op_j,Ring/Simple,RING/SIMPLE[0-3],14199.5,4.129858895705522,True
reduce_scatter,2gpu_nvlink,2,1073741824,ip,e_op_j,Ring/auto,RING/SIMPLE[0-3],14241.5,4.134398773006136,False
reduce_scatter,2gpu_nvlink,2,1073741824,ip,e_op_j,auto/LL,RING/LL[0-3],29044.3,7.6243333333333325,False
reduce_scatter,2gpu_nvlink,2,1073741824,ip,e_op_j,auto/LL128,RING/LL128[0-3],15767.233333333332,4.695942922374431,False
reduce_scatter,2gpu_nvlink,2,1073741824,ip,e_op_j,auto/Simple,RING/SIMPLE[0-3],14247.333333333334,4.151068749999999,False
reduce_scatter,2gpu_nvlink,2,1073741824,ip,e_op_j,auto/auto,RING/SIMPLE[0-3],14256.699999999999,4.1811942740286305,False
reduce_scatter,2gpu_nvlink,2,1073741824,ip,e_op_dyn_j,Ring/LL,RING/LL[0-3],29051.099999999995,6.192430186351863,False
reduce_scatter,2gpu_nvlink,2,1073741824,ip,e_op_dyn_j,Ring/LL128,RING/LL128[0-3],15661.799999999997,3.9033439296253367,False
reduce_scatter,2gpu_nvlink,2,1073741824,ip,e_op_dyn_j,Ring/Simple,RING/SIMPLE[0-3],14199.5,3.4211126905537643,True
reduce_scatter,2gpu_nvlink,2,1073741824,ip,e_op_dyn_j,Ring/auto,RING/SIMPLE[0-3],14241.5,3.423857031649808,False
reduce_scatter,2gpu_nvlink,2,1073741824,ip,e_op_dyn_j,auto/LL,RING/LL[0-3],29044.3,6.174877680670273,False
reduce_scatter,2gpu_nvlink,2,1073741824,ip,e_op_dyn_j,auto/LL128,RING/LL128[0-3],15767.233333333332,3.9094642463683917,False
reduce_scatter,2gpu_nvlink,2,1073741824,ip,e_op_dyn_j,auto/Simple,RING/SIMPLE[0-3],14247.333333333334,3.4401938060850306,False
reduce_scatter,2gpu_nvlink,2,1073741824,ip,e_op_dyn_j,auto/auto,RING/SIMPLE[0-3],14256.699999999999,3.470273467291566,False
reduce_scatter,2gpu_nvlink,2,1073741824,oop,e_op_j,Ring/LL,RING/LL[0-3],29384.5,7.604579166666667,False
reduce_scatter,2gpu_nvlink,2,1073741824,oop,e_op_j,Ring/LL128,RING/LL128[0-3],15748.366666666669,4.707004566210046,False
reduce_scatter,2gpu_nvlink,2,1073741824,oop,e_op_j,Ring/Simple,RING/SIMPLE[0-3],14243.933333333334,4.112903885480573,True
reduce_scatter,2gpu_nvlink,2,1073741824,oop,e_op_j,Ring/auto,RING/SIMPLE[0-3],14248.0,4.179744376278118,False
reduce_scatter,2gpu_nvlink,2,1073741824,oop,e_op_j,auto/LL,RING/LL[0-3],29353.066666666666,7.569759493670887,False
reduce_scatter,2gpu_nvlink,2,1073741824,oop,e_op_j,auto/LL128,RING/LL128[0-3],15698.033333333331,4.668383561643836,False
reduce_scatter,2gpu_nvlink,2,1073741824,oop,e_op_j,auto/Simple,RING/SIMPLE[0-3],14269.066666666666,4.178458333333333,False
reduce_scatter,2gpu_nvlink,2,1073741824,oop,e_op_j,auto/auto,RING/SIMPLE[0-3],14256.633333333331,4.147846625766872,False
reduce_scatter,2gpu_nvlink,2,1073741824,oop,e_op_dyn_j,Ring/LL,RING/LL[0-3],29384.5,6.127460315130129,False
reduce_scatter,2gpu_nvlink,2,1073741824,oop,e_op_dyn_j,Ring/LL128,RING/LL128[0-3],15748.366666666669,3.9170257364348298,False
reduce_scatter,2gpu_nvlink,2,1073741824,oop,e_op_dyn_j,Ring/Simple,RING/SIMPLE[0-3],14243.933333333334,3.3979721807862844,True
reduce_scatter,2gpu_nvlink,2,1073741824,oop,e_op_dyn_j,Ring/auto,RING/SIMPLE[0-3],14248.0,3.4645588177436175,False
reduce_scatter,2gpu_nvlink,2,1073741824,oop,e_op_dyn_j,auto/LL,RING/LL[0-3],29353.066666666666,6.097958883630486,False
reduce_scatter,2gpu_nvlink,2,1073741824,oop,e_op_dyn_j,auto/LL128,RING/LL128[0-3],15698.033333333331,3.880017780140525,False
reduce_scatter,2gpu_nvlink,2,1073741824,oop,e_op_dyn_j,auto/Simple,RING/SIMPLE[0-3],14269.066666666666,3.4626773637077286,False
reduce_scatter,2gpu_nvlink,2,1073741824,oop,e_op_dyn_j,auto/auto,RING/SIMPLE[0-3],14256.633333333331,3.4330648833476,False
reduce_scatter,4gpu,4,1024,ip,e_op_j,Ring/LL,RING/LL[0-0],8.416666666666666,0.0033011233628410207,False
reduce_scatter,4gpu,4,1024,ip,e_op_j,Ring/LL128,RING/LL128[0-0],19.44333333333333,0.007680503560483547,False
reduce_scatter,4gpu,4,1024,ip,e_op_j,Ring/Simple,RING/SIMPLE[0-0],23.666666666666668,0.009211510545640851,False
reduce_scatter,4gpu,4,1024,ip,e_op_j,Ring/auto,RING/LL[0-0],8.423333333333332,0.0033017506044693786,False
reduce_scatter,4gpu,4,1024,ip,e_op_j,auto/LL,RING/LL[0-0],8.413333333333332,0.003294583786302221,True
reduce_scatter,4gpu,4,1024,ip,e_op_j,auto/LL128,RING/LL128[0-0],19.48,0.007563002705058729,False
reduce_scatter,4gpu,4,1024,ip,e_op_j,auto/Simple,RING/SIMPLE[0-0],23.703333333333333,0.009278526074441617,False
reduce_scatter,4gpu,4,1024,ip,e_op_j,auto/auto,RING/LL[0-0],8.423333333333332,0.0033124216134415457,False
reduce_scatter,4gpu,4,1024,ip,e_op_dyn_j,Ring/LL,RING/LL[0-0],8.416666666666666,0.0024397978738565054,False
reduce_scatter,4gpu,4,1024,ip,e_op_dyn_j,Ring/LL128,RING/LL128[0-0],19.44333333333333,0.005690937046795967,False
reduce_scatter,4gpu,4,1024,ip,e_op_dyn_j,Ring/Simple,RING/SIMPLE[0-0],23.666666666666668,0.006789812849983093,False
reduce_scatter,4gpu,4,1024,ip,e_op_dyn_j,Ring/auto,RING/LL[0-0],8.423333333333332,0.0024394490898055265,False
reduce_scatter,4gpu,4,1024,ip,e_op_dyn_j,auto/LL,RING/LL[0-0],8.413333333333332,0.0024336707530086296,True
reduce_scatter,4gpu,4,1024,ip,e_op_dyn_j,auto/LL128,RING/LL128[0-0],19.48,0.005569481126926924,False
reduce_scatter,4gpu,4,1024,ip,e_op_dyn_j,auto/Simple,RING/SIMPLE[0-0],23.703333333333333,0.006854654750197129,False
reduce_scatter,4gpu,4,1024,ip,e_op_dyn_j,auto/auto,RING/LL[0-0],8.423333333333332,0.0024501632639268543,False
reduce_scatter,4gpu,4,1024,oop,e_op_j,Ring/LL,RING/LL[0-0],8.446666666666667,0.0032813881555106904,True
reduce_scatter,4gpu,4,1024,oop,e_op_j,Ring/LL128,RING/LL128[0-0],19.51,0.007651483609267086,False
reduce_scatter,4gpu,4,1024,oop,e_op_j,Ring/Simple,RING/SIMPLE[0-0],23.916666666666668,0.009232516437537358,False
reduce_scatter,4gpu,4,1024,oop,e_op_j,Ring/auto,RING/LL[0-0],8.46,0.003311000450963457,False
reduce_scatter,4gpu,4,1024,oop,e_op_j,auto/LL,RING/LL[0-0],8.450000000000001,0.0032906727235077916,False
reduce_scatter,4gpu,4,1024,oop,e_op_j,auto/LL128,RING/LL128[0-0],19.540000000000003,0.007662475772799032,False
reduce_scatter,4gpu,4,1024,oop,e_op_j,auto/Simple,RING/SIMPLE[0-0],24.02333333333333,0.009280694655919587,False
reduce_scatter,4gpu,4,1024,oop,e_op_j,auto/auto,RING/LL[0-0],8.463333333333333,0.003282856276625517,False
reduce_scatter,4gpu,4,1024,oop,e_op_dyn_j,Ring/LL,RING/LL[0-0],8.446666666666667,0.0024083790080396852,True
reduce_scatter,4gpu,4,1024,oop,e_op_dyn_j,Ring/LL128,RING/LL128[0-0],19.51,0.005633515382669288,False
reduce_scatter,4gpu,4,1024,oop,e_op_dyn_j,Ring/Simple,RING/SIMPLE[0-0],23.916666666666668,0.0067638730334662195,False
reduce_scatter,4gpu,4,1024,oop,e_op_dyn_j,Ring/auto,RING/LL[0-0],8.46,0.002437732406342578,False
reduce_scatter,4gpu,4,1024,oop,e_op_dyn_j,auto/LL,RING/LL[0-0],8.450000000000001,0.002418054165781693,False
reduce_scatter,4gpu,4,1024,oop,e_op_dyn_j,auto/LL128,RING/LL128[0-0],19.540000000000003,0.005641763145079204,False
reduce_scatter,4gpu,4,1024,oop,e_op_dyn_j,auto/Simple,RING/SIMPLE[0-0],24.02333333333333,0.00679975624265284,False
reduce_scatter,4gpu,4,1024,oop,e_op_dyn_j,auto/auto,RING/LL[0-0],8.463333333333333,0.002408555322948265,False
reduce_scatter,4gpu,4,2048,ip,e_op_j,Ring/LL,RING/LL[0-0],8.416666666666666,0.0033145534400923493,False
reduce_scatter,4gpu,4,2048,ip,e_op_j,Ring/LL128,RING/LL128[0-0],19.443333333333335,0.007721504792588175,False
reduce_scatter,4gpu,4,2048,ip,e_op_j,Ring/Simple,RING/SIMPLE[0-0],23.323333333333334,0.009098405086672348,False
reduce_scatter,4gpu,4,2048,ip,e_op_j,Ring/auto,RING/LL[0-0],8.406666666666666,0.0032394388868822333,True
reduce_scatter,4gpu,4,2048,ip,e_op_j,auto/LL,RING/LL[0-0],8.42,0.0033254673443835116,False
reduce_scatter,4gpu,4,2048,ip,e_op_j,auto/LL128,RING/LL128[0-0],19.486666666666668,0.007699445239799571,False
reduce_scatter,4gpu,4,2048,ip,e_op_j,auto/Simple,RING/SIMPLE[0-0],23.343333333333334,0.009159544310974098,False
reduce_scatter,4gpu,4,2048,ip,e_op_j,auto/auto,RING/LL[0-0],8.403333333333334,0.0033099905645030095,True
reduce_scatter,4gpu,4,2048,ip,e_op_dyn_j,Ring/LL,RING/LL[0-0],8.416666666666666,0.002452808225114147,False
reduce_scatter,4gpu,4,2048,ip,e_op_dyn_j,Ring/LL128,RING/LL128[0-0],19.443333333333335,0.005731614802635608,False
reduce_scatter,4gpu,4,2048,ip,e_op_dyn_j,Ring/Simple,RING/SIMPLE[0-0],23.323333333333334,0.0067114025425856405,False
reduce_scatter,4gpu,4,2048,ip,e_op_dyn_j,Ring/auto,RING/LL[0-0],8.406666666666666,0.0023790308433557813,True
reduce_scatter,4gpu,4,2048,ip,e_op_dyn_j,auto/LL,RING/LL[0-0],8.42,0.0024633201215932725,False
reduce_scatter,4gpu,4,2048,ip,e_op_dyn_j,auto/LL128,RING/LL128[0-0],19.486666666666668,0.0057052749264746815,False
reduce_scatter,4gpu,4,2048,ip,e_op_dyn_j,auto/Simple,RING/SIMPLE[0-0],23.343333333333334,0.006770102678798288,False
reduce_scatter,4gpu,4,2048,ip,e_op_dyn_j,auto/auto,RING/LL[0-0],8.403333333333334,0.002450143161950823,True
reduce_scatter,4gpu,4,2048,oop,e_op_j,Ring/LL,RING/LL[0-0],8.456666666666665,0.00326184883058879,False
reduce_scatter,4gpu,4,2048,oop,e_op_j,Ring/LL128,RING/LL128[0-0],19.5,0.00756731131501737,False
reduce_scatter,4gpu,4,2048,oop,e_op_j,Ring/Simple,RING/SIMPLE[0-0],23.39,0.009013249502699631,False
reduce_scatter,4gpu,4,2048,oop,e_op_j,Ring/auto,RING/LL[0-0],8.433333333333332,0.003307418691207186,True
reduce_scatter,4gpu,4,2048,oop,e_op_j,auto/LL,RING/LL[0-0],8.45,0.0032584746743179772,True
reduce_scatter,4gpu,4,2048,oop,e_op_j,auto/LL128,RING/LL128[0-0],19.536666666666665,0.0076168993080410405,False
reduce_scatter,4gpu,4,2048,oop,e_op_j,auto/Simple,RING/SIMPLE[0-0],23.419999999999998,0.009088285319442968,False
reduce_scatter,4gpu,4,2048,oop,e_op_j,auto/auto,RING/LL[0-0],8.443333333333333,0.0032873727021311212,True
reduce_scatter,4gpu,4,2048,oop,e_op_dyn_j,Ring/LL,RING/LL[0-0],8.456666666666665,0.0023871113046725323,False
reduce_scatter,4gpu,4,2048,oop,e_op_dyn_j,Ring/LL128,RING/LL128[0-0],19.5,0.005552968449100029,False
reduce_scatter,4gpu,4,2048,oop,e_op_dyn_j,Ring/Simple,RING/SIMPLE[0-0],23.39,0.006593752076819331,False
reduce_scatter,4gpu,4,2048,oop,e_op_dyn_j,Ring/auto,RING/LL[0-0],8.433333333333332,0.002436052443396896,True
reduce_scatter,4gpu,4,2048,oop,e_op_dyn_j,auto/LL,RING/LL[0-0],8.45,0.0023848318260766043,True
reduce_scatter,4gpu,4,2048,oop,e_op_dyn_j,auto/LL128,RING/LL128[0-0],19.536666666666665,0.00559826504708551,False
reduce_scatter,4gpu,4,2048,oop,e_op_dyn_j,auto/Simple,RING/SIMPLE[0-0],23.419999999999998,0.006667126171144538,False
reduce_scatter,4gpu,4,2048,oop,e_op_dyn_j,auto/auto,RING/LL[0-0],8.443333333333333,0.0024150928251939333,True
reduce_scatter,4gpu,4,4096,ip,e_op_j,Ring/LL,RING/LL[0-0],8.466666666666667,0.0033672516458681336,False
reduce_scatter,4gpu,4,4096,ip,e_op_j,Ring/LL128,RING/LL128[0-0],19.536666666666665,0.007704583641873426,False
reduce_scatter,4gpu,4,4096,ip,e_op_j,Ring/Simple,RING/SIMPLE[0-0],23.676666666666666,0.009365426735451174,False
reduce_scatter,4gpu,4,4096,ip,e_op_j,Ring/auto,RING/LL[0-0],8.45,0.003324839776788448,False
reduce_scatter,4gpu,4,4096,ip,e_op_j,auto/LL,RING/LL[0-0],8.44,0.003303074826124361,True
reduce_scatter,4gpu,4,4096,ip,e_op_j,auto/LL128,RING/LL128[0-0],19.53,0.007714326448042164,False
reduce_scatter,4gpu,4,4096,ip,e_op_j,auto/Simple,RING/SIMPLE[0-0],23.653333333333332,0.009251802128928633,False
reduce_scatter,4gpu,4,4096,ip,e_op_j,auto/auto,RING/LL[0-0],8.456666666666665,0.00327352440677922,True
reduce_scatter,4gpu,4,4096,ip,e_op_dyn_j,Ring/LL,RING/LL[0-0],8.466666666666667,0.0025009975135256994,False
reduce_scatter,4gpu,4,4096,ip,e_op_dyn_j,Ring/LL128,RING/LL128[0-0],19.536666666666665,0.005704870212272391,False
reduce_scatter,4gpu,4,4096,ip,e_op_dyn_j,Ring/Simple,RING/SIMPLE[0-0],23.676666666666666,0.006942180752631924,False
reduce_scatter,4gpu,4,4096,ip,e_op_dyn_j,Ring/auto,RING/LL[0-0],8.45,0.002460362520090896,False
reduce_scatter,4gpu,4,4096,ip,e_op_dyn_j,auto/LL,RING/LL[0-0],8.44,0.002439059353159422,True
reduce_scatter,4gpu,4,4096,ip,e_op_dyn_j,auto/LL128,RING/LL128[0-0],19.53,0.005715300424575134,False
reduce_scatter,4gpu,4,4096,ip,e_op_dyn_j,auto/Simple,RING/SIMPLE[0-0],23.653333333333332,0.006831492341305453,False
reduce_scatter,4gpu,4,4096,ip,e_op_dyn_j,auto/auto,RING/LL[0-0],8.456666666666665,0.00240797289322098,True
reduce_scatter,4gpu,4,4096,oop,e_op_j,Ring/LL,RING/LL[0-0],8.49,0.003311440830631162,False
reduce_scatter,4gpu,4,4096,oop,e_op_j,Ring/LL128,RING/LL128[0-0],19.59333333333333,0.007609205349416078,False
reduce_scatter,4gpu,4,4096,oop,e_op_j,Ring/Simple,RING/SIMPLE[0-0],23.78666666666666,0.009182108788125623,False
reduce_scatter,4gpu,4,4096,oop,e_op_j,Ring/auto,RING/LL[0-0],8.483333333333334,0.003290164594416063,True
reduce_scatter,4gpu,4,4096,oop,e_op_j,auto/LL,RING/LL[0-0],8.48,0.003294795650776869,True
reduce_scatter,4gpu,4,4096,oop,e_op_j,auto/LL128,RING/LL128[0-0],19.619999999999997,0.007661312107187236,False
reduce_scatter,4gpu,4,4096,oop,e_op_j,auto/Simple,RING/SIMPLE[0-0],23.736666666666665,0.009257209330365895,False
reduce_scatter,4gpu,4,4096,oop,e_op_j,auto/auto,RING/LL[0-0],8.486666666666666,0.003307384108586085,False
reduce_scatter,4gpu,4,4096,oop,e_op_dyn_j,Ring/LL,RING/LL[0-0],8.49,0.0024334963103790175,False
reduce_scatter,4gpu,4,4096,oop,e_op_dyn_j,Ring/LL128,RING/LL128[0-0],19.59333333333333,0.00558416650189673,False
reduce_scatter,4gpu,4,4096,oop,e_op_dyn_j,Ring/Simple,RING/SIMPLE[0-0],23.78666666666666,0.006726084789770728,False
reduce_scatter,4gpu,4,4096,oop,e_op_dyn_j,Ring/auto,RING/LL[0-0],8.483333333333334,0.0024140836371232166,True
reduce_scatter,4gpu,4,4096,oop,e_op_dyn_j,auto/LL,RING/LL[0-0],8.48,0.002418992553329564,True
reduce_scatter,4gpu,4,4096,oop,e_op_dyn_j,auto/LL128,RING/LL128[0-0],19.619999999999997,0.005631820002439845,False
reduce_scatter,4gpu,4,4096,oop,e_op_dyn_j,auto/Simple,RING/SIMPLE[0-0],23.736666666666665,0.006803309278662577,False
reduce_scatter,4gpu,4,4096,oop,e_op_dyn_j,auto/auto,RING/LL[0-0],8.486666666666666,0.0024293630973007655,False
reduce_scatter,4gpu,4,8192,ip,e_op_j,Ring/LL,RING/LL[0-0],8.866666666666667,0.00349614073311949,False
reduce_scatter,4gpu,4,8192,ip,e_op_j,Ring/LL128,RING/LL128[0-0],25.439999999999998,0.010124250533255767,False
reduce_scatter,4gpu,4,8192,ip,e_op_j,Ring/Simple,RING/SIMPLE[0-0],25.09,0.00974320645372456,False
reduce_scatter,4gpu,4,8192,ip,e_op_j,Ring/auto,RING/LL[0-0],8.87,0.003499574964602943,False
reduce_scatter,4gpu,4,8192,ip,e_op_j,auto/LL,RING/LL[0-0],8.85,0.003495466608440856,True
reduce_scatter,4gpu,4,8192,ip,e_op_j,auto/LL128,RING/LL128[0-0],25.459999999999997,0.01021140239424635,False
reduce_scatter,4gpu,4,8192,ip,e_op_j,auto/Simple,RING/SIMPLE[0-0],25.129999999999995,0.009868903989275644,False
reduce_scatter,4gpu,4,8192,ip,e_op_j,auto/auto,RING/LL[0-0],8.86,0.0034877261837400527,True
reduce_scatter,4gpu,4,8192,ip,e_op_dyn_j,Ring/LL,RING/LL[0-0],8.866666666666667,0.0025885632508343592,False
reduce_scatter,4gpu,4,8192,ip,e_op_dyn_j,Ring/LL128,RING/LL128[0-0],25.439999999999998,0.007520835550701298,False
reduce_scatter,4gpu,4,8192,ip,e_op_dyn_j,Ring/Simple,RING/SIMPLE[0-0],25.09,0.007175246511018706,False
reduce_scatter,4gpu,4,8192,ip,e_op_dyn_j,Ring/auto,RING/LL[0-0],8.87,0.0025915558099007243,False
reduce_scatter,4gpu,4,8192,ip,e_op_dyn_j,auto/LL,RING/LL[0-0],8.85,0.0025900564219506037,True
reduce_scatter,4gpu,4,8192,ip,e_op_dyn_j,auto/LL128,RING/LL128[0-0],25.459999999999997,0.007605774469996774,False
reduce_scatter,4gpu,4,8192,ip,e_op_dyn_j,auto/Simple,RING/SIMPLE[0-0],25.129999999999995,0.0072966742129095844,False
reduce_scatter,4gpu,4,8192,ip,e_op_dyn_j,auto/auto,RING/LL[0-0],8.86,0.002581002866321779,True
reduce_scatter,4gpu,4,8192,oop,e_op_j,Ring/LL,RING/LL[0-0],8.893333333333333,0.003487252113215921,False
reduce_scatter,4gpu,4,8192,oop,e_op_j,Ring/LL128,RING/LL128[0-0],25.549999999999997,0.010048016288539848,False
reduce_scatter,4gpu,4,8192,oop,e_op_j,Ring/Simple,RING/SIMPLE[0-0],25.200000000000003,0.00983487937773157,False
reduce_scatter,4gpu,4,8192,oop,e_op_j,Ring/auto,RING/LL[0-0],8.903333333333332,0.0034505862510524365,False
reduce_scatter,4gpu,4,8192,oop,e_op_j,auto/LL,RING/LL[0-0],8.883333333333333,0.00344976204243206,True
reduce_scatter,4gpu,4,8192,oop,e_op_j,auto/LL128,RING/LL128[0-0],25.51,0.010015903359793603,False
reduce_scatter,4gpu,4,8192,oop,e_op_j,auto/Simple,RING/SIMPLE[0-0],25.203333333333333,0.009831218508759764,False
reduce_scatter,4gpu,4,8192,oop,e_op_j,auto/auto,RING/LL[0-0],8.889999999999999,0.0034837038017997046,False
reduce_scatter,4gpu,4,8192,oop,e_op_dyn_j,Ring/LL,RING/LL[0-0],8.893333333333333,0.0025689229176489204,False
reduce_scatter,4gpu,4,8192,oop,e_op_dyn_j,Ring/LL128,RING/LL128[0-0],25.549999999999997,0.007405189429193289,False
reduce_scatter,4gpu,4,8192,oop,e_op_dyn_j,Ring/Simple,RING/SIMPLE[0-0],25.200000000000003,0.007228303505022109,False
reduce_scatter,4gpu,4,8192,oop,e_op_dyn_j,Ring/auto,RING/LL[0-0],8.903333333333332,0.0025311336705617655,False
reduce_scatter,4gpu,4,8192,oop,e_op_dyn_j,auto/LL,RING/LL[0-0],8.883333333333333,0.002531027413910483,True
reduce_scatter,4gpu,4,8192,oop,e_op_dyn_j,auto/LL128,RING/LL128[0-0],25.51,0.007380387673246159,False
reduce_scatter,4gpu,4,8192,oop,e_op_dyn_j,auto/Simple,RING/SIMPLE[0-0],25.203333333333333,0.007228131869730124,False
reduce_scatter,4gpu,4,8192,oop,e_op_dyn_j,auto/auto,RING/LL[0-0],8.889999999999999,0.0025650550599233056,False
reduce_scatter,4gpu,4,16384,ip,e_op_j,Ring/LL,RING/LL[0-0],9.9,0.003903101602692404,False
reduce_scatter,4gpu,4,16384,ip,e_op_j,Ring/LL128,RING/LL128[0-0],25.856666666666666,0.010284798541581798,False
reduce_scatter,4gpu,4,16384,ip,e_op_j,Ring/Simple,RING/SIMPLE[0-0],31.41,0.01240764160728027,False
reduce_scatter,4gpu,4,16384,ip,e_op_j,Ring/auto,RING/LL[0-0],9.89,0.0038969942722552327,True
reduce_scatter,4gpu,4,16384,ip,e_op_j,auto/LL,RING/LL[0-0],9.903333333333334,0.003906078294656798,False
reduce_scatter,4gpu,4,16384,ip,e_op_j,auto/LL128,RING/LL128[0-0],25.86,0.010300134866300431,False
reduce_scatter,4gpu,4,16384,ip,e_op_j,auto/Simple,RING/SIMPLE[0-0],31.426666666666666,0.012239566748685293,False
reduce_scatter,4gpu,4,16384,ip,e_op_j,auto/auto,RING/LL[0-0],9.903333333333334,0.003890864589773792,True
reduce_scatter,4gpu,4,16384,ip,e_op_dyn_j,Ring/LL,RING/LL[0-0],9.9,0.0028901667694138412,False
reduce_scatter,4gpu,4,16384,ip,e_op_dyn_j,Ring/LL128,RING/LL128[0-0],25.856666666666666,0.007638928613748115,False
reduce_scatter,4gpu,4,16384,ip,e_op_dyn_j,Ring/Simple,RING/SIMPLE[0-0],31.41,0.00919276594065249,False
reduce_scatter,4gpu,4,16384,ip,e_op_dyn_j,Ring/auto,RING/LL[0-0],9.89,0.0028849178600434127,True
reduce_scatter,4gpu,4,16384,ip,e_op_dyn_j,auto/LL,RING/LL[0-0],9.903333333333334,0.0028923757408359316,False
reduce_scatter,4gpu,4,16384,ip,e_op_dyn_j,auto/LL128,RING/LL128[0-0],25.86,0.0076535730042816994,False
reduce_scatter,4gpu,4,16384,ip,e_op_dyn_j,auto/Simple,RING/SIMPLE[0-0],31.426666666666666,0.009023478949325195,False
reduce_scatter,4gpu,4,16384,ip,e_op_dyn_j,auto/auto,RING/LL[0-0],9.903333333333334,0.0028772401443558845,True
reduce_scatter,4gpu,4,16384,oop,e_op_j,Ring/LL,RING/LL[0-0],9.906666666666666,0.003877968539192575,True
reduce_scatter,4gpu,4,16384,oop,e_op_j,Ring/LL128,RING/LL128[0-0],25.926666666666662,0.010211811892140698,False
reduce_scatter,4gpu,4,16384,oop,e_op_j,Ring/Simple,RING/SIMPLE[0-0],31.506666666666664,0.012212906802789367,False
reduce_scatter,4gpu,4,16384,oop,e_op_j,Ring/auto,RING/LL[0-0],9.913333333333334,0.003924614432965164,False
reduce_scatter,4gpu,4,16384,oop,e_op_j,auto/LL,RING/LL[0-0],9.93,0.003934753459434333,False
reduce_scatter,4gpu,4,16384,oop,e_op_j,auto/LL128,RING/LL128[0-0],25.95,0.010240971670166863,False
reduce_scatter,4gpu,4,16384,oop,e_op_j,auto/Simple,RING/SIMPLE[0-0],31.53,0.012292217880059826,False
reduce_scatter,4gpu,4,16384,oop,e_op_j,auto/auto,RING/LL[0-0],9.916666666666666,0.0038844079591661743,False
reduce_scatter,4gpu,4,16384,oop,e_op_dyn_j,Ring/LL,RING/LL[0-0],9.906666666666666,0.0028546229332177043,True
reduce_scatter,4gpu,4,16384,oop,e_op_dyn_j,Ring/LL128,RING/LL128[0-0],25.926666666666662,0.007534542818289281,False
reduce_scatter,4gpu,4,16384,oop,e_op_dyn_j,Ring/Simple,RING/SIMPLE[0-0],31.506666666666664,0.008961677184622706,False
reduce_scatter,4gpu,4,16384,oop,e_op_dyn_j,Ring/auto,RING/LL[0-0],9.913333333333334,0.002899481673178269,False
reduce_scatter,4gpu,4,16384,oop,e_op_dyn_j,auto/LL,RING/LL[0-0],9.93,0.0029096697145441462,False
reduce_scatter,4gpu,4,16384,oop,e_op_dyn_j,auto/LL128,RING/LL128[0-0],25.95,0.007559193753681025,False
reduce_scatter,4gpu,4,16384,oop,e_op_dyn_j,auto/Simple,RING/SIMPLE[0-0],31.53,0.009030835437902682,False
reduce_scatter,4gpu,4,16384,oop,e_op_dyn_j,auto/auto,RING/LL[0-0],9.916666666666666,0.0028596980181577283,False
reduce_scatter,4gpu,4,32768,ip,e_op_j,Ring/LL,RING/LL[0-1],11.406666666666666,0.004564229196537624,True
reduce_scatter,4gpu,4,32768,ip,e_op_j,Ring/LL128,RING/LL128[0-1],26.403333333333336,0.010737388287034235,False
reduce_scatter,4gpu,4,32768,ip,e_op_j,Ring/Simple,RING/SIMPLE[0-0],36.21,0.014319783066581377,False
reduce_scatter,4gpu,4,32768,ip,e_op_j,Ring/auto,RING/LL[0-1],11.426666666666668,0.004524059236932352,True
reduce_scatter,4gpu,4,32768,ip,e_op_j,auto/LL,RING/LL[0-1],11.549999999999999,0.004594562968345675,False
reduce_scatter,4gpu,4,32768,ip,e_op_j,auto/LL128,RING/LL128[0-1],26.44666666666667,0.010761413873727121,False
reduce_scatter,4gpu,4,32768,ip,e_op_j,auto/Simple,RING/SIMPLE[0-0],36.29666666666666,0.014218885705840893,False
reduce_scatter,4gpu,4,32768,ip,e_op_j,auto/auto,RING/LL[0-1],11.456666666666665,0.00464035998791668,False
reduce_scatter,4gpu,4,32768,ip,e_op_dyn_j,Ring/LL,RING/LL[0-1],11.406666666666666,0.003396359168142495,True
reduce_scatter,4gpu,4,32768,ip,e_op_dyn_j,Ring/LL128,RING/LL128[0-1],26.403333333333336,0.008035317118256212,False
reduce_scatter,4gpu,4,32768,ip,e_op_dyn_j,Ring/Simple,RING/SIMPLE[0-0],36.21,0.010613812463827916,False
reduce_scatter,4gpu,4,32768,ip,e_op_dyn_j,Ring/auto,RING/LL[0-1],11.426666666666668,0.003354228779458701,True
reduce_scatter,4gpu,4,32768,ip,e_op_dyn_j,auto/LL,RING/LL[0-1],11.549999999999999,0.003411814483803838,False
reduce_scatter,4gpu,4,32768,ip,e_op_dyn_j,auto/LL128,RING/LL128[0-1],26.44666666666667,0.00805470784485719,False
reduce_scatter,4gpu,4,32768,ip,e_op_dyn_j,auto/Simple,RING/SIMPLE[0-0],36.29666666666666,0.01050449579991577,False
reduce_scatter,4gpu,4,32768,ip,e_op_dyn_j,auto/auto,RING/LL[0-1],11.456666666666665,0.0034681245598034145,False
reduce_scatter,4gpu,4,32768,oop,e_op_j,Ring/LL,RING/LL[0-1],11.449999999999998,0.004507829402786414,True
reduce_scatter,4gpu,4,32768,oop,e_op_j,Ring/LL128,RING/LL128[0-1],26.48333333333333,0.010560588270895115,False
reduce_scatter,4gpu,4,32768,oop,e_op_j,Ring/Simple,RING/SIMPLE[0-0],36.32666666666666,0.01416686633734674,False
reduce_scatter,4gpu,4,32768,oop,e_op_j,Ring/auto,RING/LL[0-1],11.433333333333332,0.0045523039147841145,True
reduce_scatter,4gpu,4,32768,oop,e_op_j,auto/LL,RING/LL[0-1],11.579999999999998,0.0046175297105787915,False
reduce_scatter,4gpu,4,32768,oop,e_op_j,auto/LL128,RING/LL128[0-1],26.516666666666662,0.01062415968685039,False
reduce_scatter,4gpu,4,32768,oop,e_op_j,auto/Simple,RING/SIMPLE[0-0],36.37333333333333,0.014362861787508811,False
reduce_scatter,4gpu,4,32768,oop,e_op_j,auto/auto,RING/LL[0-1],11.493333333333332,0.004490705007450249,True
reduce_scatter,4gpu,4,32768,oop,e_op_dyn_j,Ring/LL,RING/LL[0-1],11.449999999999998,0.0033256243436711234,True
reduce_scatter,4gpu,4,32768,oop,e_op_dyn_j,Ring/LL128,RING/LL128[0-1],26.48333333333333,0.007822403352276899,False
reduce_scatter,4gpu,4,32768,oop,e_op_dyn_j,Ring/Simple,RING/SIMPLE[0-0],36.32666666666666,0.010419204656210199,False
reduce_scatter,4gpu,4,32768,oop,e_op_dyn_j,Ring/auto,RING/LL[0-1],11.433333333333332,0.0033709359920037576,True
reduce_scatter,4gpu,4,32768,oop,e_op_dyn_j,auto/LL,RING/LL[0-1],11.579999999999998,0.0034221459175674575,False
reduce_scatter,4gpu,4,32768,oop,e_op_dyn_j,auto/LL128,RING/LL128[0-1],26.516666666666662,0.007885539551458777,False
reduce_scatter,4gpu,4,32768,oop,e_op_dyn_j,auto/Simple,RING/SIMPLE[0-0],36.37333333333333,0.010603254900672696,False
reduce_scatter,4gpu,4,32768,oop,e_op_dyn_j,auto/auto,RING/LL[0-1],11.493333333333332,0.0033025620948228807,True
reduce_scatter,4gpu,4,65536,ip,e_op_j,Ring/LL,RING/LL[0-3],17.01,0.0069110128757314026,False
reduce_scatter,4gpu,4,65536,ip,e_op_j,Ring/LL128,RING/LL128[0-3],27.919999999999998,0.011679918411656448,False
reduce_scatter,4gpu,4,65536,ip,e_op_j,Ring/Simple,RING/SIMPLE[0-1],37.28,0.01493901434455333,False
reduce_scatter,4gpu,4,65536,ip,e_op_j,Ring/auto,RING/LL[0-3],16.406666666666666,0.006626417335468281,True
reduce_scatter,4gpu,4,65536,ip,e_op_j,auto/LL,RING/LL[0-3],16.94333333333333,0.006859778588437959,False
reduce_scatter,4gpu,4,65536,ip,e_op_j,auto/LL128,RING/LL128[0-3],27.986666666666668,0.011620464314963571,False
reduce_scatter,4gpu,4,65536,ip,e_op_j,auto/Simple,RING/SIMPLE[0-1],37.28333333333333,0.014915669778210095,False
reduce_scatter,4gpu,4,65536,ip,e_op_j,auto/auto,RING/LL[0-3],17.040000000000003,0.006968471241928217,False
reduce_scatter,4gpu,4,65536,ip,e_op_dyn_j,Ring/LL,RING/LL[0-3],17.01,0.005169207856147595,False
reduce_scatter,4gpu,4,65536,ip,e_op_dyn_j,Ring/LL128,RING/LL128[0-3],27.919999999999998,0.008823158619109825,False
reduce_scatter,4gpu,4,65536,ip,e_op_dyn_j,Ring/Simple,RING/SIMPLE[0-1],37.28,0.011123430909561022,False
reduce_scatter,4gpu,4,65536,ip,e_op_dyn_j,Ring/auto,RING/LL[0-3],16.406666666666666,0.004946884184555641,True
reduce_scatter,4gpu,4,65536,ip,e_op_dyn_j,auto/LL,RING/LL[0-3],16.94333333333333,0.005125366644232516,False
reduce_scatter,4gpu,4,65536,ip,e_op_dyn_j,auto/LL128,RING/LL128[0-3],27.986666666666668,0.008756396436245888,False
reduce_scatter,4gpu,4,65536,ip,e_op_dyn_j,auto/Simple,RING/SIMPLE[0-1],37.28333333333333,0.011100054125044398,False
reduce_scatter,4gpu,4,65536,ip,e_op_dyn_j,auto/auto,RING/LL[0-3],17.040000000000003,0.005222476015549145,False
reduce_scatter,4gpu,4,65536,oop,e_op_j,Ring/LL,RING/LL[0-3],17.02,0.006794596381271021,False
reduce_scatter,4gpu,4,65536,oop,e_op_j,Ring/LL128,RING/LL128[0-3],27.973333333333333,0.011442430179205999,False
reduce_scatter,4gpu,4,65536,oop,e_op_j,Ring/Simple,RING/SIMPLE[0-1],37.376666666666665,0.014803045022013918,False
reduce_scatter,4gpu,4,65536,oop,e_op_j,Ring/auto,RING/LL[0-3],16.44333333333333,0.006622394171494972,True
reduce_scatter,4gpu,4,65536,oop,e_op_j,auto/LL,RING/LL[0-3],16.976666666666667,0.006832238942088463,False
reduce_scatter,4gpu,4,65536,oop,e_op_j,auto/LL128,RING/LL128[0-3],28.03666666666666,0.011584522551653023,False
reduce_scatter,4gpu,4,65536,oop,e_op_j,auto/Simple,RING/SIMPLE[0-1],37.40666666666666,0.01484921813227757,False
reduce_scatter,4gpu,4,65536,oop,e_op_j,auto/auto,RING/LL[0-3],17.103333333333335,0.006848430695299595,False
reduce_scatter,4gpu,4,65536,oop,e_op_dyn_j,Ring/LL,RING/LL[0-3],17.02,0.005035469819304663,False
reduce_scatter,4gpu,4,65536,oop,e_op_dyn_j,Ring/LL128,RING/LL128[0-3],27.973333333333333,0.008552512740696924,False
reduce_scatter,4gpu,4,65536,oop,e_op_dyn_j,Ring/Simple,RING/SIMPLE[0-1],37.376666666666665,0.010942103824221788,False
reduce_scatter,4gpu,4,65536,oop,e_op_dyn_j,Ring/auto,RING/LL[0-3],16.44333333333333,0.004922856031449279,True
reduce_scatter,4gpu,4,65536,oop,e_op_dyn_j,auto/LL,RING/LL[0-3],16.976666666666667,0.005080387742630613,False
reduce_scatter,4gpu,4,65536,oop,e_op_dyn_j,auto/LL128,RING/LL128[0-3],28.03666666666666,0.008685877360798127,False
reduce_scatter,4gpu,4,65536,oop,e_op_dyn_j,auto/Simple,RING/SIMPLE[0-1],37.40666666666666,0.01097995539587112,False
reduce_scatter,4gpu,4,65536,oop,e_op_dyn_j,auto/auto,RING/LL[0-3],17.103333333333335,0.005084804898481065,False
reduce_scatter,4gpu,4,131072,ip,e_op_j,Ring/LL,RING/LL[0-7],26.77333333333333,0.011170475742613059,False
reduce_scatter,4gpu,4,131072,ip,e_op_j,Ring/LL128,RING/LL128[0-7],35.73,0.016336930860033728,False
reduce_scatter,4gpu,4,131072,ip,e_op_j,Ring/Simple,RING/SIMPLE[0-3],38.47,0.015655210448910984,False
reduce_scatter,4gpu,4,131072,ip,e_op_j,Ring/auto,RING/LL[0-7],26.043333333333333,0.010836298209807268,True
reduce_scatter,4gpu,4,131072,ip,e_op_j,auto/LL,RING/LL[0-7],26.44333333333333,0.010973357904228634,False
reduce_scatter,4gpu,4,131072,ip,e_op_j,auto/LL128,RING/LL128[0-7],35.63333333333333,0.016329411312971737,False
reduce_scatter,4gpu,4,131072,ip,e_op_j,auto/Simple,RING/SIMPLE[0-3],38.419999999999995,0.0157495530749029,False
reduce_scatter,4gpu,4,131072,ip,e_op_j,auto/auto,RING/LL[0-7],26.80333333333333,0.011280160098185214,False
reduce_scatter,4gpu,4,131072,ip,e_op_dyn_j,Ring/LL,RING/LL[0-7],26.77333333333333,0.008431495647607949,False
reduce_scatter,4gpu,4,131072,ip,e_op_dyn_j,Ring/LL128,RING/LL128[0-7],35.73,0.012679014849201942,False
reduce_scatter,4gpu,4,131072,ip,e_op_dyn_j,Ring/Simple,RING/SIMPLE[0-3],38.47,0.011717909330925758,False
reduce_scatter,4gpu,4,131072,ip,e_op_dyn_j,Ring/auto,RING/LL[0-7],26.043333333333333,0.008169769413617646,True
reduce_scatter,4gpu,4,131072,ip,e_op_dyn_j,auto/LL,RING/LL[0-7],26.44333333333333,0.008267799356339455,False
reduce_scatter,4gpu,4,131072,ip,e_op_dyn_j,auto/LL128,RING/LL128[0-7],35.63333333333333,0.012683763631502795,False
reduce_scatter,4gpu,4,131072,ip,e_op_dyn_j,auto/Simple,RING/SIMPLE[0-3],38.419999999999995,0.011817479464602548,False
reduce_scatter,4gpu,4,131072,ip,e_op_dyn_j,auto/auto,RING/LL[0-7],26.80333333333333,0.00853719759698125,False
reduce_scatter,4gpu,4,131072,oop,e_op_j,Ring/LL,RING/LL[0-7],26.846666666666664,0.011135629751547927,False
reduce_scatter,4gpu,4,131072,oop,e_op_j,Ring/LL128,RING/LL128[0-7],35.80333333333333,0.016242527904922508,False
reduce_scatter,4gpu,4,131072,oop,e_op_j,Ring/Simple,RING/SIMPLE[0-3],38.589999999999996,0.015552215374559376,False
reduce_scatter,4gpu,4,131072,oop,e_op_j,Ring/auto,RING/LL[0-7],26.086666666666662,0.010718614472940965,True
reduce_scatter,4gpu,4,131072,oop,e_op_j,auto/LL,RING/LL[0-7],26.459999999999997,0.010914627951755991,False
reduce_scatter,4gpu,4,131072,oop,e_op_j,auto/LL128,RING/LL128[0-7],35.696666666666665,0.01611061194488327,False
reduce_scatter,4gpu,4,131072,oop,e_op_j,auto/Simple,RING/SIMPLE[0-3],38.51,0.015610135737120695,False
reduce_scatter,4gpu,4,131072,oop,e_op_j,auto/auto,RING/LL[0-7],26.86,0.011155673596697975,False
reduce_scatter,4gpu,4,131072,oop,e_op_dyn_j,Ring/LL,RING/LL[0-7],26.846666666666664,0.00836421847573897,False
reduce_scatter,4gpu,4,131072,oop,e_op_dyn_j,Ring/LL128,RING/LL128[0-7],35.80333333333333,0.012542830924958635,False
reduce_scatter,4gpu,4,131072,oop,e_op_dyn_j,Ring/Simple,RING/SIMPLE[0-3],38.589999999999996,0.011562415314804743,False
reduce_scatter,4gpu,4,131072,oop,e_op_dyn_j,Ring/auto,RING/LL[0-7],26.086666666666662,0.008028854011902238,True
reduce_scatter,4gpu,4,131072,oop,e_op_dyn_j,auto/LL,RING/LL[0-7],26.459999999999997,0.008184191509928055,False
reduce_scatter,4gpu,4,131072,oop,e_op_dyn_j,auto/LL128,RING/LL128[0-7],35.696666666666665,0.012421736340413651,False
reduce_scatter,4gpu,4,131072,oop,e_op_dyn_j,auto/Simple,RING/SIMPLE[0-3],38.51,0.011627441341752401,False
reduce_scatter,4gpu,4,131072,oop,e_op_dyn_j,auto/auto,RING/LL[0-7],26.86,0.008378186405260859,False
reduce_scatter,4gpu,4,262144,ip,e_op_j,Ring/LL,RING/LL[0-7],44.72666666666667,0.01915114969017258,False
reduce_scatter,4gpu,4,262144,ip,e_op_j,Ring/LL128,RING/LL128[0-7],45.94,0.020920605460591057,False
reduce_scatter,4gpu,4,262144,ip,e_op_j,Ring/Simple,RING/SIMPLE[0-7],44.89333333333334,0.01928383200287082,False
reduce_scatter,4gpu,4,262144,ip,e_op_j,Ring/auto,RING/LL[0-7],44.806666666666665,0.018933225643096605,False
reduce_scatter,4gpu,4,262144,ip,e_op_j,auto/LL,RING/LL[0-7],44.31999999999999,0.019024701845888406,False
reduce_scatter,4gpu,4,262144,ip,e_op_j,auto/LL128,RING/LL128[0-7],47.946666666666665,0.02175280329426671,False
reduce_scatter,4gpu,4,262144,ip,e_op_j,auto/Simple,RING/SIMPLE[0-7],43.943333333333335,0.018807322893064107,False
reduce_scatter,4gpu,4,262144,ip,e_op_j,auto/auto,RING/LL[0-7],43.919999999999995,0.018606211602344578,True
reduce_scatter,4gpu,4,262144,ip,e_op_dyn_j,Ring/LL,RING/LL[0-7],44.72666666666667,0.014575305731173174,False
reduce_scatter,4gpu,4,262144,ip,e_op_dyn_j,Ring/LL128,RING/LL128[0-7],45.94,0.016217385317022517,False
reduce_scatter,4gpu,4,262144,ip,e_op_dyn_j,Ring/Simple,RING/SIMPLE[0-7],44.89333333333334,0.014687199120617599,False
reduce_scatter,4gpu,4,262144,ip,e_op_dyn_j,Ring/auto,RING/LL[0-7],44.806666666666665,0.0143468256488982,False
reduce_scatter,4gpu,4,262144,ip,e_op_dyn_j,auto/LL,RING/LL[0-7],44.31999999999999,0.014489916919343043,False
reduce_scatter,4gpu,4,262144,ip,e_op_dyn_j,auto/LL128,RING/LL128[0-7],47.946666666666665,0.01684741308688468,False
reduce_scatter,4gpu,4,262144,ip,e_op_dyn_j,auto/Simple,RING/SIMPLE[0-7],43.943333333333335,0.014310042205633177,False
reduce_scatter,4gpu,4,262144,ip,e_op_dyn_j,auto/auto,RING/LL[0-7],43.919999999999995,0.014109096268041786,True
reduce_scatter,4gpu,4,262144,oop,e_op_j,Ring/LL,RING/LL[0-7],44.673333333333325,0.01874699134531674,False
reduce_scatter,4gpu,4,262144,oop,e_op_j,Ring/LL128,RING/LL128[0-7],46.16333333333333,0.020555733191056705,False
reduce_scatter,4gpu,4,262144,oop,e_op_j,Ring/Simple,RING/SIMPLE[0-7],45.03,0.01917547886494282,False
reduce_scatter,4gpu,4,262144,oop,e_op_j,Ring/auto,RING/LL[0-7],44.90333333333333,0.018913354230367364,False
reduce_scatter,4gpu,4,262144,oop,e_op_j,auto/LL,RING/LL[0-7],44.19333333333333,0.01844230857880422,True
reduce_scatter,4gpu,4,262144,oop,e_op_j,auto/LL128,RING/LL128[0-7],48.01,0.021486298525322915,False
reduce_scatter,4gpu,4,262144,oop,e_op_j,auto/Simple,RING/SIMPLE[0-7],44.03333333333333,0.01875506139172398,False
reduce_scatter,4gpu,4,262144,oop,e_op_j,auto/auto,RING/LL[0-7],43.893333333333324,0.01845746918568112,True
reduce_scatter,4gpu,4,262144,oop,e_op_dyn_j,Ring/LL,RING/LL[0-7],44.673333333333325,0.014139162154786493,False
reduce_scatter,4gpu,4,262144,oop,e_op_dyn_j,Ring/LL128,RING/LL128[0-7],46.16333333333333,0.015794618011444637,False
reduce_scatter,4gpu,4,262144,oop,e_op_dyn_j,Ring/Simple,RING/SIMPLE[0-7],45.03,0.014517073608223817,False
reduce_scatter,4gpu,4,262144,oop,e_op_dyn_j,Ring/auto,RING/LL[0-7],44.90333333333333,0.014283650684635418,False
reduce_scatter,4gpu,4,262144,oop,e_op_dyn_j,auto/LL,RING/LL[0-7],44.19333333333333,0.013884550451468402,True
reduce_scatter,4gpu,4,262144,oop,e_op_dyn_j,auto/LL128,RING/LL128[0-7],48.01,0.0165347597358128,False
reduce_scatter,4gpu,4,262144,oop,e_op_dyn_j,auto/Simple,RING/SIMPLE[0-7],44.03333333333333,0.0141945215494235,False
reduce_scatter,4gpu,4,262144,oop,e_op_dyn_j,auto/auto,RING/LL[0-7],43.893333333333324,0.013929789441925152,True
reduce_scatter,4gpu,4,524288,ip,e_op_j,Ring/LL,RING/LL[0-7],81.15666666666665,0.03498664500992601,False
reduce_scatter,4gpu,4,524288,ip,e_op_j,Ring/LL128,RING/LL128[0-7],73.56666666666666,0.03346256503817826,False
reduce_scatter,4gpu,4,524288,ip,e_op_j,Ring/Simple,RING/SIMPLE[0-7],61.47666666666666,0.02624361192200959,False
reduce_scatter,4gpu,4,524288,ip,e_op_j,Ring/auto,RING/LL[0-7],80.68333333333332,0.034077241908047624,False
reduce_scatter,4gpu,4,524288,ip,e_op_j,auto/LL,RING/LL[0-7],82.58999999999999,0.03522262415623412,False
reduce_scatter,4gpu,4,524288,ip,e_op_j,auto/LL128,RING/LL128[0-7],72.10333333333334,0.0326096858311205,False
reduce_scatter,4gpu,4,524288,ip,e_op_j,auto/Simple,RING/SIMPLE[0-7],61.18,0.025894573561888734,True
reduce_scatter,4gpu,4,524288,ip,e_op_j,auto/auto,RING/LL[0-7],79.82666666666667,0.034352165589854024,False
reduce_scatter,4gpu,4,524288,ip,e_op_dyn_j,Ring/LL,RING/LL[0-7],81.15666666666665,0.02666876000577428,False
reduce_scatter,4gpu,4,524288,ip,e_op_dyn_j,Ring/LL128,RING/LL128[0-7],73.56666666666666,0.02593123277288603,False
reduce_scatter,4gpu,4,524288,ip,e_op_dyn_j,Ring/Simple,RING/SIMPLE[0-7],61.47666666666666,0.019951997735476474,False
reduce_scatter,4gpu,4,524288,ip,e_op_dyn_j,Ring/auto,RING/LL[0-7],80.68333333333332,0.02581633199926785,False
reduce_scatter,4gpu,4,524288,ip,e_op_dyn_j,auto/LL,RING/LL[0-7],82.58999999999999,0.026767323307562037,False
reduce_scatter,4gpu,4,524288,ip,e_op_dyn_j,auto/LL128,RING/LL128[0-7],72.10333333333334,0.02522643279140324,False
reduce_scatter,4gpu,4,524288,ip,e_op_dyn_j,auto/Simple,RING/SIMPLE[0-7],61.18,0.019633522437358834,True
reduce_scatter,4gpu,4,524288,ip,e_op_dyn_j,auto/auto,RING/LL[0-7],79.82666666666667,0.026169475723391202,False
reduce_scatter,4gpu,4,524288,oop,e_op_j,Ring/LL,RING/LL[0-7],81.19333333333333,0.03381294591830596,False
reduce_scatter,4gpu,4,524288,oop,e_op_j,Ring/LL128,RING/LL128[0-7],73.64333333333333,0.0326404486789648,False
reduce_scatter,4gpu,4,524288,oop,e_op_j,Ring/Simple,RING/SIMPLE[0-7],61.449999999999996,0.025951562331062817,False
reduce_scatter,4gpu,4,524288,oop,e_op_j,Ring/auto,RING/LL[0-7],80.50333333333333,0.03426163779678478,False
reduce_scatter,4gpu,4,524288,oop,e_op_j,auto/LL,RING/LL[0-7],82.44666666666667,0.03477516520670048,False
reduce_scatter,4gpu,4,524288,oop,e_op_j,auto/LL128,RING/LL128[0-7],71.94333333333333,0.032226094795838024,False
reduce_scatter,4gpu,4,524288,oop,e_op_j,auto/Simple,RING/SIMPLE[0-7],61.24666666666666,0.025752138325095524,True
reduce_scatter,4gpu,4,524288,oop,e_op_j,auto/auto,RING/LL[0-7],79.82000000000001,0.033752572385738214,False
reduce_scatter,4gpu,4,524288,oop,e_op_dyn_j,Ring/LL,RING/LL[0-7],81.19333333333333,0.02543657348224569,False
reduce_scatter,4gpu,4,524288,oop,e_op_dyn_j,Ring/LL128,RING/LL128[0-7],73.64333333333333,0.025042732830556677,False
reduce_scatter,4gpu,4,524288,oop,e_op_dyn_j,Ring/Simple,RING/SIMPLE[0-7],61.449999999999996,0.0196029479852016,False
reduce_scatter,4gpu,4,524288,oop,e_op_dyn_j,Ring/auto,RING/LL[0-7],80.50333333333333,0.025937926331188865,False
reduce_scatter,4gpu,4,524288,oop,e_op_dyn_j,auto/LL,RING/LL[0-7],82.44666666666667,0.026260146775338857,False
reduce_scatter,4gpu,4,524288,oop,e_op_dyn_j,auto/LL128,RING/LL128[0-7],71.94333333333333,0.0248047558691257,False
reduce_scatter,4gpu,4,524288,oop,e_op_dyn_j,auto/Simple,RING/SIMPLE[0-7],61.24666666666666,0.019431904739657235,True
reduce_scatter,4gpu,4,524288,oop,e_op_dyn_j,auto/auto,RING/LL[0-7],79.82000000000001,0.025513773143490407,False
reduce_scatter,4gpu,4,1048576,ip,e_op_j,Ring/LL,RING/LL[0-7],161.3166666666667,0.06925713533816598,False
reduce_scatter,4gpu,4,1048576,ip,e_op_j,Ring/LL128,RING/LL128[0-7],134.41666666666666,0.05981046400685399,False
reduce_scatter,4gpu,4,1048576,ip,e_op_j,Ring/Simple,RING/SIMPLE[0-7],97.75333333333333,0.04160689447926505,False
reduce_scatter,4gpu,4,1048576,ip,e_op_j,Ring/auto,RING/SIMPLE[0-7],97.73666666666666,0.04135331131036652,False
reduce_scatter,4gpu,4,1048576,ip,e_op_j,auto/LL,RING/LL[0-7],160.23000000000002,0.06811780388825972,False
reduce_scatter,4gpu,4,1048576,ip,e_op_j,auto/LL128,RING/LL128[0-7],133.88666666666666,0.060304909410832025,False
reduce_scatter,4gpu,4,1048576,ip,e_op_j,auto/Simple,RING/SIMPLE[0-7],95.67666666666666,0.040235095792093535,True
reduce_scatter,4gpu,4,1048576,ip,e_op_j,auto/auto,RING/SIMPLE[0-7],97.21666666666665,0.04133696943669029,False
reduce_scatter,4gpu,4,1048576,ip,e_op_dyn_j,Ring/LL,RING/LL[0-7],161.3166666666667,0.05275548069539091,False
reduce_scatter,4gpu,4,1048576,ip,e_op_dyn_j,Ring/LL128,RING/LL128[0-7],134.41666666666666,0.04605564091616766,False
reduce_scatter,4gpu,4,1048576,ip,e_op_dyn_j,Ring/Simple,RING/SIMPLE[0-7],97.75333333333333,0.03159342383760088,False
reduce_scatter,4gpu,4,1048576,ip,e_op_dyn_j,Ring/auto,RING/SIMPLE[0-7],97.73666666666666,0.031351826204812146,False
reduce_scatter,4gpu,4,1048576,ip,e_op_dyn_j,auto/LL,RING/LL[0-7],160.23000000000002,0.05169420297692225,False
reduce_scatter,4gpu,4,1048576,ip,e_op_dyn_j,auto/LL128,RING/LL128[0-7],133.88666666666666,0.04658119623003081,False
reduce_scatter,4gpu,4,1048576,ip,e_op_dyn_j,auto/Simple,RING/SIMPLE[0-7],95.67666666666666,0.03043682026820928,True
reduce_scatter,4gpu,4,1048576,ip,e_op_dyn_j,auto/auto,RING/SIMPLE[0-7],97.21666666666665,0.0313864364748695,False
reduce_scatter,4gpu,4,1048576,oop,e_op_j,Ring/LL,RING/LL[0-7],161.62999999999997,0.06886085791526114,False
reduce_scatter,4gpu,4,1048576,oop,e_op_j,Ring/LL128,RING/LL128[0-7],134.92333333333332,0.05969044141986487,False
reduce_scatter,4gpu,4,1048576,oop,e_op_j,Ring/Simple,RING/SIMPLE[0-7],97.77999999999999,0.04069468532669357,False
reduce_scatter,4gpu,4,1048576,oop,e_op_j,Ring/auto,RING/SIMPLE[0-7],97.83,0.04096669383785948,False
reduce_scatter,4gpu,4,1048576,oop,e_op_j,auto/LL,RING/LL[0-7],160.14999999999998,0.06787379671574179,False
reduce_scatter,4gpu,4,1048576,oop,e_op_j,auto/LL128,RING/LL128[0-7],134.51666666666668,0.05996287487673299,False
reduce_scatter,4gpu,4,1048576,oop,e_op_j,auto/Simple,RING/SIMPLE[0-7],95.71666666666665,0.03973706372634138,True
reduce_scatter,4gpu,4,1048576,oop,e_op_j,auto/auto,RING/SIMPLE[0-7],97.22666666666667,0.040691074368334405,False
reduce_scatter,4gpu,4,1048576,oop,e_op_dyn_j,Ring/LL,RING/LL[0-7],161.62999999999997,0.05217348421567311,False
reduce_scatter,4gpu,4,1048576,oop,e_op_dyn_j,Ring/LL128,RING/LL128[0-7],134.92333333333332,0.04577576509832632,False
reduce_scatter,4gpu,4,1048576,oop,e_op_dyn_j,Ring/Simple,RING/SIMPLE[0-7],97.77999999999999,0.030584020430597825,False
reduce_scatter,4gpu,4,1048576,oop,e_op_dyn_j,Ring/auto,RING/SIMPLE[0-7],97.83,0.030849621840784634,False
reduce_scatter,4gpu,4,1048576,oop,e_op_dyn_j,auto/LL,RING/LL[0-7],160.14999999999998,0.051375777275732816,False
reduce_scatter,4gpu,4,1048576,oop,e_op_dyn_j,auto/LL128,RING/LL128[0-7],134.51666666666668,0.046079078613293904,False
reduce_scatter,4gpu,4,1048576,oop,e_op_dyn_j,auto/Simple,RING/SIMPLE[0-7],95.71666666666665,0.029840658513585413,True
reduce_scatter,4gpu,4,1048576,oop,e_op_dyn_j,auto/auto,RING/SIMPLE[0-7],97.22666666666667,0.030663497035908472,False
reduce_scatter,4gpu,4,2097152,ip,e_op_j,Ring/LL,RING/LL[0-7],328.8233333333333,0.14022772230816105,False
reduce_scatter,4gpu,4,2097152,ip,e_op_j,Ring/LL128,RING/LL128[0-7],256.85,0.1159959503640957,False
reduce_scatter,4gpu,4,2097152,ip,e_op_j,Ring/Simple,RING/SIMPLE[0-7],164.65999999999997,0.07028247422680411,False
reduce_scatter,4gpu,4,2097152,ip,e_op_j,Ring/auto,RING/SIMPLE[0-7],163.11,0.06898385800891096,False
reduce_scatter,4gpu,4,2097152,ip,e_op_j,auto/LL,RING/LL[0-7],325.79333333333335,0.13979638728999952,False
reduce_scatter,4gpu,4,2097152,ip,e_op_j,auto/LL128,RING/LL128[0-7],255.88000000000002,0.11567536327608981,False
reduce_scatter,4gpu,4,2097152,ip,e_op_j,auto/Simple,RING/SIMPLE[0-7],161.84666666666666,0.06781963537096618,False
reduce_scatter,4gpu,4,2097152,ip,e_op_j,auto/auto,RING/SIMPLE[0-7],159.06,0.06717289949624304,True
reduce_scatter,4gpu,4,2097152,ip,e_op_dyn_j,Ring/LL,RING/LL[0-7],328.8233333333333,0.10660204922709865,False
reduce_scatter,4gpu,4,2097152,ip,e_op_dyn_j,Ring/LL128,RING/LL128[0-7],256.85,0.08970363806740338,False
reduce_scatter,4gpu,4,2097152,ip,e_op_dyn_j,Ring/Simple,RING/SIMPLE[0-7],164.65999999999997,0.05341508869588393,False
reduce_scatter,4gpu,4,2097152,ip,e_op_dyn_j,Ring/auto,RING/SIMPLE[0-7],163.11,0.05229674714404581,False
reduce_scatter,4gpu,4,2097152,ip,e_op_dyn_j,auto/LL,RING/LL[0-7],325.79333333333335,0.10641934013249953,False
reduce_scatter,4gpu,4,2097152,ip,e_op_dyn_j,auto/LL128,RING/LL128[0-7],255.88000000000002,0.08949395317377845,False
reduce_scatter,4gpu,4,2097152,ip,e_op_dyn_j,auto/Simple,RING/SIMPLE[0-7],161.84666666666666,0.05125152423095358,False
reduce_scatter,4gpu,4,2097152,ip,e_op_dyn_j,auto/auto,RING/SIMPLE[0-7],159.06,0.05090151203891819,True
reduce_scatter,4gpu,4,2097152,oop,e_op_j,Ring/LL,RING/LL[0-7],329.5066666666667,0.1391931280176253,False
reduce_scatter,4gpu,4,2097152,oop,e_op_j,Ring/LL128,RING/LL128[0-7],257.2566666666666,0.1151613909942042,False
reduce_scatter,4gpu,4,2097152,oop,e_op_j,Ring/Simple,RING/SIMPLE[0-7],164.67333333333332,0.06882182130584193,False
reduce_scatter,4gpu,4,2097152,oop,e_op_j,Ring/auto,RING/SIMPLE[0-7],162.84666666666666,0.06819148832566407,False
reduce_scatter,4gpu,4,2097152,oop,e_op_j,auto/LL,RING/LL[0-7],326.31666666666666,0.1379109925593149,False
reduce_scatter,4gpu,4,2097152,oop,e_op_j,auto/LL128,RING/LL128[0-7],256.4066666666667,0.11412685307500368,False
reduce_scatter,4gpu,4,2097152,oop,e_op_j,auto/Simple,RING/SIMPLE[0-7],161.95333333333335,0.06842882909232718,False
reduce_scatter,4gpu,4,2097152,oop,e_op_j,auto/auto,RING/SIMPLE[0-7],158.98999999999998,0.06615725607075461,True
reduce_scatter,4gpu,4,2097152,oop,e_op_dyn_j,Ring/LL,RING/LL[0-7],329.5066666666667,0.10521994301290276,False
reduce_scatter,4gpu,4,2097152,oop,e_op_dyn_j,Ring/LL128,RING/LL128[0-7],257.2566666666666,0.08866255719648096,False
reduce_scatter,4gpu,4,2097152,oop,e_op_dyn_j,Ring/Simple,RING/SIMPLE[0-7],164.67333333333332,0.05182085764845449,False
reduce_scatter,4gpu,4,2097152,oop,e_op_dyn_j,Ring/auto,RING/SIMPLE[0-7],162.84666666666666,0.051369969750007106,False
reduce_scatter,4gpu,4,2097152,oop,e_op_dyn_j,auto/LL,RING/LL[0-7],326.31666666666666,0.10420050892994155,False
reduce_scatter,4gpu,4,2097152,oop,e_op_dyn_j,auto/LL128,RING/LL128[0-7],256.4066666666667,0.08762974470028088,False
reduce_scatter,4gpu,4,2097152,oop,e_op_dyn_j,auto/Simple,RING/SIMPLE[0-7],161.95333333333335,0.05172273610032906,False
reduce_scatter,4gpu,4,2097152,oop,e_op_dyn_j,auto/auto,RING/SIMPLE[0-7],158.98999999999998,0.04975472967051756,True
reduce_scatter,4gpu,4,4194304,ip,e_op_j,Ring/LL,RING/LL[0-7],705.2566666666667,0.3076080795899909,False
reduce_scatter,4gpu,4,4194304,ip,e_op_j,Ring/LL128,RING/LL128[0-7],483.44666666666666,0.22212053939054857,False
reduce_scatter,4gpu,4,4194304,ip,e_op_j,Ring/Simple,RING/SIMPLE[0-7],317.29999999999995,0.13921130070981994,False
reduce_scatter,4gpu,4,4194304,ip,e_op_j,Ring/auto,RING/SIMPLE[0-7],312.4533333333333,0.13812525110955384,True
reduce_scatter,4gpu,4,4194304,ip,e_op_j,auto/LL,RING/LL[0-7],755.1333333333332,0.32807207478890227,False
reduce_scatter,4gpu,4,4194304,ip,e_op_j,auto/LL128,RING/LL128[0-7],492.2933333333333,0.22567327894903877,False
reduce_scatter,4gpu,4,4194304,ip,e_op_j,auto/Simple,RING/SIMPLE[0-7],311.42333333333335,0.13925855833378256,True
reduce_scatter,4gpu,4,4194304,ip,e_op_j,auto/auto,RING/SIMPLE[0-7],315.50333333333333,0.13880312441182008,False
reduce_scatter,4gpu,4,4194304,ip,e_op_dyn_j,Ring/LL,RING/LL[0-7],705.2566666666667,0.23529979076685645,False
reduce_scatter,4gpu,4,4194304,ip,e_op_dyn_j,Ring/LL128,RING/LL128[0-7],483.44666666666666,0.17268105829875288,False
reduce_scatter,4gpu,4,4194304,ip,e_op_dyn_j,Ring/Simple,RING/SIMPLE[0-7],317.29999999999995,0.10675150736866783,False
reduce_scatter,4gpu,4,4194304,ip,e_op_dyn_j,Ring/auto,RING/SIMPLE[0-7],312.4533333333333,0.10609123229205097,True
reduce_scatter,4gpu,4,4194304,ip,e_op_dyn_j,auto/LL,RING/LL[0-7],755.1333333333332,0.25068354517430996,False
reduce_scatter,4gpu,4,4194304,ip,e_op_dyn_j,auto/LL128,RING/LL128[0-7],492.2933333333333,0.17520010192587043,False
reduce_scatter,4gpu,4,4194304,ip,e_op_dyn_j,auto/Simple,RING/SIMPLE[0-7],311.42333333333335,0.10740270515981581,True
reduce_scatter,4gpu,4,4194304,ip,e_op_dyn_j,auto/auto,RING/SIMPLE[0-7],315.50333333333333,0.10650867027486137,False
reduce_scatter,4gpu,4,4194304,oop,e_op_j,Ring/LL,RING/LL[0-7],705.7666666666668,0.30391005929052356,False
reduce_scatter,4gpu,4,4194304,oop,e_op_j,Ring/LL128,RING/LL128[0-7],481.5066666666666,0.21920744266056627,False
reduce_scatter,4gpu,4,4194304,oop,e_op_j,Ring/Simple,RING/SIMPLE[0-7],317.8433333333333,0.14005410614393832,False
reduce_scatter,4gpu,4,4194304,oop,e_op_j,Ring/auto,RING/SIMPLE[0-7],312.8333333333333,0.13793071712216773,False
reduce_scatter,4gpu,4,4194304,oop,e_op_j,auto/LL,RING/LL[0-7],756.3933333333333,0.33127362283876155,False
reduce_scatter,4gpu,4,4194304,oop,e_op_j,auto/LL128,RING/LL128[0-7],492.33,0.2213915960079785,False
reduce_scatter,4gpu,4,4194304,oop,e_op_j,auto/Simple,RING/SIMPLE[0-7],311.45666666666665,0.13543280587696552,True
reduce_scatter,4gpu,4,4194304,oop,e_op_j,auto/auto,RING/SIMPLE[0-7],316.18333333333334,0.13927550348202525,False
reduce_scatter,4gpu,4,4194304,oop,e_op_dyn_j,Ring/LL,RING/LL[0-7],705.7666666666668,0.23115026964358745,False
reduce_scatter,4gpu,4,4194304,oop,e_op_dyn_j,Ring/LL128,RING/LL128[0-7],481.5066666666666,0.16963420852563282,False
reduce_scatter,4gpu,4,4194304,oop,e_op_dyn_j,Ring/Simple,RING/SIMPLE[0-7],317.8433333333333,0.10723779737872141,False
reduce_scatter,4gpu,4,4194304,oop,e_op_dyn_j,Ring/auto,RING/SIMPLE[0-7],312.8333333333333,0.10569778434185577,False
reduce_scatter,4gpu,4,4194304,oop,e_op_dyn_j,auto/LL,RING/LL[0-7],756.3933333333333,0.25330086167072197,False
reduce_scatter,4gpu,4,4194304,oop,e_op_dyn_j,auto/LL128,RING/LL128[0-7],492.33,0.1705510375086098,False
reduce_scatter,4gpu,4,4194304,oop,e_op_dyn_j,auto/Simple,RING/SIMPLE[0-7],311.45666666666665,0.10322832762276814,True
reduce_scatter,4gpu,4,4194304,oop,e_op_dyn_j,auto/auto,RING/SIMPLE[0-7],316.18333333333334,0.10661993270784371,False
reduce_scatter,4gpu,4,8388608,ip,e_op_j,Ring/LL,RING/LL[0-7],1452.0166666666664,0.6367378826530613,False
reduce_scatter,4gpu,4,8388608,ip,e_op_j,Ring/LL128,RING/LL128[0-7],1031.4966666666667,0.4734641890929802,False
reduce_scatter,4gpu,4,8388608,ip,e_op_j,Ring/Simple,RING/SIMPLE[0-7],631.9499999999999,0.27934842663739484,True
reduce_scatter,4gpu,4,8388608,ip,e_op_j,Ring/auto,RING/SIMPLE[0-7],624.6899999999999,0.2807116496832829,True
reduce_scatter,4gpu,4,8388608,ip,e_op_j,auto/LL,RING/LL[0-7],1590.34,0.6965292288557213,False
reduce_scatter,4gpu,4,8388608,ip,e_op_j,auto/LL128,RING/LL128[0-7],952.9866666666666,0.4368236467330077,False
reduce_scatter,4gpu,4,8388608,ip,e_op_j,auto/Simple,RING/SIMPLE[0-7],621.3299999999999,0.2810378408458542,True
reduce_scatter,4gpu,4,8388608,ip,e_op_j,auto/auto,RING/SIMPLE[0-7],631.3299999999999,0.2827802167268686,False
reduce_scatter,4gpu,4,8388608,ip,e_op_dyn_j,Ring/LL,RING/LL[0-7],1452.0166666666664,0.4882432236281402,False
reduce_scatter,4gpu,4,8388608,ip,e_op_dyn_j,Ring/LL128,RING/LL128[0-7],1031.4966666666667,0.3679756225132615,False
reduce_scatter,4gpu,4,8388608,ip,e_op_dyn_j,Ring/Simple,RING/SIMPLE[0-7],631.9499999999999,0.21469302799642387,True
reduce_scatter,4gpu,4,8388608,ip,e_op_dyn_j,Ring/auto,RING/SIMPLE[0-7],624.6899999999999,0.21681702332857458,True
reduce_scatter,4gpu,4,8388608,ip,e_op_dyn_j,auto/LL,RING/LL[0-7],1590.34,0.5337895636205957,False
reduce_scatter,4gpu,4,8388608,ip,e_op_dyn_j,auto/LL128,RING/LL128[0-7],952.9866666666666,0.33926970383920413,False
reduce_scatter,4gpu,4,8388608,ip,e_op_dyn_j,auto/Simple,RING/SIMPLE[0-7],621.3299999999999,0.21746525500197997,True
reduce_scatter,4gpu,4,8388608,ip,e_op_dyn_j,auto/auto,RING/SIMPLE[0-7],631.3299999999999,0.21814331127449346,False
reduce_scatter,4gpu,4,8388608,oop,e_op_j,Ring/LL,RING/LL[0-7],1451.51,0.6275425170068027,False
reduce_scatter,4gpu,4,8388608,oop,e_op_j,Ring/LL128,RING/LL128[0-7],1034.3233333333333,0.46631681617542364,False
reduce_scatter,4gpu,4,8388608,oop,e_op_j,Ring/Simple,RING/SIMPLE[0-7],631.62,0.27754729235272596,False
reduce_scatter,4gpu,4,8388608,oop,e_op_j,Ring/auto,RING/SIMPLE[0-7],624.1500000000001,0.2756568438446709,False
reduce_scatter,4gpu,4,8388608,oop,e_op_j,auto/LL,RING/LL[0-7],1587.9000000000003,0.684794568822554,False
reduce_scatter,4gpu,4,8388608,oop,e_op_j,auto/LL128,RING/LL128[0-7],954.9933333333333,0.4303834729500929,False
reduce_scatter,4gpu,4,8388608,oop,e_op_j,auto/Simple,RING/SIMPLE[0-7],622.1366666666668,0.27392385457243557,True
reduce_scatter,4gpu,4,8388608,oop,e_op_j,auto/auto,RING/SIMPLE[0-7],629.2166666666667,0.27344290080577943,True
reduce_scatter,4gpu,4,8388608,oop,e_op_dyn_j,Ring/LL,RING/LL[0-7],1451.51,0.4779399634043748,False
reduce_scatter,4gpu,4,8388608,oop,e_op_dyn_j,Ring/LL128,RING/LL128[0-7],1034.3233333333333,0.3598258193500368,False
reduce_scatter,4gpu,4,8388608,oop,e_op_dyn_j,Ring/Simple,RING/SIMPLE[0-7],631.62,0.21248205336834244,False
reduce_scatter,4gpu,4,8388608,oop,e_op_dyn_j,Ring/auto,RING/SIMPLE[0-7],624.1500000000001,0.21125626581646487,False
reduce_scatter,4gpu,4,8388608,oop,e_op_dyn_j,auto/LL,RING/LL[0-7],1587.9000000000003,0.5207877982358539,False
reduce_scatter,4gpu,4,8388608,oop,e_op_dyn_j,auto/LL128,RING/LL128[0-7],954.9933333333333,0.3319278697184105,False
reduce_scatter,4gpu,4,8388608,oop,e_op_dyn_j,auto/Simple,RING/SIMPLE[0-7],622.1366666666668,0.20981394454864333,True
reduce_scatter,4gpu,4,8388608,oop,e_op_dyn_j,auto/auto,RING/SIMPLE[0-7],629.2166666666667,0.2086017885602107,True
reduce_scatter,4gpu,4,16777216,ip,e_op_j,Ring/LL,RING/LL[0-7],3114.0400000000004,1.359348857266063,False
reduce_scatter,4gpu,4,16777216,ip,e_op_j,Ring/LL128,RING/LL128[0-7],1941.07,0.8925217895645176,False
reduce_scatter,4gpu,4,16777216,ip,e_op_j,Ring/Simple,RING/SIMPLE[0-7],1292.363333333333,0.5790500920810313,False
reduce_scatter,4gpu,4,16777216,ip,e_op_j,Ring/auto,RING/SIMPLE[0-7],1287.1433333333334,0.5809381424375918,False
reduce_scatter,4gpu,4,16777216,ip,e_op_j,auto/LL,RING/LL[0-7],2998.02,1.3169465648854963,False
reduce_scatter,4gpu,4,16777216,ip,e_op_j,auto/LL128,RING/LL128[0-7],1952.7399999999998,0.8914893762383004,False
reduce_scatter,4gpu,4,16777216,ip,e_op_j,auto/Simple,RING/SIMPLE[0-7],1274.79,0.5690693437441904,True
reduce_scatter,4gpu,4,16777216,ip,e_op_j,auto/auto,RING/SIMPLE[0-7],1320.05,0.5916460612691465,False
reduce_scatter,4gpu,4,16777216,ip,e_op_dyn_j,Ring/LL,RING/LL[0-7],3114.0400000000004,1.0408915764501165,False
reduce_scatter,4gpu,4,16777216,ip,e_op_dyn_j,Ring/LL128,RING/LL128[0-7],1941.07,0.6939288804027122,False
reduce_scatter,4gpu,4,16777216,ip,e_op_dyn_j,Ring/Simple,RING/SIMPLE[0-7],1292.363333333333,0.44670655592633945,False
reduce_scatter,4gpu,4,16777216,ip,e_op_dyn_j,Ring/auto,RING/SIMPLE[0-7],1287.1433333333334,0.44914087851221196,False
reduce_scatter,4gpu,4,16777216,ip,e_op_dyn_j,auto/LL,RING/LL[0-7],2998.02,1.0098627675404515,False
reduce_scatter,4gpu,4,16777216,ip,e_op_dyn_j,auto/LL128,RING/LL128[0-7],1952.7399999999998,0.6916649813003023,False
reduce_scatter,4gpu,4,16777216,ip,e_op_dyn_j,auto/Simple,RING/SIMPLE[0-7],1274.79,0.43866972627840034,True
reduce_scatter,4gpu,4,16777216,ip,e_op_dyn_j,auto/auto,RING/SIMPLE[0-7],1320.05,0.45638509937040334,False
reduce_scatter,4gpu,4,16777216,oop,e_op_j,Ring/LL,RING/LL[0-7],3110.983333333333,1.330369124622682,False
reduce_scatter,4gpu,4,16777216,oop,e_op_j,Ring/LL128,RING/LL128[0-7],1947.92,0.8794038936621412,False
reduce_scatter,4gpu,4,16777216,oop,e_op_j,Ring/Simple,RING/SIMPLE[0-7],1287.8700000000001,0.5754802946593002,False
reduce_scatter,4gpu,4,16777216,oop,e_op_j,Ring/auto,RING/SIMPLE[0-7],1288.3,0.5691259177679883,False
reduce_scatter,4gpu,4,16777216,oop,e_op_j,auto/LL,RING/LL[0-7],2995.5333333333333,1.291457167090755,False
reduce_scatter,4gpu,4,16777216,oop,e_op_j,auto/LL128,RING/LL128[0-7],1951.9099999999999,0.8861784296439703,False
reduce_scatter,4gpu,4,16777216,oop,e_op_j,auto/Simple,RING/SIMPLE[0-7],1274.9733333333334,0.5675822643614054,True
reduce_scatter,4gpu,4,16777216,oop,e_op_j,auto/auto,RING/SIMPLE[0-7],1321.2133333333334,0.5884115609044493,False
reduce_scatter,4gpu,4,16777216,oop,e_op_dyn_j,Ring/LL,RING/LL[0-7],3110.983333333333,1.0090597861310617,False
reduce_scatter,4gpu,4,16777216,oop,e_op_dyn_j,Ring/LL128,RING/LL128[0-7],1947.92,0.6787018143853579,False
reduce_scatter,4gpu,4,16777216,oop,e_op_dyn_j,Ring/Simple,RING/SIMPLE[0-7],1287.8700000000001,0.44258172662220013,False
reduce_scatter,4gpu,4,16777216,oop,e_op_dyn_j,Ring/auto,RING/SIMPLE[0-7],1288.3,0.43654736865953003,False
reduce_scatter,4gpu,4,16777216,oop,e_op_dyn_j,auto/LL,RING/LL[0-7],2995.5333333333333,0.9825059022728212,False
reduce_scatter,4gpu,4,16777216,oop,e_op_dyn_j,auto/LL128,RING/LL128[0-7],1951.9099999999999,0.6851120301719068,False
reduce_scatter,4gpu,4,16777216,oop,e_op_dyn_j,auto/Simple,RING/SIMPLE[0-7],1274.9733333333334,0.43617507474335265,True
reduce_scatter,4gpu,4,16777216,oop,e_op_dyn_j,auto/auto,RING/SIMPLE[0-7],1321.2133333333334,0.4522092060752028,False
reduce_scatter,4gpu,4,33554432,ip,e_op_j,Ring/LL,RING/LL[0-7],6954.040000000001,3.034093124456049,False
reduce_scatter,4gpu,4,33554432,ip,e_op_j,Ring/LL128,RING/LL128[0-7],4127.056666666666,1.8949257929383603,False
reduce_scatter,4gpu,4,33554432,ip,e_op_j,Ring/Simple,RING/SIMPLE[0-7],2638.8866666666668,1.1987105654761905,False
reduce_scatter,4gpu,4,33554432,ip,e_op_j,Ring/auto,RING/SIMPLE[0-7],2634.7866666666664,1.1774939429464635,False
reduce_scatter,4gpu,4,33554432,ip,e_op_j,auto/LL,RING/LL[0-7],6867.509999999999,2.974237719298246,False
reduce_scatter,4gpu,4,33554432,ip,e_op_j,auto/LL128,RING/LL128[0-7],3947.1,1.8079085858585857,False
reduce_scatter,4gpu,4,33554432,ip,e_op_j,auto/Simple,RING/SIMPLE[0-7],2571.0766666666664,1.1681237946569858,True
reduce_scatter,4gpu,4,33554432,ip,e_op_j,auto/auto,RING/SIMPLE[0-7],2599.6366666666668,1.1811263858093126,False
reduce_scatter,4gpu,4,33554432,ip,e_op_dyn_j,Ring/LL,RING/LL[0-7],6954.040000000001,2.3220721627489183,False
reduce_scatter,4gpu,4,33554432,ip,e_op_dyn_j,Ring/LL128,RING/LL128[0-7],4127.056666666666,1.4728402230184783,False
reduce_scatter,4gpu,4,33554432,ip,e_op_dyn_j,Ring/Simple,RING/SIMPLE[0-7],2638.8866666666668,0.9285749201552336,False
reduce_scatter,4gpu,4,33554432,ip,e_op_dyn_j,Ring/auto,RING/SIMPLE[0-7],2634.7866666666664,0.9079864992721376,False
reduce_scatter,4gpu,4,33554432,ip,e_op_dyn_j,auto/LL,RING/LL[0-7],6867.509999999999,2.270434998742068,False
reduce_scatter,4gpu,4,33554432,ip,e_op_dyn_j,auto/LL128,RING/LL128[0-7],3947.1,1.4037799710612286,False
reduce_scatter,4gpu,4,33554432,ip,e_op_dyn_j,auto/Simple,RING/SIMPLE[0-7],2571.0766666666664,0.9050933694057476,True
reduce_scatter,4gpu,4,33554432,ip,e_op_dyn_j,auto/auto,RING/SIMPLE[0-7],2599.6366666666668,0.9152222792954071,False
reduce_scatter,4gpu,4,33554432,oop,e_op_j,Ring/LL,RING/LL[0-7],6973.136666666666,2.993325500435161,False
reduce_scatter,4gpu,4,33554432,oop,e_op_j,Ring/LL128,RING/LL128[0-7],4128.303333333332,1.861885697187313,False
reduce_scatter,4gpu,4,33554432,oop,e_op_j,Ring/Simple,RING/SIMPLE[0-7],2637.9599999999996,1.1885647321428572,False
reduce_scatter,4gpu,4,33554432,oop,e_op_j,Ring/auto,RING/SIMPLE[0-7],2629.8399999999997,1.1737823368503322,False
reduce_scatter,4gpu,4,33554432,oop,e_op_j,auto/LL,RING/LL[0-7],6869.830000000001,2.951928070175439,False
reduce_scatter,4gpu,4,33554432,oop,e_op_j,auto/LL128,RING/LL128[0-7],3947.346666666667,1.7903637997623292,False
reduce_scatter,4gpu,4,33554432,oop,e_op_j,auto/Simple,RING/SIMPLE[0-7],2574.806666666667,1.1483073460836264,True
reduce_scatter,4gpu,4,33554432,oop,e_op_j,auto/auto,RING/SIMPLE[0-7],2596.806666666667,1.14429896526238,True
reduce_scatter,4gpu,4,33554432,oop,e_op_dyn_j,Ring/LL,RING/LL[0-7],6973.136666666666,2.275606177771379,False
reduce_scatter,4gpu,4,33554432,oop,e_op_dyn_j,Ring/LL128,RING/LL128[0-7],4128.303333333332,1.4366190762219235,False
reduce_scatter,4gpu,4,33554432,oop,e_op_dyn_j,Ring/Simple,RING/SIMPLE[0-7],2637.9599999999996,0.9162896846064403,False
reduce_scatter,4gpu,4,33554432,oop,e_op_dyn_j,Ring/auto,RING/SIMPLE[0-7],2629.8399999999997,0.9022245472950353,False
reduce_scatter,4gpu,4,33554432,oop,e_op_dyn_j,auto/LL,RING/LL[0-7],6869.830000000001,2.244064432580694,False
reduce_scatter,4gpu,4,33554432,oop,e_op_dyn_j,auto/LL128,RING/LL128[0-7],3947.346666666667,1.3840962989199663,False
reduce_scatter,4gpu,4,33554432,oop,e_op_dyn_j,auto/Simple,RING/SIMPLE[0-7],2574.806666666667,0.8826352401513046,True
reduce_scatter,4gpu,4,33554432,oop,e_op_dyn_j,auto/auto,RING/SIMPLE[0-7],2596.806666666667,0.8766527413460098,True
reduce_scatter,4gpu,4,67108864,ip,e_op_j,Ring/LL,RING/LL[0-7],12688.6,5.506698080279231,False
reduce_scatter,4gpu,4,67108864,ip,e_op_j,Ring/LL128,RING/LL128[0-7],8119.026666666668,3.7176197021764033,False
reduce_scatter,4gpu,4,67108864,ip,e_op_j,Ring/Simple,RING/SIMPLE[0-7],5389.13,2.4511783295711065,False
reduce_scatter,4gpu,4,67108864,ip,e_op_j,Ring/auto,RING/SIMPLE[0-7],5362.68,2.418887133182844,True
reduce_scatter,4gpu,4,67108864,ip,e_op_j,auto/LL,RING/LL[0-7],13022.833333333334,5.6619005235602105,False
reduce_scatter,4gpu,4,67108864,ip,e_op_j,auto/LL128,RING/LL128[0-7],8083.263333333332,3.7294627720504017,False
reduce_scatter,4gpu,4,67108864,ip,e_op_j,auto/Simple,RING/SIMPLE[0-7],5370.006666666667,2.3963108108108107,True
reduce_scatter,4gpu,4,67108864,ip,e_op_j,auto/auto,RING/SIMPLE[0-7],5394.69,2.4277039522744217,False
reduce_scatter,4gpu,4,67108864,ip,e_op_dyn_j,Ring/LL,RING/LL[0-7],12688.6,4.210212313592112,False
reduce_scatter,4gpu,4,67108864,ip,e_op_dyn_j,Ring/LL128,RING/LL128[0-7],8119.026666666668,2.886215397551254,False
reduce_scatter,4gpu,4,67108864,ip,e_op_dyn_j,Ring/Simple,RING/SIMPLE[0-7],5389.13,1.8996756330192979,False
reduce_scatter,4gpu,4,67108864,ip,e_op_dyn_j,Ring/auto,RING/SIMPLE[0-7],5362.68,1.8704487781464836,True
reduce_scatter,4gpu,4,67108864,ip,e_op_dyn_j,auto/LL,RING/LL[0-7],13022.833333333334,4.329853502798705,False
reduce_scatter,4gpu,4,67108864,ip,e_op_dyn_j,auto/LL128,RING/LL128[0-7],8083.263333333332,2.902805925750307,False
reduce_scatter,4gpu,4,67108864,ip,e_op_dyn_j,auto/Simple,RING/SIMPLE[0-7],5370.006666666667,1.8463780931019456,True
reduce_scatter,4gpu,4,67108864,ip,e_op_dyn_j,auto/auto,RING/SIMPLE[0-7],5394.69,1.8755657513486337,False
reduce_scatter,4gpu,4,67108864,oop,e_op_j,Ring/LL,RING/LL[0-7],12690.633333333333,5.403687609075043,False
reduce_scatter,4gpu,4,67108864,oop,e_op_j,Ring/LL128,RING/LL128[0-7],8126.829999999999,3.6995383734249714,False
reduce_scatter,4gpu,4,67108864,oop,e_op_j,Ring/Simple,RING/SIMPLE[0-7],5410.19,2.3913333333333333,False
reduce_scatter,4gpu,4,67108864,oop,e_op_j,Ring/auto,RING/SIMPLE[0-7],5371.61,2.3853243039879612,False
reduce_scatter,4gpu,4,67108864,oop,e_op_j,auto/LL,RING/LL[0-7],13022.966666666667,5.606445026178011,False
reduce_scatter,4gpu,4,67108864,oop,e_op_j,auto/LL128,RING/LL128[0-7],8108.303333333332,3.687702176403207,False
reduce_scatter,4gpu,4,67108864,oop,e_op_j,auto/Simple,RING/SIMPLE[0-7],5369.403333333333,2.377789039039039,True
reduce_scatter,4gpu,4,67108864,oop,e_op_j,auto/auto,RING/SIMPLE[0-7],5390.306666666666,2.4023601789709175,False
reduce_scatter,4gpu,4,67108864,oop,e_op_dyn_j,Ring/LL,RING/LL[0-7],12690.633333333333,4.096552448275432,False
reduce_scatter,4gpu,4,67108864,oop,e_op_dyn_j,Ring/LL128,RING/LL128[0-7],8126.829999999999,2.860723634671333,False
reduce_scatter,4gpu,4,67108864,oop,e_op_dyn_j,Ring/Simple,RING/SIMPLE[0-7],5410.19,1.8340099820406381,False
reduce_scatter,4gpu,4,67108864,oop,e_op_dyn_j,Ring/auto,RING/SIMPLE[0-7],5371.61,1.8323536357994286,False
reduce_scatter,4gpu,4,67108864,oop,e_op_dyn_j,auto/LL,RING/LL[0-7],13022.966666666667,4.2636401930762124,False
reduce_scatter,4gpu,4,67108864,oop,e_op_dyn_j,auto/LL128,RING/LL128[0-7],8108.303333333332,2.8517283322230864,False
reduce_scatter,4gpu,4,67108864,oop,e_op_dyn_j,auto/Simple,RING/SIMPLE[0-7],5369.403333333333,1.8242981077399951,True
reduce_scatter,4gpu,4,67108864,oop,e_op_dyn_j,auto/auto,RING/SIMPLE[0-7],5390.306666666666,1.8471808656777433,False
reduce_scatter,4gpu,4,134217728,ip,e_op_j,Ring/LL,RING/LL[0-7],28403.0,12.367348148148148,False
reduce_scatter,4gpu,4,134217728,ip,e_op_j,Ring/LL128,RING/LL128[0-7],15677.799999999997,7.291590476190476,False
reduce_scatter,4gpu,4,134217728,ip,e_op_j,Ring/Simple,RING/SIMPLE[0-7],10515.6,4.789897321428572,False
reduce_scatter,4gpu,4,134217728,ip,e_op_j,Ring/auto,RING/SIMPLE[0-7],10296.266666666668,4.646926756352766,True
reduce_scatter,4gpu,4,134217728,ip,e_op_j,auto/LL,RING/LL[0-7],27852.43333333333,11.95477543859649,False
reduce_scatter,4gpu,4,134217728,ip,e_op_j,auto/LL128,RING/LL128[0-7],15902.433333333332,7.242321995464853,False
reduce_scatter,4gpu,4,134217728,ip,e_op_j,auto/Simple,RING/SIMPLE[0-7],10440.733333333332,4.696538116591928,False
reduce_scatter,4gpu,4,134217728,ip,e_op_j,auto/auto,RING/SIMPLE[0-7],10541.1,4.763797037037037,False
reduce_scatter,4gpu,4,134217728,ip,e_op_dyn_j,Ring/LL,RING/LL[0-7],28403.0,9.45797411461873,False
reduce_scatter,4gpu,4,134217728,ip,e_op_dyn_j,Ring/LL128,RING/LL128[0-7],15677.799999999997,5.688209060186945,False
reduce_scatter,4gpu,4,134217728,ip,e_op_dyn_j,Ring/Simple,RING/SIMPLE[0-7],10515.6,3.711745594777699,False
reduce_scatter,4gpu,4,134217728,ip,e_op_dyn_j,Ring/auto,RING/SIMPLE[0-7],10296.266666666668,3.5916057853477277,True
reduce_scatter,4gpu,4,134217728,ip,e_op_dyn_j,auto/LL,RING/LL[0-7],27852.43333333333,9.106465651446818,False
reduce_scatter,4gpu,4,134217728,ip,e_op_dyn_j,auto/LL128,RING/LL128[0-7],15902.433333333332,5.615945961754228,False
reduce_scatter,4gpu,4,134217728,ip,e_op_dyn_j,auto/Simple,RING/SIMPLE[0-7],10440.733333333332,3.6278685770225905,False
reduce_scatter,4gpu,4,134217728,ip,e_op_dyn_j,auto/auto,RING/SIMPLE[0-7],10541.1,3.6853006630264127,False
reduce_scatter,4gpu,4,134217728,oop,e_op_j,Ring/LL,RING/LL[0-7],28439.766666666663,12.116625925925925,False
reduce_scatter,4gpu,4,134217728,oop,e_op_j,Ring/LL128,RING/LL128[0-7],15724.233333333332,7.114552380952381,False
reduce_scatter,4gpu,4,134217728,oop,e_op_j,Ring/Simple,RING/SIMPLE[0-7],10525.499999999998,4.639284226190476,False
reduce_scatter,4gpu,4,134217728,oop,e_op_j,Ring/auto,RING/SIMPLE[0-7],10280.199999999999,4.6006771300448435,True
reduce_scatter,4gpu,4,134217728,oop,e_op_j,auto/LL,RING/LL[0-7],27912.266666666663,12.01878245614035,False
reduce_scatter,4gpu,4,134217728,oop,e_op_j,auto/LL128,RING/LL128[0-7],15893.266666666665,7.280326530612245,False
reduce_scatter,4gpu,4,134217728,oop,e_op_j,auto/Simple,RING/SIMPLE[0-7],10431.066666666668,4.617696562032885,False
reduce_scatter,4gpu,4,134217728,oop,e_op_j,auto/auto,RING/SIMPLE[0-7],10574.800000000001,4.7080370370370375,False
reduce_scatter,4gpu,4,134217728,oop,e_op_dyn_j,Ring/LL,RING/LL[0-7],28439.766666666663,9.185137189386516,False
reduce_scatter,4gpu,4,134217728,oop,e_op_dyn_j,Ring/LL128,RING/LL128[0-7],15724.233333333332,5.492784164795097,False
reduce_scatter,4gpu,4,134217728,oop,e_op_dyn_j,Ring/Simple,RING/SIMPLE[0-7],10525.499999999998,3.555140688943958,False
reduce_scatter,4gpu,4,134217728,oop,e_op_dyn_j,Ring/auto,RING/SIMPLE[0-7],10280.199999999999,3.539407752388911,True
reduce_scatter,4gpu,4,134217728,oop,e_op_dyn_j,auto/LL,RING/LL[0-7],27912.266666666663,9.140862805955365,False
reduce_scatter,4gpu,4,134217728,oop,e_op_dyn_j,auto/LL128,RING/LL128[0-7],15893.266666666665,5.639913530547688,False
reduce_scatter,4gpu,4,134217728,oop,e_op_dyn_j,auto/Simple,RING/SIMPLE[0-7],10431.066666666668,3.5426967050442766,False
reduce_scatter,4gpu,4,134217728,oop,e_op_dyn_j,auto/auto,RING/SIMPLE[0-7],10574.800000000001,3.6178371937476594,False
reduce_scatter,4gpu,4,268435456,ip,e_op_j,Ring/LL,RING/LL[0-7],59507.46666666665,25.718721088435373,False
reduce_scatter,4gpu,4,268435456,ip,e_op_j,Ring/LL128,RING/LL128[0-7],31708.866666666665,14.528223744292239,False
reduce_scatter,4gpu,4,268435456,ip,e_op_j,Ring/Simple,RING/SIMPLE[0-7],20685.833333333332,9.264181818181818,True
reduce_scatter,4gpu,4,268435456,ip,e_op_j,Ring/auto,RING/SIMPLE[0-7],22244.13333333333,9.947653968253968,False
reduce_scatter,4gpu,4,268435456,ip,e_op_j,auto/LL,RING/LL[0-7],51315.26666666666,22.200256944444444,False
reduce_scatter,4gpu,4,268435456,ip,e_op_j,auto/LL128,RING/LL128[0-7],32075.5,14.790202898550724,False
reduce_scatter,4gpu,4,268435456,ip,e_op_j,auto/Simple,RING/SIMPLE[0-7],21896.599999999995,9.738587020648966,False
reduce_scatter,4gpu,4,268435456,ip,e_op_j,auto/auto,RING/SIMPLE[0-7],21295.5,9.556984567901234,False
reduce_scatter,4gpu,4,268435456,ip,e_op_dyn_j,Ring/LL,RING/LL[0-7],59507.46666666665,19.62682277716846,False
reduce_scatter,4gpu,4,268435456,ip,e_op_dyn_j,Ring/LL128,RING/LL128[0-7],31708.866666666665,11.286531548834773,False
reduce_scatter,4gpu,4,268435456,ip,e_op_dyn_j,Ring/Simple,RING/SIMPLE[0-7],20685.833333333332,7.1448174665026345,True
reduce_scatter,4gpu,4,268435456,ip,e_op_dyn_j,Ring/auto,RING/SIMPLE[0-7],22244.13333333333,7.67026179762469,False
reduce_scatter,4gpu,4,268435456,ip,e_op_dyn_j,auto/LL,RING/LL[0-7],51315.26666666666,16.94455233421637,False
reduce_scatter,4gpu,4,268435456,ip,e_op_dyn_j,auto/LL128,RING/LL128[0-7],32075.5,11.50203474344076,False
reduce_scatter,4gpu,4,268435456,ip,e_op_dyn_j,auto/Simple,RING/SIMPLE[0-7],21896.599999999995,7.495917991427639,False
reduce_scatter,4gpu,4,268435456,ip,e_op_dyn_j,auto/auto,RING/SIMPLE[0-7],21295.5,7.378305959532047,False
reduce_scatter,4gpu,4,268435456,oop,e_op_j,Ring/LL,RING/LL[0-7],59780.0,25.68565306122449,False
reduce_scatter,4gpu,4,268435456,oop,e_op_j,Ring/LL128,RING/LL128[0-7],31723.233333333326,14.528452054794522,False
reduce_scatter,4gpu,4,268435456,oop,e_op_j,Ring/Simple,RING/SIMPLE[0-7],20681.066666666666,9.16090909090909,True
reduce_scatter,4gpu,4,268435456,oop,e_op_j,Ring/auto,RING/SIMPLE[0-7],22260.7,9.7601873015873,False
reduce_scatter,4gpu,4,268435456,oop,e_op_j,auto/LL,RING/LL[0-7],51284.86666666667,22.042590277777776,False
reduce_scatter,4gpu,4,268435456,oop,e_op_j,auto/LL128,RING/LL128[0-7],32209.53333333333,14.805700483091785,False
reduce_scatter,4gpu,4,268435456,oop,e_op_j,auto/Simple,RING/SIMPLE[0-7],21963.833333333332,9.678206489675516,False
reduce_scatter,4gpu,4,268435456,oop,e_op_j,auto/auto,RING/SIMPLE[0-7],21281.86666666667,9.37529938271605,False
reduce_scatter,4gpu,4,268435456,oop,e_op_dyn_j,Ring/LL,RING/LL[0-7],59780.0,19.525240122984233,False
reduce_scatter,4gpu,4,268435456,oop,e_op_dyn_j,Ring/LL128,RING/LL128[0-7],31723.233333333326,11.254464451016,False
reduce_scatter,4gpu,4,268435456,oop,e_op_dyn_j,Ring/Simple,RING/SIMPLE[0-7],20681.066666666666,7.032398185407074,True
reduce_scatter,4gpu,4,268435456,oop,e_op_dyn_j,Ring/auto,RING/SIMPLE[0-7],22260.7,7.462440279409175,False
reduce_scatter,4gpu,4,268435456,oop,e_op_dyn_j,auto/LL,RING/LL[0-7],51284.86666666667,16.760147098428885,False
reduce_scatter,4gpu,4,268435456,oop,e_op_dyn_j,auto/LL128,RING/LL128[0-7],32209.53333333333,11.47800360127527,False
reduce_scatter,4gpu,4,268435456,oop,e_op_dyn_j,auto/Simple,RING/SIMPLE[0-7],21963.833333333332,7.413415004139041,False
reduce_scatter,4gpu,4,268435456,oop,e_op_dyn_j,auto/auto,RING/SIMPLE[0-7],21281.86666666667,7.181786774430814,False
reduce_scatter,4gpu,4,536870912,ip,e_op_j,Ring/LL,RING/LL[0-7],99818.09999999999,43.19907246376812,False
reduce_scatter,4gpu,4,536870912,ip,e_op_j,Ring/LL128,RING/LL128[0-7],69323.83333333333,31.53462962962963,False
reduce_scatter,4gpu,4,536870912,ip,e_op_j,Ring/Simple,RING/SIMPLE[0-7],40870.9,18.126303571428576,True
reduce_scatter,4gpu,4,536870912,ip,e_op_j,Ring/auto,RING/SIMPLE[0-7],41347.0,18.336473684210528,False
reduce_scatter,4gpu,4,536870912,ip,e_op_j,auto/LL,RING/LL[0-7],113152.76666666666,48.86286956521739,False
reduce_scatter,4gpu,4,536870912,ip,e_op_j,auto/LL128,RING/LL128[0-7],65596.79999999999,29.997954954954952,False
reduce_scatter,4gpu,4,536870912,ip,e_op_j,auto/Simple,RING/SIMPLE[0-7],41135.86666666666,18.502145454545456,False
reduce_scatter,4gpu,4,536870912,ip,e_op_j,auto/auto,RING/SIMPLE[0-7],41287.59999999999,18.539051724137927,False
reduce_scatter,4gpu,4,536870912,ip,e_op_dyn_j,Ring/LL,RING/LL[0-7],99818.09999999999,32.97330027752099,False
reduce_scatter,4gpu,4,536870912,ip,e_op_dyn_j,Ring/LL128,RING/LL128[0-7],69323.83333333333,24.447441304446073,False
reduce_scatter,4gpu,4,536870912,ip,e_op_dyn_j,Ring/Simple,RING/SIMPLE[0-7],40870.9,13.942804548302867,True
reduce_scatter,4gpu,4,536870912,ip,e_op_dyn_j,Ring/auto,RING/SIMPLE[0-7],41347.0,14.103793627064391,False
reduce_scatter,4gpu,4,536870912,ip,e_op_dyn_j,auto/LL,RING/LL[0-7],113152.76666666666,37.28687193896889,False
reduce_scatter,4gpu,4,536870912,ip,e_op_dyn_j,auto/LL128,RING/LL128[0-7],65596.79999999999,23.286536113240462,False
reduce_scatter,4gpu,4,536870912,ip,e_op_dyn_j,auto/Simple,RING/SIMPLE[0-7],41135.86666666666,14.294386952685583,False
reduce_scatter,4gpu,4,536870912,ip,e_op_dyn_j,auto/auto,RING/SIMPLE[0-7],41287.59999999999,14.315093222073791,False
reduce_scatter,4gpu,4,536870912,oop,e_op_j,Ring/LL,RING/LL[0-7],98875.7,42.01685507246378,False
reduce_scatter,4gpu,4,536870912,oop,e_op_j,Ring/LL128,RING/LL128[0-7],69327.40000000001,31.061888888888888,False
reduce_scatter,4gpu,4,536870912,oop,e_op_j,Ring/Simple,RING/SIMPLE[0-7],40996.93333333333,18.122940476190475,True
reduce_scatter,4gpu,4,536870912,oop,e_op_j,Ring/auto,RING/SIMPLE[0-7],41320.73333333333,18.41162573099415,False
reduce_scatter,4gpu,4,536870912,oop,e_op_j,auto/LL,RING/LL[0-7],113301.86666666665,48.56672463768117,False
reduce_scatter,4gpu,4,536870912,oop,e_op_j,auto/LL128,RING/LL128[0-7],65674.9,29.549648648648645,False
reduce_scatter,4gpu,4,536870912,oop,e_op_j,auto/Simple,RING/SIMPLE[0-7],41262.066666666666,18.191436363636363,False
reduce_scatter,4gpu,4,536870912,oop,e_op_j,auto/auto,RING/SIMPLE[0-7],41473.799999999996,18.401045977011496,False
reduce_scatter,4gpu,4,536870912,oop,e_op_dyn_j,Ring/LL,RING/LL[0-7],98875.7,31.82385388047207,False
reduce_scatter,4gpu,4,536870912,oop,e_op_dyn_j,Ring/LL128,RING/LL128[0-7],69327.40000000001,23.92382086348231,False
reduce_scatter,4gpu,4,536870912,oop,e_op_dyn_j,Ring/Simple,RING/SIMPLE[0-7],40996.93333333333,13.892703758913536,True
reduce_scatter,4gpu,4,536870912,oop,e_op_dyn_j,Ring/auto,RING/SIMPLE[0-7],41320.73333333333,14.144892431130673,False
reduce_scatter,4gpu,4,536870912,oop,e_op_dyn_j,auto/LL,RING/LL[0-7],113301.86666666665,36.898649320044534,False
reduce_scatter,4gpu,4,536870912,oop,e_op_dyn_j,auto/LL128,RING/LL128[0-7],65674.9,22.792794790144285,False
reduce_scatter,4gpu,4,536870912,oop,e_op_dyn_j,auto/Simple,RING/SIMPLE[0-7],41262.066666666666,13.94246334978096,False
reduce_scatter,4gpu,4,536870912,oop,e_op_dyn_j,auto/auto,RING/SIMPLE[0-7],41473.799999999996,14.122608544098256,False
reduce_scatter,4gpu,4,1073741824,ip,e_op_j,Ring/LL,RING/LL[0-7],214750.0,94.28191666666667,False
reduce_scatter,4gpu,4,1073741824,ip,e_op_j,Ring/LL128,RING/LL128[0-7],135475.0,62.33915789473684,False
reduce_scatter,4gpu,4,1073741824,ip,e_op_j,Ring/Simple,RING/SIMPLE[0-7],81416.93333333333,36.59709195402299,True
reduce_scatter,4gpu,4,1073741824,ip,e_op_j,Ring/auto,RING/SIMPLE[0-7],89265.23333333334,39.47820689655173,False
reduce_scatter,4gpu,4,1073741824,ip,e_op_j,auto/LL,RING/LL[0-7],223278.66666666666,97.14755555555554,False
reduce_scatter,4gpu,4,1073741824,ip,e_op_j,auto/LL128,RING/LL128[0-7],128515.66666666667,59.314771929824566,False
reduce_scatter,4gpu,4,1073741824,ip,e_op_j,auto/Simple,RING/SIMPLE[0-7],88020.43333333333,39.005931034482764,False
reduce_scatter,4gpu,4,1073741824,ip,e_op_j,auto/auto,RING/SIMPLE[0-7],90290.83333333333,39.99232183908046,False
reduce_scatter,4gpu,4,1073741824,ip,e_op_dyn_j,Ring/LL,RING/LL[0-7],214750.0,72.33741288443862,False
reduce_scatter,4gpu,4,1073741824,ip,e_op_dyn_j,Ring/LL128,RING/LL128[0-7],135475.0,48.470666254156534,False
reduce_scatter,4gpu,4,1073741824,ip,e_op_dyn_j,Ring/Simple,RING/SIMPLE[0-7],81416.93333333333,28.26608982575715,True
reduce_scatter,4gpu,4,1073741824,ip,e_op_dyn_j,Ring/auto,RING/SIMPLE[0-7],89265.23333333334,30.347579664774333,False
reduce_scatter,4gpu,4,1073741824,ip,e_op_dyn_j,auto/LL,RING/LL[0-7],223278.66666666666,74.30884243385977,False
reduce_scatter,4gpu,4,1073741824,ip,e_op_dyn_j,auto/LL128,RING/LL128[0-7],128515.66666666667,46.173916393144225,False
reduce_scatter,4gpu,4,1073741824,ip,e_op_dyn_j,auto/Simple,RING/SIMPLE[0-7],88020.43333333333,30.005580316469125,False
reduce_scatter,4gpu,4,1073741824,ip,e_op_dyn_j,auto/auto,RING/SIMPLE[0-7],90290.83333333333,30.745915725272493,False
reduce_scatter,4gpu,4,1073741824,oop,e_op_j,Ring/LL,RING/LL[0-7],209103.66666666666,90.03072222222222,False
reduce_scatter,4gpu,4,1073741824,oop,e_op_j,Ring/LL128,RING/LL128[0-7],135587.99999999997,61.35115789473684,False
reduce_scatter,4gpu,4,1073741824,oop,e_op_j,Ring/Simple,RING/SIMPLE[0-7],81407.96666666667,36.174942528735635,True
reduce_scatter,4gpu,4,1073741824,oop,e_op_j,Ring/auto,RING/SIMPLE[0-7],89278.7,39.136229885057475,False
reduce_scatter,4gpu,4,1073741824,oop,e_op_j,auto/LL,RING/LL[0-7],224863.66666666666,96.88905555555556,False
reduce_scatter,4gpu,4,1073741824,oop,e_op_j,auto/LL128,RING/LL128[0-7],129034.33333333333,59.01145614035087,False
reduce_scatter,4gpu,4,1073741824,oop,e_op_j,auto/Simple,RING/SIMPLE[0-7],87952.93333333333,38.687977011494254,False
reduce_scatter,4gpu,4,1073741824,oop,e_op_j,auto/auto,RING/SIMPLE[0-7],90181.09999999999,39.996310344827585,False
reduce_scatter,4gpu,4,1073741824,oop,e_op_dyn_j,Ring/LL,RING/LL[0-7],209103.66666666666,68.42519096263801,False
reduce_scatter,4gpu,4,1073741824,oop,e_op_dyn_j,Ring/LL128,RING/LL128[0-7],135587.99999999997,47.38065412721833,False
reduce_scatter,4gpu,4,1073741824,oop,e_op_dyn_j,Ring/Simple,RING/SIMPLE[0-7],81407.96666666667,27.78310228599848,True
reduce_scatter,4gpu,4,1073741824,oop,e_op_dyn_j,Ring/auto,RING/SIMPLE[0-7],89278.7,29.934444632198886,False
reduce_scatter,4gpu,4,1073741824,oop,e_op_dyn_j,auto/LL,RING/LL[0-7],224863.66666666666,73.72511530164661,False
reduce_scatter,4gpu,4,1073741824,oop,e_op_dyn_j,auto/LL128,RING/LL128[0-7],129034.33333333333,45.721087590198096,False
reduce_scatter,4gpu,4,1073741824,oop,e_op_dyn_j,auto/Simple,RING/SIMPLE[0-7],87952.93333333333,29.621248676763035,False
reduce_scatter,4gpu,4,1073741824,oop,e_op_dyn_j,auto/auto,RING/SIMPLE[0-7],90181.09999999999,30.702959274388093,False
